# File generated by ImageToStl.com - Free Image and 3D model conversion tools

mtllib human-brain (1).mtl

o obj1
v -0.01643611 0.04460102 0.11146972
v -0.00218915 0.08385591 0.11535465
v -0.03107144 0.07338281 0.11910378
v 0.01143752 0.05635128 0.11328347
v -0.06081803 0.05492988 0.10099564
v -0.05374688 0.03709629 0.09699667
v -0.04975504 0.08360817 0.12150847
v -0.06886249 0.0662516 0.10644573
v -0.02475705 0.10962612 0.11847098
v -0.04449297 0.11756992 0.12211374
v -0.00469705 0.1123056 0.1145574
v -0.22227205 0.06554638 0.01220114
v -0.19394834 0.06467522 0.02891739
v -0.21560964 0.05091293 0.05338289
v -0.24423929 0.05983478 0.03098987
v -0.25975738 0.05057529 0.0717219
v -0.27443714 0.06637935 0.04802745
v -0.21415491 0.03485401 0.08464914
v -0.24971544 0.04109524 0.10106857
v -0.17519567 0.04648037 0.07893356
v -0.16960218 0.06023865 0.05723569
v -0.15618939 0.06604194 0.03425997
v 0.2437037 0.21169027 0.3935472
v 0.21398319 0.21184032 0.38482947
v 0.23327577 0.20039632 0.373404
v 0.23572433 0.22517019 0.40700946
v 0.26127519 0.20706867 0.36400352
v 0.26967536 0.22568 0.39116729
v 0.26489639 0.24890674 0.41244277
v -0.10038992 0.03189762 0.24293502
v -0.08196615 0.0360194 0.21980226
v -0.08956363 0.04802959 0.24723564
v -0.07645931 0.06189121 0.2343003
v -0.0896111 0.05679901 0.26667331
v -0.11032756 0.03673168 0.26890516
v -0.078976 0.08344518 0.25152931
v -0.16669359 0.3018403 0.53095748
v -0.12960321 0.26853303 0.52747977
v -0.13029123 0.30496581 0.52939017
v -0.17344596 0.27807735 0.5271905
v -0.15990784 0.33700385 0.50976554
v -0.18548532 0.32119209 0.50853244
v -0.20685899 0.29874603 0.50583152
v -0.26978378 0.11333559 -0.26905712
v -0.23890115 0.10239023 -0.30767125
v -0.23606355 0.07245399 -0.29499486
v -0.25981443 0.08525978 -0.25133453
v -0.27900468 0.1176913 -0.21534372
v -0.26379667 0.09851614 -0.21188442
v -0.28562242 0.1457451 -0.25994558
v -0.28934776 0.14408039 -0.21188806
v -0.25494199 0.13174713 -0.29266204
v -0.23082971 0.12987991 -0.31428254
v -0.26815587 0.15325378 -0.29622741
v 0.03205815 0.63273589 0.01107887
v 0.06663784 0.62622515 0.01377613
v 0.06718311 0.6214757 -0.02924156
v 0.04107829 0.62407477 -0.03510811
v 0.01034013 0.62174704 -0.00745888
v 0.01647563 0.61848971 -0.04069351
v 0.00310485 0.61593142 0.01454609
v 0.00702789 0.61885005 0.0327895
v 0.26833434 0.02011986 -0.04566165
v 0.28642473 0.01932899 -0.07553874
v 0.28721137 0.04042 -0.03820706
v 0.30199889 0.03569213 -0.07442812
v 0.29119722 0.04736458 -0.00664771
v 0.32707099 0.0487085 -0.04160752
v 0.32834594 0.05820793 -0.00873154
v 0.32792907 0.04547134 -0.07585815
v 0.10796304 0.05538994 0.06920905
v 0.1367571 0.06479835 0.05524874
v 0.13034553 0.05554195 0.07664395
v 0.11368726 0.06031551 0.04439783
v 0.17185773 0.04627437 0.08203719
v 0.13860065 0.04971069 0.0943905
v 0.17106506 0.05590088 0.06456706
v 0.17191919 0.05796875 0.05183372
v -0.32816795 0.11186008 -0.15579227
v -0.3376139 0.1311306 -0.15237039
v -0.3127258 0.12653927 -0.18385173
v -0.32747981 0.14842439 -0.17103197
v -0.34271381 0.16070213 -0.14199848
v -0.34777103 0.13397543 -0.12629059
v -0.33825465 0.10643644 -0.12112549
v -0.10514561 0.39012912 0.52734954
v -0.09628328 0.35846679 0.55024695
v -0.08310728 0.38458934 0.52678046
v -0.12064892 0.37541 0.52985526
v 0.21629199 0.030769 -0.28312101
v 0.23889013 0.01016613 -0.28507602
v 0.20939468 0.01924732 -0.29589675
v 0.23870992 0.02785904 -0.27506069
v 0.23318361 0.04624481 -0.27001531
v 0.20879941 0.04933658 -0.2841164
v 0.19861982 0.03552832 -0.30952308
v 0.26322751 0.300407 0.45288188
v 0.26334184 0.32297 0.4671432
v 0.24581933 0.29930007 0.48152713
v 0.24158668 0.2729926 0.45813521
v 0.28134904 0.30730256 0.42992419
v 0.272324 0.34758289 0.44175452
v 0.25442098 0.26824191 0.43299296
v 0.314864 0.27152534 0.27799259
v 0.32357394 0.29639976 0.28630145
v 0.31638511 0.28023166 0.29544309
v 0.32539283 0.29784486 0.27194759
v 0.31273628 0.30395568 0.31596141
v 0.32409148 0.31810401 0.29832616
v 0.33193427 0.32801677 0.2784226
v 0.0058842 -0.08266216 -0.03856196
v 0.02609346 -0.10981823 -0.02320548
v -0.00147676 -0.10299991 -0.01854191
v 0.0317293 -0.10035091 -0.03087892
v 0.01999791 -0.12713993 -0.01854104
v -0.00526394 -0.12513733 -0.01221698
v 0.01019189 0.17763286 0.13078734
v 0.01639691 0.16281236 0.1100225
v 0.02736715 0.17091421 0.13429656
v 0.03737794 0.16226959 0.12148813
v 0.03359391 0.18048254 0.14846349
v 0.0111163 0.19754568 0.14995683
v 0.04939162 0.16686052 0.14199421
v -0.0696678 -0.10709305 -0.02889714
v -0.05565658 -0.0917897 -0.00954501
v -0.07225141 -0.08718914 -0.01758617
v -0.04102366 -0.10416145 -0.02662806
v -0.05565658 -0.0917897 -0.00954501
v -0.03284135 -0.1114402 -0.02028438
v -0.05450961 -0.10462726 -0.00170671
v -0.04102366 -0.10416145 -0.02662806
v -0.017207 -0.09210468 -0.03039211
v -0.03928346 -0.1153804 -0.03855651
v -0.01808093 -0.09977203 -0.04304115
v -0.017207 -0.09210468 -0.03039211
v -0.00147676 -0.10299991 -0.01854191
v -0.06583446 -0.12199169 -0.04339322
v -0.1754235 0.57289397 0.12697281
v -0.19789154 0.56128684 0.1403569
v -0.1834823 0.5715029 0.15156238
v -0.2000513 0.5628575 0.12086364
v -0.2000959 0.56029082 0.16816608
v -0.21534952 0.55152724 0.14659561
v -0.2238166 0.54580596 0.12137184
v 0.14229888 -0.00456478 0.21301204
v 0.14647507 -0.01504223 0.19352829
v 0.16765352 -0.00085533 0.20742456
v 0.16427488 -0.01264526 0.18539033
v 0.11906328 -0.0042905 0.20762989
v 0.13453988 -0.02005775 0.18321685
v 0.15513939 -0.02040901 0.16311071
v 0.19303285 0.31481668 0.51191081
v 0.1743227 0.32556056 0.52013392
v 0.17234579 0.30244972 0.52947276
v 0.19839794 0.2972393 0.51554721
v 0.20209774 0.32870177 0.50168334
v 0.18312326 0.34898349 0.51235015
v 0.21623559 0.30716222 0.50026614
v -0.2346446 0.15769979 -0.31908117
v 0.22089666 -0.10470966 -0.05180251
v 0.19769271 -0.1065797 -0.04295666
v 0.19955177 -0.12354007 -0.06511761
v 0.23009378 -0.11139442 -0.07107317
v 0.23509155 -0.08300293 -0.04455315
v 0.25919387 -0.08887653 -0.06927706
v 0.20690397 -0.08309707 -0.02405117
v 0.00241636 0.18756647 0.22710578
v -0.01771772 0.19712534 0.20125679
v -0.00028889 0.19835577 0.19426851
v -0.01876765 0.17191806 0.2316497
v -0.04997389 -0.09401771 -0.30772323
v -0.04160871 -0.099263 -0.28564426
v -0.06516355 -0.09933716 -0.29900279
v -0.03190004 -0.08883278 -0.30268501
v -0.03151206 -0.07722751 -0.32137374
v -0.05720881 -0.08353351 -0.32176635
v -0.08440415 -0.08871914 -0.31588853
v 0.10221814 -0.10596042 -0.2836111
v 0.09758142 -0.11507126 -0.25093917
v 0.08768256 -0.10864337 -0.26797012
v 0.12393287 -0.11239025 -0.26292154
v 0.07085074 -0.11328029 -0.2469572
v 0.06822184 -0.10457763 -0.26973529
v 0.07772793 -0.09897201 -0.29422357
v 0.33215709 0.30594123 0.23640558
v 0.30810193 0.27396455 0.24069929
v 0.3224818 0.26920352 0.22248373
v 0.34285869 0.30738538 0.21610563
v 0.33755985 0.2827687 0.19102459
v 0.34907401 0.31089574 0.19073436
v 0.33247981 0.24269481 0.22072896
v 0.3467084 0.25924507 0.19731277
v 0.10734183 0.12613226 0.23532741
v 0.08592646 0.11425785 0.20808847
v 0.09880481 0.11030002 0.24231941
v 0.09420171 0.09472549 0.22393873
v 0.09850663 0.10592874 0.26340888
v 0.11166683 0.12921184 0.26558998
v 0.08885511 0.07729294 0.24715234
v 0.00890632 0.02090813 0.09233304
v 0.03625878 0.03368919 0.10499205
v 0.055901 0.0084816 0.07715496
v 0.04446925 -0.00469921 0.06785202
v 0.00824832 0.00186661 0.07456331
v 0.06902062 0.02317467 0.08431829
v 0.05017182 0.1353957 0.1719778
v 0.0453407 0.12526125 0.14904033
v 0.05026806 0.11585283 0.17280662
v 0.05077912 0.10190151 0.14926445
v 0.0665556 0.11695617 0.18565935
v 0.06363838 0.14213951 0.19186597
v 0.06945382 0.09614759 0.16419042
v -0.24829849 0.47826133 0.30718381
v -0.25928413 0.455101 0.3378416
v -0.23227138 0.47614638 0.33331001
v -0.26292404 0.45884803 0.31594205
v -0.27507427 0.47972602 0.28433931
v -0.28101428 0.45165832 0.30165164
v -0.28386699 0.43640834 0.32877921
v 0.0317293 -0.10035091 -0.03087892
v 0.05639531 -0.11595451 -0.03734756
v 0.05252022 -0.097985 -0.02308052
v 0.03389259 -0.10754848 -0.04348286
v 0.08844737 -0.09085132 -0.01497064
v 0.09153282 -0.11447643 -0.03209215
v 0.0567943 -0.06782623 -0.0044038
v 0.07820467 -0.06351585 -0.01293708
v 0.05252022 -0.097985 -0.02308052
v 0.0567943 -0.06782623 -0.0044038
v 0.0573723 -0.09275211 0.0076847
v 0.04556536 -0.10622528 -0.01193578
v -0.07671969 -0.11694763 -0.25134649
v -0.07359515 -0.12171261 -0.21174039
v -0.1016531 -0.12582084 -0.23425996
v -0.04166971 -0.1057381 -0.22633003
v -0.05760143 -0.10693374 -0.26865568
v -0.03044022 -0.09226925 -0.25237375
v -0.00152279 -0.07579876 -0.24331249
v -0.00248358 -0.08227688 -0.21757297
v -0.01775435 -0.09344425 -0.19006643
v -0.05295668 -0.11805568 -0.18563755
v -0.07927718 0.59464606 0.2804874
v -0.11117015 0.56468184 0.30948619
v -0.07663801 0.59103766 0.3164018
v -0.12471182 0.56570487 0.26675519
v -0.08112479 0.60999449 0.24715267
v -0.11783383 0.59540175 0.23932914
v -0.16304577 0.55067519 0.23064426
v -0.147043 0.5766268 0.21449958
v -0.14678848 0.54560534 0.31229228
v -0.16310102 0.53903464 0.27730802
v -0.19551652 0.53969371 0.24826223
v 0.31201862 0.17852594 -0.25560781
v 0.27632657 0.17218492 -0.28766589
v 0.27944364 0.2023063 -0.2887103
v 0.30537528 0.20884258 -0.26468711
v 0.31499347 0.21778194 -0.24181163
v 0.3198631 0.20689308 -0.22476099
v 0.29535831 0.14161945 -0.25827236
v 0.27488267 0.1400975 -0.28911632
v 0.33591525 0.16743972 -0.2229692
v 0.32047111 0.13583141 -0.2304037
v 0.33463027 0.19761421 -0.19989578
v 0.29193754 -0.00711758 -0.17314565
v 0.2879718 0.01278817 -0.14331331
v 0.28189554 -0.02052837 -0.14973823
v 0.28775188 0.01559338 -0.17001731
v 0.28145439 0.01950802 -0.19593597
v 0.28583158 -0.01004074 -0.19716821
v 0.27415588 -0.02804157 -0.18502584
v 0.34835426 0.18550142 0.20046056
v 0.37190162 0.17405216 0.15900006
v 0.35237949 0.21335502 0.18241502
v 0.36013862 0.20755445 0.14402486
v 0.37560145 0.1487243 0.14055922
v 0.34593261 0.13971595 0.19396902
v 0.36126968 0.11712097 0.17351547
v 0.3397105 0.15595934 0.22794977
v 0.37652324 0.18264291 0.09999292
v 0.37366908 0.15424661 0.0947452
v 0.36257434 0.20816801 0.09916803
v -0.02923764 0.17783117 0.37450603
v -0.05670814 0.1977915 0.37603358
v -0.037334 0.17607818 0.35529353
v -0.04300173 0.18498315 0.39751308
v -0.01785127 0.1731806 0.40938335
v -0.00535809 0.16676654 0.37243072
v -0.00956217 0.16526481 0.34211372
v 0.06589156 0.06895162 0.14767987
v 0.04008974 0.12154512 0.13173892
v 0.04396634 0.09936424 0.13498031
v 0.06448355 0.18309434 0.35924709
v 0.02289745 0.17046331 0.33206977
v 0.05265361 0.17154394 0.31983196
v 0.02718227 0.16667364 0.36883342
v 0.09505813 0.18484171 0.32770835
v 0.09972731 0.18976892 0.37842998
v 0.11962303 0.18821224 0.34920814
v 0.05336276 0.18355922 0.40235911
v 0.01870465 0.17254436 0.40804355
v 0.07918934 0.17333253 0.29994493
v 0.0058842 -0.08266216 -0.03856196
v 0.01027287 -0.08905906 -0.04725443
v 0.0058842 -0.08266216 -0.03856196
v 0.0002037 -0.08542438 -0.04878055
v 0.19948316 0.21130197 0.3513391
v 0.16130125 0.20994861 0.336617
v 0.18195264 0.19281719 0.32148154
v 0.17975229 0.22314739 0.36506114
v 0.2123357 0.19090063 0.31671888
v 0.22046632 0.19747177 0.34230891
v 0.21016855 0.17566907 0.30109185
v 0.18513277 0.16592249 0.30518417
v 0.16022037 0.15686279 0.29447297
v 0.15269465 0.17578651 0.30916763
v 0.13790532 0.18768255 0.32386146
v -0.11277675 0.33163154 0.54474055
v -0.14152318 0.35614162 0.51891627
v -0.08145293 0.28423824 0.53491172
v -0.08514253 0.2475296 0.53185824
v -0.07379806 0.31443656 0.5435422
v -0.01485809 0.17070722 0.30994952
v -0.05200432 0.17411502 0.29877445
v -0.02099289 0.17203756 0.29148908
v -0.04557152 0.17640216 0.32928645
v 0.01387348 0.17065059 0.29840904
v 0.00179751 0.17481699 0.26548999
v -0.02990285 0.16557388 0.2611169
v -0.3137198 0.40067363 0.24785398
v -0.29863176 0.43881698 0.27456642
v -0.31255235 0.42957694 0.23716127
v -0.31188211 0.41377669 0.30408815
v -0.33760967 0.37874618 0.25492525
v -0.31822875 0.37997771 0.30239305
v -0.29876512 0.40076716 0.35350425
v -0.30749128 0.36972369 0.34535217
v -0.27213176 0.42419848 0.36125022
v -0.1941448 0.01507999 0.1590065
v -0.17788112 0.01586895 0.18908205
v -0.20724039 0.01259964 0.17604221
v -0.17324676 0.01224041 0.15898945
v -0.17643138 0.01815205 0.12933219
v -0.20257553 0.02456654 0.14137718
v -0.23138084 0.01820038 0.15818686
v -0.33757693 0.29057445 0.16164074
v -0.32270515 0.2796252 0.18102022
v -0.34365306 0.3035062 0.17913839
v -0.33268623 0.30268867 0.19699083
v -0.35419055 0.31851733 0.17861629
v -0.33555618 0.32769386 0.20279783
v -0.35584979 0.30547729 0.15144117
v 0.1403479 0.05320774 0.03638735
v 0.14646381 0.0586676 0.04378644
v 0.04785007 -0.19608238 0.05135031
v 0.03052877 -0.19831821 0.06245901
v 0.0465357 -0.21516654 0.04219885
v 0.03090461 -0.22058666 0.05022375
v 0.04853628 -0.21093616 0.02406559
v 0.05411424 -0.19155155 0.03261059
v 0.0465357 -0.21516654 0.04219885
v 0.03090461 -0.22058666 0.05022375
v 0.0295854 -0.21503818 0.02328886
v 0.04853628 -0.21093616 0.02406559
v 0.24287475 0.04624267 0.26245906
v 0.21313251 0.05757912 0.27009437
v 0.20988004 0.04269157 0.26101968
v 0.23620111 0.06500728 0.27690849
v 0.2211679 0.08048817 0.29630319
v 0.19621629 0.07266413 0.27367788
v 0.1818589 0.04891464 0.26899564
v -0.31231069 0.17420778 -0.20275999
v -0.3289519 0.19049736 -0.15941545
v -0.32838569 0.2238705 -0.17541921
v -0.3054195 0.2162236 -0.20938631
v -0.06511328 -0.00023632 0.05010197
v -0.06744589 -0.01880951 0.00728569
v -0.04715452 -0.01321938 0.04174665
v -0.09910561 -0.0072942 0.01416097
v -0.10963856 0.02053604 0.02961484
v -0.08013144 0.0217783 0.06319386
v -0.14069618 -0.00456684 -0.00145009
v -0.1162422 -0.04419022 -0.00552509
v -0.14961928 -0.03908977 -0.00891971
v -0.08712474 -0.04998112 -0.013447
v -0.1429679 0.02390472 0.01477472
v 0.31286184 0.24023002 -0.23420696
v 0.31813058 0.23636173 -0.20499485
v 0.30295236 0.23871307 -0.26455261
v -0.01128022 0.62229712 0.09304878
v 0.01116727 0.61642329 0.09439323
v 0.01159175 0.61453742 0.06348968
v -0.01736059 0.6189445 0.06954918
v -0.02800801 0.62464858 0.11824756
v 0.00419246 0.61344054 0.12651317
v -0.04189029 0.63032393 0.07897098
v -0.25088397 0.07582456 -0.17869768
v -0.26787443 0.06101467 -0.16106567
v -0.26283748 0.07172862 -0.15623151
v -0.26937425 0.05949314 -0.18068458
v -0.27284639 0.05308993 -0.1433139
v -0.27042697 0.06668834 -0.13207002
v 0.25766853 -0.02139206 -0.21605508
v 0.27522731 -0.00353298 -0.22588764
v -0.01826362 0.62364073 0.01596832
v -0.02188676 0.61340262 0.04077042
v -0.01186764 0.62461096 -0.01475983
v 0.09610014 0.02521336 0.17868583
v 0.09171959 0.05043018 0.1731405
v 0.10912206 0.03063808 0.15880619
v 0.10772046 0.04630318 0.15273386
v 0.12136192 0.02261791 0.14079546
v 0.11245258 0.00197967 0.15098094
v 0.12301348 0.04214516 0.13108448
v -0.17668766 0.48711959 -0.23097839
v -0.17381319 0.46549575 -0.25411868
v -0.1915933 0.46979907 -0.23701385
v -0.16031154 0.4869152 -0.23717437
v -0.18080961 0.49325812 -0.21212074
v -0.20418558 0.47451743 -0.21477729
v -0.15997887 0.5051438 -0.2177222
v 0.04170063 0.49710437 0.47696799
v 0.01510403 0.49262908 0.47684428
v 0.04358917 0.46506892 0.50581523
v 0.0109858 0.45895472 0.50113803
v 0.07577071 0.44744986 0.51884158
v 0.06532595 0.47728835 0.48833739
v 0.08811125 0.4670589 0.49294982
v 0.06596908 0.49034255 0.46369662
v -0.04922608 -0.20952545 0.02530075
v -0.05337874 -0.19246738 0.02919407
v -0.04206502 -0.20573135 0.00982885
v -0.04626756 -0.18991073 0.00703203
v -0.04206502 -0.20573135 0.00982885
v -0.03056323 -0.21520568 0.02618151
v -0.04922608 -0.20952545 0.02530075
v -0.03033011 -0.20644321 0.00179779
v -0.03187832 -0.19151554 -0.00846069
v -0.03033011 -0.20644321 0.00179779
v 0.22437118 -0.01296677 -0.28100728
v 0.18767797 0.00311928 -0.30512586
v 0.2123517 -0.02948261 -0.27151571
v 0.17908798 -0.01870705 -0.29695825
v 0.14279582 0.01165256 -0.31203864
v 0.14295973 -0.00963425 -0.31124984
v 0.17988962 0.02231426 -0.32600867
v -0.04147587 0.42922042 -0.32693843
v -0.01482828 0.39502601 -0.332495
v -0.03805393 0.3911478 -0.34356654
v -0.06468118 0.41122245 -0.34364566
v -0.09227996 0.44268786 -0.324398
v -0.10305471 0.41940253 -0.34255634
v -0.07822833 0.46809512 -0.30627181
v -0.04144091 0.46484492 -0.31093284
v -0.05263813 -0.13732437 -0.09565351
v -0.04510497 -0.13125354 -0.12571521
v -0.03562766 -0.13298752 -0.09950681
v -0.06620627 -0.13700954 -0.11212598
v -0.08203427 -0.13639221 -0.09337047
v -0.05753487 -0.1364759 -0.07968673
v -0.03393181 -0.13102699 -0.07593753
v -0.07061626 0.15129865 0.19539886
v -0.057671 0.11827251 0.1625122
v -0.05074254 0.15135223 0.16547912
v -0.06962375 0.11459905 0.19538423
v -0.08583196 0.12963104 0.22685405
v -0.09195745 0.15632061 0.22288625
v -0.07905596 0.10824602 0.23781137
v -0.06423468 0.08505384 0.21723152
v -0.12683978 0.11451763 0.29319961
v -0.12242097 0.09011598 0.29648612
v -0.11337241 0.1063451 0.28164007
v -0.13892337 0.10898132 0.30842891
v -0.14997125 0.13067217 0.31347829
v -0.13234202 0.12926313 0.29342361
v -0.11751433 0.12399481 0.27292899
v -0.00558432 -0.06153866 -0.31581565
v -0.01738458 -0.05404522 -0.32882682
v -0.0375532 -0.05975689 -0.33272289
v -0.01371047 -0.03793285 -0.33171077
v 0.0001264 -0.0362524 -0.32729732
v -0.03991505 -0.03914822 -0.33411849
v -0.04232797 0.20188119 0.49857322
v -0.08968639 0.21304491 0.47434977
v -0.04293185 0.18795044 0.45283942
v -0.087302 0.22162601 0.50859576
v -0.00140536 0.19338275 0.48638755
v 0.00616888 0.18115539 0.44819343
v -0.01785127 0.1731806 0.40938335
v 0.01870465 0.17254436 0.40804355
v -0.06249505 0.20821157 0.42525744
v -0.04300173 0.18498315 0.39751308
v 0.14281041 0.23846675 0.4650814
v 0.1560505 0.24713687 0.48747393
v 0.13147494 0.23803901 0.47915549
v 0.13411938 0.24550268 0.4992937
v 0.1142 0.23037693 0.47770453
v 0.12109937 0.23089555 0.45154406
v 0.11071692 0.23704074 0.50769179
v 0.17550512 0.09084759 0.28872844
v 0.18596195 0.13401058 0.31988496
v 0.15159739 0.11874819 0.3075073
v 0.19935524 0.10153337 0.31214593
v 0.16022037 0.15686279 0.29447297
v 0.18513277 0.16592249 0.30518417
v 0.11079624 0.09791614 0.28679246
v 0.1286131 0.12675939 0.28731702
v 0.1408572 0.15327155 0.28363437
v -0.04905536 -0.19519317 0.05020489
v -0.04772463 -0.21166187 0.04416637
v -0.03190365 -0.19821659 0.06239929
v -0.03328083 -0.21964656 0.05292457
v -0.04772463 -0.21166187 0.04416637
v -0.03328083 -0.21964656 0.05292457
v -0.06102829 0.6106658 0.12436954
v -0.07273017 0.62725844 0.08738457
v -0.03036458 0.6221987 0.16743991
v 0.00051928 0.60860755 0.16395733
v -0.06305693 0.61863707 0.16567405
v -0.26251584 0.31510543 0.46016368
v -0.23625526 0.32118484 0.49719764
v -0.25214551 0.34436263 0.47925425
v -0.23013816 0.28066242 0.46660697
v -0.27463294 0.26976055 0.43261222
v -0.24208646 0.25423532 0.43026275
v -0.20029285 0.26887164 0.48872104
v 0.0491995 -0.18697116 0.01028559
v 0.03043159 -0.20637199 -0.00018133
v 0.03472659 -0.1892097 -0.00815807
v 0.04385225 -0.20464817 0.00940374
v 0.04385225 -0.20464817 0.00940374
v 0.03043159 -0.20637199 -0.00018133
v -0.04974934 0.42099166 0.52794108
v -0.05376969 0.37776992 0.53362479
v -0.08394111 0.43100341 0.51902274
v -0.06392035 0.4692464 0.51033686
v -0.03590476 0.46021102 0.51229285
v -0.11566723 0.41863654 0.52291762
v -0.10654915 0.46445075 0.49267394
v -0.13366958 0.45104735 0.49768065
v -0.08525011 0.48706874 0.49014163
v 0.08374057 0.1425188 0.21012989
v 0.11334574 0.14804701 0.23143077
v 0.0821224 0.08712486 0.18245014
v 0.12993136 -0.07606579 -0.01418628
v 0.16796692 -0.09937584 -0.03890511
v 0.17386741 -0.08010341 -0.01721925
v 0.13055872 -0.10441719 -0.03377689
v 0.11951926 -0.03515411 0.00654096
v 0.1016861 -0.04942562 -0.00618266
v 0.1508612 -0.05116897 -0.00273936
v 0.18364666 -0.0564645 -0.00777916
v -0.02068364 0.13247448 0.11270482
v -0.00756999 0.16206157 0.10769938
v -0.0339365 0.14567968 0.11015138
v -0.00509995 0.13747663 0.10737286
v 0.0077631 -0.05661247 -0.30881042
v 0.01221917 -0.0356086 -0.31773435
v 0.01721873 -0.05358028 -0.31346074
v 0.02446535 -0.03484474 -0.3237553
v 0.00248681 -0.06923946 -0.28959134
v 0.35046096 0.24027683 0.19667251
v 0.33879977 0.22346591 0.20846048
v 0.35820281 0.23718715 0.17357671
v 0.35404998 0.26202985 0.16804321
v 0.09628392 0.48453177 0.46592788
v -0.3579552 0.14806654 0.04060831
v -0.34965495 0.13028364 -0.00434672
v -0.34115913 0.12036365 0.04008889
v -0.36014423 0.1726431 -0.01011953
v -0.35051032 0.13651451 -0.04884493
v -0.35382049 0.17254518 -0.06119863
v -0.36711661 0.1978309 0.01704334
v -0.36296481 0.17303697 0.05426795
v -0.16040361 0.24511333 0.48281707
v -0.1359234 0.24107765 0.4522306
v -0.127686 0.23913545 0.47792838
v -0.17274614 0.25127811 0.4652027
v -0.17329444 0.25624847 0.50733584
v -0.1281738 0.24421905 0.51107608
v 0.07933401 0.047318 0.21633394
v 0.07463731 0.06690676 0.20060447
v 0.11793609 -0.01723797 0.16676082
v 0.10272371 0.00419685 0.19799943
v 0.09067474 0.02822231 0.23200769
v 0.34204391 0.42152762 -0.07803249
v 0.33179012 0.43356914 -0.0687125
v 0.34466682 0.41389297 -0.05695869
v 0.33605045 0.43763312 -0.05381271
v 0.32246097 0.45025069 -0.08256534
v 0.31574516 0.45794738 -0.0629816
v -0.05925032 0.17981905 0.20284688
v -0.03568458 0.17646513 0.21795734
v -0.03356841 0.19032861 0.16477108
v -0.05074254 0.15135223 0.16547912
v -0.02692523 0.17012794 0.13317948
v -0.04486907 0.1534007 0.12765168
v -0.07061626 0.15129865 0.19539886
v 0.22457342 -0.0095385 0.12647035
v 0.19876707 -0.01718121 0.12905657
v 0.21071428 -0.0015551 0.11271491
v 0.1902494 -0.00325059 0.11187572
v 0.22069129 0.00991104 0.10655212
v 0.24631883 0.00197491 0.11998973
v 0.19326389 0.01214149 0.10026781
v -0.0450616 0.37590598 -0.37242892
v -0.07555765 0.3764825 -0.3796712
v -0.05179424 0.39127463 -0.36039981
v -0.07564872 0.39738559 -0.36343257
v -0.01956591 0.36862521 -0.35451137
v -0.27467456 -0.04020653 -0.15013728
v -0.24978292 -0.06423332 -0.14724776
v -0.25313733 -0.06001762 -0.12659746
v -0.27068717 -0.04244148 -0.12111376
v -0.24314922 -0.08940101 -0.13589237
v -0.25099761 -0.0732325 -0.11103757
v -0.26030504 -0.04646706 -0.09506004
v -0.03972947 0.52170966 0.46002501
v -0.06807957 0.50312522 0.48348323
v -0.04820476 0.49941932 0.48934295
v -0.06900506 0.5191989 0.45950423
v -0.09607027 0.50512965 0.45829364
v -0.06741423 0.53462821 0.42217578
v -0.09678882 0.52312186 0.42110938
v -0.1213273 0.4896781 0.45917613
v -0.12470119 0.50791491 0.42099429
v -0.14700414 0.47614043 0.46249507
v -0.15341173 0.49409392 0.4233192
v -0.17263885 0.46089656 0.46480727
v -0.18098678 0.47958957 0.42629268
v -0.16059272 0.43660949 0.49867343
v -0.14341773 0.40627887 0.52498435
v -0.19408886 0.43926284 0.46036059
v -0.18492426 0.41689738 0.49460975
v -0.16748527 0.38809363 0.5145156
v -0.20851408 0.3959167 0.48966136
v -0.19146261 0.36847087 0.50832827
v -0.21503513 0.34620464 0.50546408
v -0.22984001 0.37159057 0.48328593
v -0.24478662 0.3966804 0.46037139
v -0.22111513 0.42083285 0.46126864
v -0.26537671 0.36656119 0.4553506
v -0.27900482 0.38263244 0.42833575
v -0.25615158 0.41215777 0.43003562
v -0.27840131 0.33138633 0.4401065
v -0.2870226 0.34622821 0.41370811
v -0.27947519 0.28994138 0.41223014
v -0.28288726 0.31108047 0.3869015
v -0.28904567 0.25745893 0.37910873
v -0.30450063 0.27878673 0.36211715
v -0.27821758 0.23426891 0.39262797
v -0.27299665 0.21486276 0.3545457
v -0.29314027 0.23012477 0.34521545
v -0.24767448 0.20639604 0.36163703
v -0.25434341 0.22497098 0.39926238
v -0.22047475 0.22444875 0.39373401
v -0.21697946 0.21046463 0.36613399
v -0.20845624 0.23591072 0.42026786
v -0.17755409 0.22722974 0.37881576
v -0.16566808 0.22974866 0.40395637
v -0.19303731 0.24291356 0.44820662
v -0.14999338 0.23358276 0.42696116
v -0.11207605 0.22544818 0.41857242
v -0.12906743 0.22064079 0.3936003
v -0.09733861 0.21871892 0.44893031
v -0.08220109 0.20965677 0.40259547
v -0.10032858 0.20461301 0.37958491
v -0.05670814 0.1977915 0.37603358
v -0.07280131 0.20018253 0.35105083
v -0.11357156 0.20291612 0.35528022
v -0.08587987 0.19044586 0.32976623
v -0.08587987 0.19044586 0.32976623
v -0.07280131 0.20018253 0.35105083
v -0.12449473 0.19102682 0.33239284
v -0.09994953 0.1859456 0.3065998
v -0.09994953 0.1859456 0.3065998
v -0.07628266 0.16925611 0.27994462
v -0.11063094 0.1713315 0.29234453
v -0.09169541 0.16496027 0.2654573
v -0.05666057 0.16292915 0.24930318
v -0.07752234 0.16558265 0.23485736
v -0.10446578 0.15764074 0.25323186
v -0.09195745 0.15632061 0.22288625
v -0.11784427 0.15809978 0.2808641
v -0.12544848 0.14354864 0.26913425
v -0.10446578 0.15764074 0.25323186
v -0.11100312 0.13817636 0.24593404
v -0.11784427 0.15809978 0.2808641
v -0.10270983 0.11744873 0.25389581
v -0.09502514 0.09589565 0.26916183
v -0.10185562 0.07161609 0.28495565
v -0.12347792 0.05142269 0.2901168
v -0.14104433 0.07369085 0.3095967
v -0.16578575 0.05906151 0.30937452
v -0.14830839 0.03723133 0.28896776
v -0.15975032 0.10062275 0.32488509
v -0.18903062 0.09207622 0.32706187
v -0.20940927 0.08906364 0.31469484
v -0.19149728 0.05913326 0.29914136
v -0.20493429 0.13237329 0.32627906
v -0.17461242 0.13066131 0.32699104
v -0.22675134 0.12618784 0.31570033
v -0.24458522 0.1239336 0.29424056
v -0.22749229 0.09263149 0.29057525
v -0.21341415 0.16405635 0.31789848
v -0.2410827 0.15958944 0.3203976
v -0.25993596 0.15549881 0.30298827
v -0.27290391 0.16140079 0.28000257
v -0.26232923 0.12930565 0.27088359
v -0.25731872 0.18780881 0.303782
v -0.23390003 0.18843504 0.31177913
v -0.27772687 0.19224985 0.29210952
v -0.28430311 0.1717576 0.25839151
v -0.29438096 0.20232111 0.27722904
v -0.27684694 0.21613166 0.31110826
v -0.26252511 0.20295917 0.32418266
v -0.28233009 0.23372093 0.29624839
v -0.30982991 0.21330087 0.2619535
v -0.29427524 0.2482814 0.28022937
v -0.30191192 0.25087619 0.32962951
v -0.30668094 0.26867317 0.30882217
v -0.31641124 0.28261978 0.28340579
v -0.3061091 0.2587816 0.26070104
v -0.31307283 0.29635131 0.33640903
v -0.32267791 0.30912372 0.30601833
v -0.31631223 0.32075595 0.27049497
v -0.31382486 0.29608959 0.25343048
v -0.31841869 0.33861552 0.32704673
v -0.30288322 0.32643844 0.36206317
v -0.32591975 0.34752612 0.28860475
v -0.33772552 0.34994445 0.24832069
v -0.33098582 0.32485278 0.23752931
v -0.31938308 0.3017628 0.22355644
v -0.34032191 0.350022 0.207136
v -0.34251384 0.37609691 0.20715108
v -0.35842551 0.36939578 0.16885093
v -0.36058288 0.34491382 0.17305938
v -0.36343398 0.35323253 0.13083425
v -0.36551982 0.32828994 0.13858528
v -0.36479976 0.33436946 0.09714863
v -0.35969218 0.30880313 0.10909221
v -0.35703944 0.28616849 0.12573852
v -0.37108523 0.28805316 0.08316255
v -0.37177348 0.26345378 0.103558
v -0.3501216 0.26739906 0.14551758
v -0.35552039 0.24403694 0.12363004
v -0.34085784 0.22895967 0.14715418
v -0.33307426 0.25417037 0.1659436
v -0.32285373 0.21754301 0.17161846
v -0.31602573 0.24537895 0.18944088
v -0.3130519 0.27330737 0.20754049
v -0.32099834 0.23617755 0.21952713
v -0.30925115 0.26758891 0.23599801
v -0.32030681 0.22499139 0.24336925
v -0.31500839 0.19349119 0.22155256
v -0.31428136 0.2073109 0.19723487
v -0.30274564 0.18108604 0.24174758
v -0.30367616 0.14812465 0.23212369
v -0.31904308 0.1617674 0.20951328
v -0.28985305 0.13476295 0.25610904
v -0.2803289 0.10337081 0.24805473
v -0.29798452 0.11653175 0.22289945
v -0.2550567 0.09611919 0.269985
v -0.24270252 0.07020603 0.26075378
v -0.26965089 0.0752182 0.23870439
v -0.21585302 0.06615761 0.28058091
v -0.2260333 0.05097752 0.24536729
v -0.20035385 0.04554783 0.263171
v -0.17727586 0.03246853 0.28325956
v -0.18776584 0.01947773 0.24737432
v -0.16123968 0.01436939 0.260445
v -0.13301723 0.01873741 0.26881879
v -0.14224027 0.00500095 0.23246002
v -0.11673658 0.01268295 0.23790447
v -0.12658165 0.00218506 0.19655475
v -0.10132155 0.01787312 0.2026819
v -0.09648533 0.03266773 0.17214193
v -0.11639726 0.01297482 0.15698219
v -0.0726345 0.05402637 0.19413991
v -0.07248815 0.07452587 0.17349672
v -0.09682128 0.05217464 0.15044648
v -0.05725224 0.07457079 0.15492737
v -0.08393276 0.05744476 0.1333064
v -0.05242923 0.07734808 0.13702367
v -0.0742304 0.05971115 0.11987506
v -0.05098213 0.12049612 0.13791571
v -0.04975504 0.08360817 0.12150847
v -0.04449297 0.11756992 0.12211374
v -0.04486907 0.1534007 0.12765168
v -0.06886249 0.0662516 0.10644573
v -0.10606678 0.05854923 0.09599267
v -0.09599726 0.06444069 0.0848135
v -0.11887217 0.05315071 0.10948908
v -0.1480801 0.04651119 0.10346977
v -0.14075744 0.05931034 0.08452182
v -0.12202412 0.03665623 0.12760774
v -0.14868992 0.02291676 0.1185059
v -0.17776336 0.02858505 0.10216379
v -0.14351649 0.00621807 0.15758305
v -0.15527509 0.0074086 0.19128347
v -0.17084123 0.00727955 0.22062639
v -0.19321579 0.01811413 0.21055711
v -0.22367603 0.01742538 0.19769434
v -0.21127145 0.02923798 0.23087209
v -0.24131082 0.02900112 0.21516534
v -0.25231002 0.02251568 0.175764
v -0.2688175 0.03596477 0.18866384
v -0.25693529 0.05035965 0.22714961
v -0.28236682 0.05833622 0.201469
v -0.29830621 0.07321653 0.17246067
v -0.28902871 0.04785015 0.15810887
v -0.29155168 0.08617567 0.21326972
v -0.31086643 0.09916645 0.18827367
v -0.30497251 0.09367965 0.1451405
v -0.32280376 0.11647386 0.16244188
v -0.30805059 0.13314914 0.1962276
v -0.32171489 0.14840908 0.17085657
v -0.33732639 0.13243622 0.13544916
v -0.34232219 0.16127845 0.14386089
v -0.32222602 0.17728826 0.18241407
v -0.32938674 0.1904166 0.15402133
v -0.34471046 0.20345029 0.12615872
v -0.35440921 0.17630125 0.11022295
v -0.36007426 0.14877937 0.09915365
v -0.36137733 0.19627899 0.07571101
v -0.3492934 0.22178764 0.09657295
v -0.37134917 0.24208925 0.07410267
v -0.35826728 0.22204784 0.04420879
v -0.37072436 0.2501316 0.02002018
v -0.37028735 0.23189599 -0.01154663
v -0.37857295 0.26843025 0.05345814
v -0.37348476 0.29680169 0.03536585
v -0.37105285 0.28055793 0.001653
v -0.36645312 0.31469039 0.0662652
v -0.36941192 0.34342193 0.05287418
v -0.35251144 0.32375221 0.02210602
v -0.3672261 0.36155379 0.08769398
v -0.35785129 0.38759852 0.08081564
v -0.359766 0.37178855 0.0448016
v -0.35568404 0.37735194 0.12434532
v -0.34387229 0.40022704 0.11862846
v -0.32804073 0.42212195 0.11268038
v -0.33963378 0.41131637 0.07653984
v -0.35376472 0.39414371 0.16431409
v -0.34532569 0.41850677 0.15848041
v -0.33044368 0.44070689 0.15097484
v -0.31331701 0.46250976 0.14299072
v -0.32111552 0.45109183 0.10652382
v -0.30938638 0.44289641 0.18810072
v -0.32030025 0.41983718 0.19752512
v -0.29398158 0.46481189 0.17777801
v -0.27509437 0.48514346 0.16798311
v -0.28952497 0.47944266 0.13420742
v -0.28435602 0.47651835 0.2113993
v -0.30521814 0.45576739 0.22545537
v -0.2638186 0.49781916 0.20039339
v -0.24253635 0.5213433 0.19068454
v -0.25723821 0.50765067 0.16019355
v -0.24872627 0.51234034 0.23031391
v -0.27452735 0.49308612 0.24261814
v -0.22648468 0.53784533 0.22105573
v -0.20309268 0.55911696 0.20844261
v -0.22141695 0.54341574 0.1805685
v -0.22191555 0.51677542 0.2583506
v -0.25173412 0.50190486 0.27063938
v -0.2255462 0.50201693 0.29690082
v -0.19491605 0.51726447 0.28666944
v -0.20513401 0.50106101 0.32581756
v -0.17791509 0.52407481 0.31865146
v -0.16566002 0.52254607 0.35317607
v -0.13933531 0.54788546 0.35207118
v -0.19749622 0.505479 0.36003375
v -0.18754449 0.49552626 0.39130378
v -0.1587674 0.51511596 0.38922454
v -0.22219831 0.47776965 0.36352191
v -0.21685421 0.47476058 0.39574607
v -0.20609317 0.46047839 0.42763495
v -0.24686794 0.44848796 0.36499747
v -0.23989162 0.44565249 0.39667178
v -0.22992717 0.43644351 0.42759574
v -0.26540742 0.41854999 0.39710471
v -0.2868848 0.38965488 0.39427898
v -0.29061027 0.35669582 0.3798883
v -0.12909074 0.53118567 0.38700259
v -0.10052395 0.54872306 0.38706634
v -0.10561212 0.56069659 0.34842994
v -0.07388679 0.58354392 0.35328948
v -0.07113155 0.5645658 0.39077724
v -0.03857424 0.59156539 0.35561904
v -0.0391 0.57083525 0.39262645
v -0.03851417 0.60115569 0.31703862
v -0.01117052 0.57902342 0.35085982
v -0.0088035 0.58885901 0.31579471
v -0.0117383 0.59504778 0.27776166
v -0.0398189 0.60069113 0.27944553
v -0.04005175 0.61574561 0.24571971
v -0.00955875 0.59776618 0.23878627
v -0.03378697 0.62293646 0.20831478
v -0.00284869 0.6083943 0.2028564
v -0.06826893 0.61381415 0.20771705
v -0.0938308 0.60779494 0.16384533
v -0.09967289 0.59987586 0.20152126
v -0.13416621 0.5952542 0.18714141
v -0.12207817 0.5950759 0.15301571
v -0.16359747 0.59047202 0.16953636
v -0.15445177 0.59278876 0.13806034
v -0.18167112 0.57708945 0.19169521
v -0.12021915 0.59518828 0.11450302
v -0.14663903 0.58329688 0.10516784
v -0.17279163 0.57063887 0.09843857
v -0.14813055 0.58591879 0.07056522
v -0.17136839 0.56498053 0.06538563
v -0.19642181 0.55418677 0.09403984
v -0.20246885 0.55667586 0.0656398
v -0.22320543 0.53476203 0.09371776
v -0.22673709 0.53332701 0.06483974
v -0.25647464 0.52309294 0.09479114
v -0.25969943 0.51924201 0.06525181
v -0.24796276 0.52427878 0.12400627
v -0.27015247 0.50199447 0.12803035
v -0.28050033 0.49913001 0.09682434
v -0.23695898 0.53302962 0.15340458
v -0.30244855 0.47509543 0.10090336
v -0.28770402 0.49741996 0.06621094
v -0.30620651 0.46728599 0.06876026
v -0.32218215 0.43763019 0.07283207
v -0.30300182 0.45759139 0.03863064
v -0.3229066 0.42834941 0.04133564
v -0.33806098 0.39751308 0.04253548
v -0.33578521 0.42949271 0.00973812
v -0.34305347 0.39279922 0.00960777
v -0.35072879 0.35739146 0.01269623
v -0.33676173 0.38375285 -0.02118656
v -0.3375312 0.34374129 -0.01733883
v -0.35470302 0.31098537 -0.01014551
v -0.34925319 0.33677268 -0.04972786
v -0.35692168 0.30018516 -0.04377663
v -0.36248153 0.26519205 -0.0320528
v -0.35248145 0.2897338 -0.07640053
v -0.35403293 0.25220748 -0.06457279
v -0.36865897 0.21572036 -0.04367502
v -0.36027229 0.20881029 -0.0839411
v -0.34274806 0.24421215 -0.09885921
v -0.3500455 0.20129339 -0.1235111
v -0.3391727 0.23552021 -0.13717262
v -0.35257316 0.16813778 -0.10474697
v -0.34946403 0.13706679 -0.0901848
v -0.34227699 0.10692144 -0.08316837
v -0.33910472 0.10588733 -0.04188054
v -0.32028838 0.08925591 -0.08291721
v -0.3142411 0.09026876 -0.04345471
v -0.33113101 0.09870373 -0.00046831
v -0.30409539 0.08390102 -0.00632567
v -0.31834434 0.09369947 0.03599382
v -0.28703525 0.07913412 0.02467633
v -0.3036742 0.08487463 0.06367006
v -0.33395747 0.10371763 0.07742804
v -0.31006725 0.08849289 0.10389781
v -0.29502113 0.06140888 0.08607432
v -0.34951591 0.1258694 0.08910325
v -0.3244921 0.10893394 0.12092635
v -0.30225637 0.063153 0.12796032
v -0.28414268 0.04391739 0.11361366
v -0.26968992 0.03534855 0.14502663
v -0.24242433 0.03439354 0.13337842
v -0.21055896 0.02790684 0.1143432
v -0.26115396 0.07191059 0.00914129
v -0.27768213 0.07844549 -0.01892215
v -0.24214055 0.0688077 -0.0104729
v -0.26202039 0.06873009 -0.03400459
v -0.22795263 0.05781151 -0.02225055
v -0.24477437 0.06257961 -0.04748969
v -0.2090497 0.05177631 0.00021753
v -0.2090497 0.05177631 0.00021753
v -0.22934625 0.03464607 -0.02491203
v -0.20723613 0.02671432 -0.00529716
v -0.22795263 0.05781151 -0.02225055
v -0.18397811 0.0459745 0.01755076
v -0.17945688 0.02111107 0.0110386
v -0.18397811 0.0459745 0.01755076
v -0.14920057 0.04676769 0.02472853
v -0.14920057 0.04676769 0.02472853
v -0.11240485 0.04844192 0.0350175
v -0.10975667 0.06769127 0.04527981
v -0.08878726 0.05696442 0.07457068
v -0.10975667 0.06769127 0.04527981
v -0.08747113 0.04100521 0.06799315
v -0.12968814 0.06863214 0.06751264
v -0.09599726 0.06444069 0.0848135
v -0.04192297 0.01518581 0.08925029
v -0.03244349 -0.00338699 0.0764477
v -0.02308675 -0.01317905 0.06534496
v 0.00857155 -0.01048801 0.06270043
v -0.01805584 -0.03028606 0.06018083
v 0.00801221 -0.03004123 0.05836138
v 0.03032297 -0.03040344 0.05774896
v 0.03437376 -0.01575851 0.05888661
v 0.05130832 -0.01673843 0.0329358
v 0.04559945 -0.03526924 0.03584258
v 0.06543352 -0.00869843 0.04124649
v 0.07912469 0.00012054 0.04826271
v 0.09011875 -0.016063 0.01716238
v 0.07430513 -0.02285656 0.00812806
v 0.10384982 -0.00712269 0.02061758
v 0.09305038 0.01564148 0.05431636
v 0.11502573 0.01043446 0.02480615
v 0.13259311 -0.01492977 0.00513107
v 0.10384982 -0.00712269 0.02061758
v 0.09011875 -0.016063 0.01716238
v 0.11502573 0.01043446 0.02480615
v 0.13993932 0.01020721 0.00745805
v 0.1389637 0.02834625 0.02039914
v 0.11517307 0.02856495 0.0349201
v 0.16203893 -0.02320946 0.00025445
v 0.16972391 0.0004348 0.01131158
v 0.17084722 0.02078667 0.01969784
v 0.17165735 0.0363055 0.02365284
v 0.14034689 0.04145889 0.02910892
v 0.2044028 0.01813671 0.00759821
v 0.20149833 -0.00401272 -6.859E-05
v 0.20345951 0.03920811 0.00627213
v 0.17142868 0.04995994 0.02831285
v 0.20718456 0.05335571 0.01236846
v 0.23594104 0.01959801 -0.02058398
v 0.24348747 0.03827602 -0.01453932
v 0.2540674 0.04446472 0.0216641
v 0.21289115 0.05215286 0.02754127
v 0.25008727 0.04165047 0.00384554
v 0.20718456 0.05335571 0.01236846
v 0.24348747 0.03827602 -0.01453932
v 0.29298017 0.05349506 0.01883707
v 0.29126811 0.04475586 0.04345858
v 0.25510484 0.0430788 0.04098501
v 0.32202777 0.06724151 0.02399546
v 0.32279712 0.05098987 0.05166385
v 0.28595796 0.03681164 0.06648851
v 0.31554321 0.04019234 0.07631718
v 0.3541793 0.07077787 0.03542252
v 0.34387313 0.06895428 0.06676889
v 0.32903178 0.06458893 0.09419682
v 0.30863424 0.02408489 0.09922354
v 0.32874206 0.04211723 0.11803087
v 0.35975372 0.09224729 0.08349484
v 0.34650195 0.08635114 0.11063934
v 0.34835735 0.05883644 0.13632306
v 0.31216525 0.02254364 0.14124561
v 0.32610728 0.03923721 0.16216758
v 0.36223292 0.08644632 0.15382416
v 0.35663741 0.12099317 0.12229041
v 0.32854915 0.06664707 0.17795908
v 0.30287025 0.04148468 0.20116668
v 0.29448869 0.02127678 0.18323867
v 0.34521396 0.08376194 0.20239822
v 0.3128458 0.06191082 0.22185756
v 0.27866853 0.04202312 0.23784574
v 0.27529331 0.01770931 0.22278676
v 0.34030574 0.10532753 0.228754
v 0.3141595 0.08109739 0.24881011
v 0.281244 0.0638747 0.25750005
v 0.23923381 0.03317669 0.24043689
v 0.29568561 0.10509199 0.27087716
v 0.26871087 0.0847522 0.2780474
v 0.2723781 0.12863359 0.2769814
v 0.24777177 0.1039151 0.29436715
v 0.25816183 0.144741 0.29867408
v 0.22773324 0.12478424 0.30344323
v 0.21595413 0.14828836 0.31407445
v 0.24468656 0.16484043 0.30106311
v 0.21016855 0.17566907 0.30109185
v 0.23890535 0.18220035 0.29862716
v 0.27304103 0.18317751 0.29562221
v 0.2606676 0.19694282 0.2952762
v 0.26124698 0.20587106 0.30991367
v 0.2405525 0.19163457 0.31471271
v 0.23890535 0.18220035 0.29862716
v 0.2606676 0.19694282 0.2952762
v 0.26572034 0.21588758 0.3282685
v 0.24782846 0.19814353 0.3379296
v 0.2846063 0.22457221 0.35117561
v 0.29927045 0.24255058 0.33244842
v 0.28202865 0.22920989 0.31229226
v 0.29373504 0.25006771 0.37812938
v 0.30204147 0.27465698 0.35420264
v 0.28803602 0.28243968 0.40047515
v 0.290549 0.30650592 0.37952918
v 0.27797473 0.33751998 0.39963519
v 0.29685249 0.32222656 0.35779349
v 0.29378021 0.35353263 0.37757571
v 0.27161569 0.36794189 0.41404758
v 0.28225921 0.38416328 0.38672076
v 0.25852117 0.39603591 0.42200953
v 0.26087261 0.40957847 0.39048984
v 0.250893 0.37231322 0.44773452
v 0.24802661 0.34883262 0.47281096
v 0.23248178 0.39855952 0.45433391
v 0.23595888 0.41952971 0.42581824
v 0.23075927 0.37712585 0.48228339
v 0.22095075 0.35256431 0.50071498
v 0.23511808 0.32650371 0.49056105
v 0.20674211 0.40136481 0.48818572
v 0.21096059 0.42287303 0.46180148
v 0.19832943 0.37741618 0.50797732
v 0.16342676 0.39153461 0.49989871
v 0.17502826 0.41846374 0.48690226
v 0.15718504 0.36871078 0.5213803
v 0.14917995 0.34158385 0.53510894
v 0.12768727 0.38485812 0.52755957
v 0.13988288 0.41466514 0.51804007
v 0.11817227 0.35379588 0.53463755
v 0.10986871 0.32226646 0.54363078
v 0.13931327 0.31300273 0.53655295
v 0.08844005 0.36414584 0.54095252
v 0.09497738 0.39637084 0.52732413
v 0.08082388 0.32886276 0.54913657
v 0.10147369 0.29073283 0.53914973
v 0.07312915 0.29155114 0.54960479
v 0.05192754 0.33478629 0.54627162
v 0.05768362 0.37357833 0.54752818
v 0.04477651 0.29450269 0.54897166
v 0.07042667 0.25975234 0.52731917
v 0.04357058 0.25606071 0.52755984
v 0.01882595 0.29900613 0.54255496
v 0.02388687 0.33885574 0.54829726
v 0.01859225 0.25645343 0.5239236
v 0.02395203 0.21229473 0.50670153
v 0.05341907 0.21819608 0.5091046
v -0.00827226 0.26087993 0.52893645
v -0.00744545 0.3008036 0.53631858
v -0.0060023 0.22926803 0.5025196
v -0.00140536 0.19338275 0.48638755
v 0.03508081 0.18671129 0.48061843
v -0.00827226 0.26087993 0.52893645
v -0.04117267 0.23298681 0.52124945
v -0.0060023 0.22926803 0.5025196
v -0.04083798 0.26588066 0.54077998
v -0.03749722 0.29961604 0.55183543
v -0.00744545 0.3008036 0.53631858
v -0.03415138 0.33687137 0.55253825
v -0.00482136 0.33896495 0.54753691
v -0.06425083 0.34647815 0.54891009
v -0.02756011 0.37641166 0.53693682
v -0.00071566 0.37487228 0.52966658
v -0.02226056 0.41565494 0.51824206
v 0.00042738 0.41630294 0.51825507
v -0.00984513 0.45485621 0.50077941
v -0.00536902 0.48340815 0.47330722
v -0.00984513 0.45485621 0.50077941
v -0.00536902 0.48340815 0.47330722
v -0.02387748 0.49139487 0.48467765
v -0.01835321 0.51785987 0.45570022
v -0.00108985 0.51041526 0.44579608
v -0.01466709 0.53792815 0.42292293
v 0.00113779 0.53602942 0.41994586
v -0.03669084 0.54125251 0.4240977
v -0.01530936 0.5602024 0.38578002
v 0.00203842 0.55388121 0.38483859
v 0.00678865 0.56837302 0.34832301
v 0.00203842 0.55388121 0.38483859
v 0.02638562 0.57939223 0.35448795
v 0.00678865 0.56837302 0.34832301
v 0.01935534 0.56727034 0.39060897
v 0.03466495 0.58319647 0.31275199
v 0.01298812 0.57704383 0.31147718
v 0.01298812 0.57704383 0.31147718
v 0.03675766 0.60604834 0.27781028
v 0.01052952 0.59104643 0.27471042
v 0.01052952 0.59104643 0.27471042
v 0.0145992 0.60231841 0.23966361
v 0.043659 0.61578345 0.24085235
v 0.02309941 0.61372008 0.2022594
v 0.05150161 0.61606436 0.20316745
v 0.02963621 0.62635764 0.16498211
v 0.06140865 0.6322795 0.16993209
v 0.03320853 0.63127818 0.13144474
v 0.06546388 0.6312258 0.13281791
v 0.03913859 0.62713248 0.09482948
v 0.06982831 0.62747458 0.09850994
v 0.06990725 0.63108351 0.05772873
v 0.03824661 0.62686747 0.05723671
v 0.10236883 0.62494177 0.06019817
v 0.09887429 0.61629347 0.10077179
v 0.09378431 0.61567832 0.01770111
v 0.12234149 0.60427291 0.02359989
v 0.12674021 0.60669058 0.06412308
v 0.12224343 0.60718772 -0.01652824
v 0.09520817 0.61822947 -0.02403534
v 0.11777419 0.59497092 -0.05618423
v 0.09250396 0.60421523 -0.06679108
v 0.06723249 0.60955218 -0.07237354
v 0.08466067 0.57573279 -0.10295036
v 0.06406364 0.59310656 -0.1163438
v 0.04210816 0.61150012 -0.07577896
v 0.04013174 0.59374053 -0.12280418
v 0.01753065 0.6001713 -0.07645073
v 0.01900487 0.58471526 -0.12619022
v -0.00604286 0.60256354 -0.08255676
v -0.00203896 0.59065222 -0.13079185
v -0.00810291 0.61763526 -0.04800022
v -0.03380099 0.62210307 -0.05630432
v -0.02992596 0.60773993 -0.09236309
v -0.0368749 0.62620181 -0.0214949
v -0.06157155 0.61246375 -0.02608215
v -0.05971185 0.61241496 -0.06037369
v -0.04411764 0.62699984 0.01233623
v -0.06846019 0.6146966 0.00800617
v -0.05108857 0.62451232 0.0466473
v -0.07862961 0.62724513 0.04557796
v -0.09225733 0.60349768 0.00601894
v -0.10320878 0.6193225 0.04297218
v -0.09863352 0.61348441 0.08408863
v -0.12381852 0.60138167 0.07713489
v -0.12542974 0.60246535 0.03944549
v -0.09273935 0.60903487 0.12331333
v -0.15025087 0.5872592 0.03584419
v -0.12004894 0.59967074 0.00382954
v -0.14884416 0.59324767 0.00242958
v -0.17970893 0.57756041 0.03475845
v -0.18112796 0.58125617 0.003479
v -0.21106174 0.56322459 0.0053371
v -0.21030292 0.565017 0.03571125
v -0.23739103 0.54350951 0.0361356
v -0.23939199 0.54128497 0.00628078
v -0.26103828 0.51603301 0.03553989
v -0.26519586 0.51449767 0.00596497
v -0.28254564 0.48704074 0.03626991
v -0.28849384 0.48636878 0.00642223
v -0.307525 0.4553448 0.00844246
v -0.31558393 0.45606475 -0.02288162
v -0.29297181 0.48380019 -0.02459373
v -0.32842578 0.42150935 -0.02197761
v -0.32437293 0.4549245 -0.05564056
v -0.3396424 0.41948279 -0.05374866
v -0.34763045 0.37865821 -0.0519326
v -0.33703643 0.40994941 -0.08563057
v -0.34272601 0.37061381 -0.08248028
v -0.35555923 0.32981261 -0.08342586
v -0.32918311 0.35924125 -0.11262645
v -0.3482508 0.32046291 -0.11569847
v -0.3427505 0.2803828 -0.10873947
v -0.33221397 0.30983676 -0.14677328
v -0.32692645 0.27074893 -0.14198776
v -0.32466598 0.30124128 -0.18194866
v -0.32628967 0.26185113 -0.1812619
v -0.29926509 0.29253267 -0.21109939
v -0.30027032 0.25433004 -0.21100437
v -0.29059007 0.28664743 -0.25057006
v -0.28937723 0.25074329 -0.25044914
v -0.29568441 0.21451374 -0.25521144
v -0.26439662 0.24944133 -0.28231054
v -0.27214965 0.21727355 -0.28975625
v -0.27376407 0.18434303 -0.29477535
v -0.2923653 0.17847711 -0.25296771
v -0.23935493 0.18817024 -0.3194
v -0.2328099 0.21852605 -0.31091413
v -0.21048395 0.22099155 -0.34528403
v -0.21412065 0.19143608 -0.35123374
v -0.21121854 0.16043056 -0.35103988
v -0.18938093 0.17131996 -0.38654437
v -0.18840807 0.204267 -0.38312514
v -0.18649124 0.13952484 -0.38720546
v -0.21077608 0.12921806 -0.35115764
v -0.18799041 0.10701999 -0.38768207
v -0.21073713 0.09887489 -0.34597488
v -0.18849508 0.07597637 -0.37498405
v -0.21288965 0.07378441 -0.33706584
v -0.18200718 0.05164684 -0.35659251
v -0.2047229 0.0567926 -0.3218275
v -0.22709293 0.06275526 -0.28444801
v -0.19305475 0.05028179 -0.30425906
v -0.21679159 0.0542955 -0.27259212
v -0.24409904 0.07488813 -0.24436666
v -0.23397712 0.06356834 -0.23727262
v -0.24851602 0.08745899 -0.20839733
v -0.24450099 0.07149313 -0.20550455
v -0.25581277 0.09267513 -0.17680807
v -0.25088397 0.07582456 -0.17869768
v -0.27773391 0.09686332 -0.18112606
v -0.2960301 0.10533016 -0.18689083
v -0.2886082 0.08790294 -0.15473882
v -0.27108037 0.08437608 -0.15382936
v -0.30892354 0.09406285 -0.15609306
v -0.31912307 0.08685893 -0.12199701
v -0.29864547 0.0790681 -0.12443878
v -0.29920059 0.08050765 -0.08794065
v -0.28112672 0.07519436 -0.09496996
v -0.28178024 0.07621157 -0.12711368
v -0.28758035 0.08688505 -0.05152165
v -0.27425611 0.07412519 -0.06298276
v -0.26338405 0.06238197 -0.07080558
v -0.26983253 0.06386947 -0.10212349
v -0.26974042 0.04217674 -0.07763227
v -0.26983253 0.06386947 -0.10212349
v -0.27310865 0.04686581 -0.11161996
v -0.26338405 0.06238197 -0.07080558
v -0.25113241 0.04073491 -0.04715542
v -0.24477437 0.06257961 -0.04748969
v -0.25985755 0.01244144 -0.05711269
v -0.27028406 0.01882526 -0.09131942
v -0.24215654 0.00271805 -0.03478452
v -0.24116994 -0.02443706 -0.05739415
v -0.26399938 -0.01752438 -0.07977638
v -0.20665517 0.00053455 -0.02632466
v -0.21462224 -0.03143616 -0.03632226
v -0.1844926 -0.03682934 -0.0178208
v -0.17620229 -0.00338169 -0.00998303
v -0.21640947 -0.05915512 -0.05214628
v -0.18672679 -0.06359268 -0.03674282
v -0.15582233 -0.06874142 -0.02530097
v -0.15640206 -0.09107666 -0.05082014
v -0.18358966 -0.08705726 -0.06162063
v -0.12777147 -0.09715954 -0.04327867
v -0.12409658 -0.07669811 -0.02138617
v -0.09493073 -0.08427055 -0.02077148
v -0.09682197 -0.10468418 -0.03800066
v -0.06347692 -0.06122532 -0.00479876
v -0.06347692 -0.06122532 -0.00479876
v -0.06058779 -0.07673733 0.01120119
v -0.0549826 -0.04408241 0.0205572
v -0.05077698 -0.06332905 0.03238611
v -0.0549826 -0.04408241 0.0205572
v -0.03966275 -0.03485435 0.04411695
v -0.03713085 -0.05673828 0.05296845
v -0.03966275 -0.03485435 0.04411695
v -0.01524608 -0.05305496 0.06606989
v -0.01805584 -0.03028606 0.06018083
v -0.03277811 -0.08060425 0.06329493
v -0.01265637 -0.07913283 0.07186404
v 0.00921146 -0.05263027 0.06560376
v 0.01026236 -0.07831058 0.072294
v 0.00801221 -0.03004123 0.05836138
v 0.03039749 -0.07694214 0.07241907
v 0.03060105 -0.05075863 0.06588569
v 0.03032297 -0.03040344 0.05774896
v 0.04418198 -0.07765891 0.0546386
v 0.04530684 -0.05481003 0.04494079
v 0.04559945 -0.03526924 0.03584258
v 0.05903289 -0.07980221 0.03436143
v 0.06007947 -0.05980778 0.02288361
v 0.05990239 -0.0438377 0.01217621
v 0.05990239 -0.0438377 0.01217621
v 0.05990239 -0.0438377 0.01217621
v 0.07430513 -0.02285656 0.00812806
v 0.05875145 -0.1085041 0.04155835
v 0.04491697 -0.10672619 0.0604393
v 0.0565197 -0.1163288 0.01403298
v 0.0588949 -0.13833873 0.04377361
v 0.05507671 -0.13997524 0.01771011
v 0.04478619 -0.12435253 -0.00914626
v 0.04197027 -0.1458147 -0.00810534
v 0.01676755 -0.14561424 -0.01408052
v 0.01359146 -0.16793419 -0.00969971
v 0.03705435 -0.16763507 -0.00839826
v -0.00655596 -0.14519951 -0.00881577
v -0.0076145 -0.16818252 -0.00617725
v -0.0076145 -0.16818252 -0.00617725
v -0.03229591 -0.15075607 -0.01289689
v -0.00655596 -0.14519951 -0.00881577
v -0.03043238 -0.17175247 -0.00987793
v -0.03407312 -0.12987106 -0.01591796
v -0.00526394 -0.12513733 -0.01221698
v -0.05098065 -0.14844692 0.00487035
v -0.05362527 -0.1257819 0.00256776
v -0.05728924 -0.14401165 0.03192888
v -0.05814954 -0.11737282 0.02872825
v -0.05941066 -0.0911483 0.02203905
v -0.04671069 -0.11160743 0.05151432
v -0.04680452 -0.08345577 0.0435693
v -0.03206241 -0.10959575 0.07029541
v -0.0477046 -0.14051254 0.05589712
v -0.032281 -0.14116131 0.07394829
v -0.01117317 -0.14126548 0.07892313
v -0.01150988 -0.10915612 0.07667377
v 0.01137705 -0.14065806 0.08053968
v 0.01056361 -0.10822471 0.07711735
v 0.03146985 -0.13962863 0.07910669
v 0.03015037 -0.10719539 0.07610184
v 0.04679012 -0.13818416 0.06402084
v 0.04724743 -0.16914848 0.06051634
v 0.03075573 -0.17245945 0.0751234
v 0.05747657 -0.16632583 0.04011158
v 0.05201585 -0.16445926 0.01470657
v 0.01152607 -0.17269477 0.07846828
v 0.01126685 -0.19913387 0.06832004
v -0.01064076 -0.17284515 0.07601795
v -0.01095153 -0.1998526 0.06724047
v 0.01096317 -0.22098033 0.05693409
v -0.0111126 -0.2219075 0.05703647
v 0.01096317 -0.22098033 0.05693409
v -0.0111126 -0.2219075 0.05703647
v -0.01120329 -0.21606712 0.02967724
v 0.009294 -0.21491188 0.02798742
v -0.01226968 -0.20327362 -0.00214405
v 0.0110866 -0.20304626 -0.00373548
v 0.0110866 -0.20304626 -0.00373548
v -0.01226968 -0.20327362 -0.00214405
v -0.00883444 -0.18877353 -0.00930063
v 0.01171378 -0.18888069 -0.01050404
v -0.01226968 -0.20327362 -0.00214405
v -0.00883444 -0.18877353 -0.00930063
v -0.03200309 -0.17167053 0.07063272
v -0.04917258 -0.16879074 0.05512575
v -0.05598463 -0.16869239 0.03155155
v -0.04781262 -0.17029934 0.00602316
v -0.09621705 -0.11870941 -0.05579833
v -0.12550593 -0.11361431 -0.06721799
v -0.0918767 -0.12960739 -0.0742882
v -0.11727526 -0.12468055 -0.09109286
v -0.06217799 -0.13242607 -0.05857097
v -0.03553414 -0.12347332 -0.05275599
v -0.01485942 -0.11037483 -0.05556404
v -0.01325574 -0.11872211 -0.07697915
v 0.00070273 -0.0978603 -0.0606642
v 0.0004508 -0.10658298 -0.0813628
v -0.01580862 -0.12207367 -0.10359112
v -0.00188688 -0.10862819 -0.10652543
v 0.00845439 -0.10806644 -0.0824257
v 0.00819378 -0.1078598 -0.10841904
v -0.00664265 -0.10473213 -0.13318433
v -0.02301471 -0.12045971 -0.13238601
v 0.00731388 -0.10265537 -0.13520153
v 0.00819378 -0.1078598 -0.10841904
v 0.00731388 -0.10265537 -0.13520153
v 0.03073672 -0.12303531 -0.11376063
v 0.02959199 -0.11841881 -0.14186258
v 0.00643994 -0.09456222 -0.16095924
v -0.01320796 -0.10482445 -0.16216074
v 0.00643994 -0.09456222 -0.16095924
v 0.02692316 -0.11319446 -0.16827415
v 0.05706439 -0.13359115 -0.14468014
v 0.0567902 -0.12744182 -0.17027458
v 0.00238084 -0.08286381 -0.18881979
v 0.02596911 -0.09544616 -0.19096565
v 0.05289088 -0.11842155 -0.19429687
v 0.08900344 -0.13163986 -0.19542162
v 0.09580528 -0.13692428 -0.16871484
v 0.04722254 -0.11439125 -0.22040809
v 0.020277 -0.09486316 -0.21761507
v 0.07873234 -0.12314205 -0.22251827
v 0.11117407 -0.12468658 -0.22725849
v 0.12535583 -0.135364 -0.19913923
v 0.04349963 -0.10566337 -0.24524303
v 0.01911226 -0.09000084 -0.24280197
v 0.02178583 -0.08507511 -0.26795761
v 0.04238689 -0.09622535 -0.26999521
v 0.0264769 -0.07941032 -0.29420923
v 0.05004906 -0.09053497 -0.29943786
v 0.06279106 -0.07506191 -0.32284045
v 0.09513447 -0.08318672 -0.31807872
v 0.03419494 -0.06394287 -0.31510864
v 0.04319504 -0.04451778 -0.33011554
v 0.073929 -0.05261467 -0.3361378
v 0.10876686 -0.0597829 -0.33082568
v 0.07813019 -0.02598457 -0.34118453
v 0.11259589 -0.02842323 -0.33403632
v 0.04770764 -0.02207008 -0.33562579
v 0.05104595 -0.00047314 -0.33775291
v 0.0803276 -0.00094563 -0.33999194
v 0.02516553 -0.01424438 -0.32728732
v 0.02728642 0.00508762 -0.33281009
v 0.05104595 -0.00047314 -0.33775291
v 0.02309569 0.01420601 -0.35417148
v 0.05183053 0.00703823 -0.35606239
v 0.02728642 0.00508762 -0.33281009
v 0.01224263 -0.0127795 -0.32173606
v 0.00836853 0.00724586 -0.33029685
v 0.00836853 0.00724586 -0.33029685
v 0.00333685 0.02441761 -0.3472018
v -0.00168862 0.04091446 -0.36512214
v 0.02008644 0.03046696 -0.36992786
v -0.02458733 0.03281094 -0.37604571
v -0.02091952 0.01373482 -0.35312427
v -0.02183322 0.0518745 -0.39170608
v 0.00349678 0.06168178 -0.37621196
v -0.04885926 0.01041405 -0.35672488
v -0.05676256 0.03264 -0.37809341
v -0.0535519 0.05615547 -0.39484191
v -0.02040934 0.07904892 -0.40241908
v -0.05035358 0.08393776 -0.4053424
v -0.08876489 0.05748749 -0.40524337
v -0.08968421 0.03926853 -0.37789123
v -0.08589989 0.08582207 -0.42082187
v -0.04831896 0.11282898 -0.41494842
v -0.08326029 0.11829872 -0.43036139
v -0.11891764 0.09106983 -0.40638274
v -0.12279517 0.05519676 -0.4007157
v -0.11721321 0.12322777 -0.41805022
v -0.07753248 0.15347427 -0.42631179
v -0.11543636 0.15699817 -0.42522117
v -0.15551284 0.11668323 -0.41346496
v -0.15412056 0.0815493 -0.4004386
v -0.15066971 0.15184036 -0.40721377
v -0.14838605 0.18274601 -0.39986194
v -0.10934373 0.1879356 -0.41741973
v -0.10268947 0.21464767 -0.40739356
v -0.0672211 0.18340152 -0.42008231
v -0.06091328 0.2100843 -0.41223556
v -0.14482622 0.21157478 -0.39383491
v -0.13856848 0.23965103 -0.38796512
v -0.09806224 0.24271987 -0.40303935
v -0.1800317 0.23433715 -0.37320666
v -0.17530439 0.26244838 -0.36684753
v -0.13449174 0.26808799 -0.38408038
v -0.20690258 0.25234023 -0.3387038
v -0.20752109 0.28327026 -0.33572059
v -0.17223545 0.28941127 -0.35820708
v -0.23688209 0.24968122 -0.31300708
v -0.24019109 0.28186786 -0.31335019
v -0.23891159 0.3141859 -0.30797418
v -0.20748172 0.31405399 -0.32953498
v -0.26879196 0.2831821 -0.28473363
v -0.26627889 0.31687595 -0.28115661
v -0.23703664 0.34877448 -0.30421691
v -0.26193092 0.35181171 -0.2783509
v -0.28561309 0.32168266 -0.24772888
v -0.27887081 0.35618186 -0.24581096
v -0.26728195 0.38940986 -0.24074565
v -0.24886632 0.38444984 -0.2686761
v -0.30112418 0.32954147 -0.21339874
v -0.30214778 0.36661849 -0.21838081
v -0.29007013 0.40136672 -0.2168
v -0.27043764 0.43361045 -0.21014064
v -0.25087581 0.42206977 -0.23239826
v -0.30501712 0.41139884 -0.18693611
v -0.32003654 0.3768489 -0.1872425
v -0.28385452 0.44391742 -0.18269142
v -0.26060628 0.47509459 -0.17647285
v -0.2509698 0.46715857 -0.20487327
v -0.29121131 0.45344993 -0.15192737
v -0.3087333 0.41956161 -0.1528598
v -0.26709838 0.48363761 -0.14726501
v -0.23129785 0.49919745 -0.13842922
v -0.22829595 0.49506503 -0.16683719
v -0.26582944 0.48603835 -0.11490783
v -0.29414703 0.4611769 -0.11933365
v -0.23247337 0.50380076 -0.10921612
v -0.20132591 0.52132296 -0.10663696
v -0.19809736 0.51472132 -0.13438808
v -0.23849033 0.51795211 -0.0821682
v -0.27169818 0.50021289 -0.08686535
v -0.20978958 0.53816046 -0.08187103
v -0.17869546 0.55490008 -0.08303856
v -0.17326589 0.54306105 -0.10892761
v -0.21257011 0.5493331 -0.0537492
v -0.24188795 0.52844912 -0.05285435
v -0.18041542 0.56357619 -0.0546476
v -0.14648695 0.5722724 -0.0545121
v -0.14807089 0.57248587 -0.08490814
v -0.18102275 0.57436133 -0.02601925
v -0.21103488 0.55636527 -0.02412601
v -0.14934603 0.58656336 -0.0275481
v -0.11687627 0.59355414 -0.02800739
v -0.11348181 0.5808169 -0.05526844
v -0.08354685 0.59141341 -0.05710113
v -0.11298727 0.57590293 -0.08443359
v -0.08099574 0.58229567 -0.08681778
v -0.08889224 0.60549353 -0.02862934
v -0.10978417 0.56235823 -0.11118992
v -0.08137235 0.57483679 -0.11762321
v -0.14162638 0.55594546 -0.10948013
v -0.14182194 0.55504706 -0.14040703
v -0.11147607 0.55915175 -0.14398056
v -0.16770219 0.53208808 -0.13452774
v -0.16869651 0.53224387 -0.16473114
v -0.14128395 0.54590399 -0.17020488
v -0.19491437 0.5094599 -0.16119659
v -0.16637569 0.52255484 -0.19445953
v -0.18665218 0.49858332 -0.18422187
v -0.22124929 0.48782855 -0.19321025
v -0.23079072 0.45270392 -0.22371753
v -0.21542955 0.44834147 -0.24772205
v -0.23071035 0.41438796 -0.25382522
v -0.20876268 0.40943881 -0.27330768
v -0.19248922 0.43933005 -0.26284145
v -0.22370964 0.37936294 -0.28894142
v -0.1971829 0.37545592 -0.30634849
v -0.18107095 0.40066367 -0.28444068
v -0.20623336 0.34607589 -0.32283237
v -0.17087333 0.34447807 -0.33483337
v -0.17062708 0.37695121 -0.32469844
v -0.17008045 0.31547446 -0.34522155
v -0.13412483 0.32211528 -0.36646239
v -0.14103427 0.35187427 -0.3573548
v -0.13410783 0.29658576 -0.38022891
v -0.09174504 0.30116596 -0.38600341
v -0.09716652 0.33296344 -0.38587352
v -0.09430593 0.27192256 -0.39483768
v -0.06151494 0.27503265 -0.40882854
v -0.05981548 0.30864154 -0.40543204
v -0.06323937 0.24266075 -0.42339145
v -0.02955986 0.27294399 -0.40649352
v -0.02927821 0.24308692 -0.41777473
v -0.02505328 0.20876636 -0.41710765
v -0.00205657 0.23591789 -0.39326865
v 0.00036242 0.20699504 -0.40769179
v -0.03102645 0.17460636 -0.42255713
v -0.00495041 0.17574867 -0.40633071
v -0.04295044 0.14193409 -0.42649997
v -0.01585539 0.14499981 -0.40228263
v -0.01942796 0.1106493 -0.40573134
v 0.00700473 0.11315986 -0.40272613
v 0.01436233 0.14313156 -0.41375072
v 0.00418264 0.08420627 -0.39148913
v 0.03212041 0.1094099 -0.41525336
v 0.02773858 0.07920963 -0.40350638
v 0.02705237 0.05697021 -0.37944572
v 0.0529117 0.05105556 -0.3871905
v 0.05510027 0.07207702 -0.41431041
v 0.04934594 0.02158871 -0.37589343
v 0.08736904 0.04068706 -0.3995481
v 0.08743987 0.02015118 -0.376743
v 0.08552205 0.00874775 -0.35344764
v 0.12059384 0.01384968 -0.3615689
v 0.11301059 0.00882439 -0.33827048
v 0.11084162 0.00107376 -0.33272838
v 0.0803276 -0.00094563 -0.33999194
v 0.11084162 0.00107376 -0.33272838
v 0.14855967 -0.03948715 -0.32218314
v 0.18391115 -0.04942005 -0.2983949
v 0.16834241 -0.07586426 -0.28852403
v 0.1404938 -0.06787941 -0.31381295
v 0.14761659 -0.10486038 -0.28299106
v 0.12333586 -0.09182503 -0.30259317
v 0.17084488 -0.11598251 -0.2569073
v 0.19227874 -0.09063041 -0.26772977
v 0.14336374 -0.11862957 -0.23555398
v 0.19005863 -0.12483413 -0.22582862
v 0.15844113 -0.13010189 -0.20835136
v 0.20327224 -0.13365684 -0.19218162
v 0.16787027 -0.14013431 -0.17837576
v 0.13273627 -0.14322059 -0.17067243
v 0.13488489 -0.14412395 -0.14006079
v 0.17167535 -0.14664402 -0.14632422
v 0.09806403 -0.13891548 -0.14081308
v 0.13307999 -0.13533188 -0.11032065
v 0.09570539 -0.13769256 -0.11208173
v 0.0568859 -0.13655925 -0.11682906
v 0.09007191 -0.13917392 -0.08236005
v 0.05561746 -0.13921001 -0.08600047
v 0.03089908 -0.12562828 -0.08489951
v 0.03286933 -0.11751911 -0.05996171
v 0.0559209 -0.13133743 -0.05741684
v 0.00915297 -0.10011619 -0.06094737
v 0.00845439 -0.10806644 -0.0824257
v 0.00915297 -0.10011619 -0.06094737
v 0.01027287 -0.08905906 -0.04725443
v 0.08907938 -0.13058605 -0.05500109
v 0.12889699 -0.11805633 -0.05702239
v 0.12970343 -0.1266317 -0.08268999
v 0.16590179 -0.11890224 -0.0610335
v 0.16728519 -0.1330315 -0.08621282
v 0.17027353 -0.14341713 -0.11458945
v 0.20394191 -0.13130203 -0.09441766
v 0.20852146 -0.13553058 -0.12419841
v 0.20850801 -0.13549793 -0.15691552
v 0.24749246 -0.12379112 -0.13175946
v 0.24434585 -0.12245033 -0.16892179
v 0.23292047 -0.11483391 -0.2061251
v 0.26190101 -0.08831566 -0.17556154
v 0.25011011 -0.08219169 -0.21362598
v 0.21597259 -0.10496948 -0.24119964
v 0.23191637 -0.07194946 -0.2453416
v 0.2520232 -0.04802288 -0.21339223
v 0.23582597 -0.0392976 -0.244503
v 0.21055429 -0.05913586 -0.27124494
v 0.2690129 -0.05461052 -0.17849542
v 0.24621801 -0.01551514 -0.24934146
v 0.2631508 0.00377384 -0.25652337
v 0.26110328 0.02658684 -0.25296781
v 0.27284147 0.02418171 -0.22439315
v 0.24843606 0.0456332 -0.24628505
v 0.25690307 0.04718693 -0.21690528
v 0.26716873 0.04591381 -0.18783117
v 0.27779228 0.04005714 -0.16371944
v 0.26716873 0.04591381 -0.18783117
v 0.26470386 0.06353454 -0.21626115
v 0.27625907 0.06222595 -0.18702879
v 0.25690307 0.04718693 -0.21690528
v 0.27779228 0.04005714 -0.16371944
v 0.2939363 0.05119907 -0.16386474
v 0.29748256 0.04656882 -0.13524196
v 0.28355756 0.03414523 -0.13630819
v 0.32125736 0.05674602 -0.17020843
v 0.30512155 0.06680155 -0.1953927
v 0.32578635 0.05009907 -0.14014589
v 0.32526992 0.04413357 -0.10794602
v 0.29917785 0.04088299 -0.10502784
v 0.350848 0.07251319 -0.14306404
v 0.3422314 0.08438686 -0.17470369
v 0.34914573 0.06585975 -0.10911585
v 0.34982261 0.06367931 -0.07751674
v 0.36260619 0.09646436 -0.10616583
v 0.36005717 0.10532171 -0.13855987
v 0.36514957 0.09251932 -0.07447992
v 0.37024657 0.09141336 -0.0396635
v 0.35371581 0.06616886 -0.04280309
v 0.36747783 0.12947499 -0.09924206
v 0.36131702 0.1265872 -0.06693584
v 0.36797908 0.12317098 -0.03333308
v 0.37513267 0.12130058 0.00494504
v 0.37212951 0.09263609 0.00093642
v 0.37654555 0.15621948 -0.05871347
v 0.371632 0.15295773 -0.02512863
v 0.3687107 0.15162325 0.01110015
v 0.37941062 0.15246038 0.05167578
v 0.37656646 0.12282886 0.0479168
v 0.3640684 0.1845725 -0.01689403
v 0.36408515 0.1822579 0.01729803
v 0.38107619 0.18206241 0.05559733
v 0.37515006 0.21303981 0.02262892
v 0.36958156 0.21049932 0.057603
v 0.37096194 0.23850769 0.06019033
v 0.37615798 0.24524095 0.02725676
v 0.36902583 0.23420963 0.0994045
v 0.36346343 0.23386955 0.13833737
v 0.36285224 0.25961608 0.09923746
v 0.36623145 0.26398977 0.0643314
v 0.35857814 0.2594152 0.13456282
v 0.3703474 0.28459956 0.10177652
v 0.36326232 0.28386329 0.13389022
v 0.35448013 0.28512819 0.16448978
v 0.36901797 0.31029811 0.1342547
v 0.36276736 0.31023965 0.16429939
v 0.35888332 0.3399105 0.16022377
v 0.36592971 0.34035922 0.13368917
v 0.35225764 0.34129092 0.1859942
v 0.34719909 0.34262538 0.2108074
v 0.3447095 0.37301437 0.18290933
v 0.34930003 0.37181632 0.15755111
v 0.33959586 0.37399863 0.20838007
v 0.3368452 0.37330657 0.2349195
v 0.33386508 0.3417068 0.2317303
v 0.32726909 0.4041101 0.20752727
v 0.33037341 0.40424117 0.18083496
v 0.32988181 0.40401897 0.23710515
v 0.32333522 0.3976057 0.2655433
v 0.33314769 0.36869701 0.26186418
v 0.30566161 0.42822696 0.23497974
v 0.30754215 0.43138873 0.2055064
v 0.3031573 0.42276137 0.26553546
v 0.3009641 0.41558993 0.29705953
v 0.3151461 0.38816081 0.29363889
v 0.28683467 0.44834685 0.26811233
v 0.29217758 0.45673469 0.23689208
v 0.2833604 0.44067527 0.30007678
v 0.2735365 0.4298273 0.32983283
v 0.29414716 0.4054626 0.32707584
v 0.26717517 0.46757453 0.30584363
v 0.27345678 0.47645987 0.27507867
v 0.25952426 0.45855975 0.3363111
v 0.25425159 0.45033973 0.36788768
v 0.26506288 0.41905658 0.35935886
v 0.24256181 0.49101207 0.31153917
v 0.24023792 0.48669654 0.34315875
v 0.23430244 0.47696334 0.37434157
v 0.22483337 0.46226676 0.40463199
v 0.2459033 0.43805617 0.39836734
v 0.21403287 0.51090018 0.34783645
v 0.2071746 0.49752688 0.37824721
v 0.1995923 0.48245314 0.40936908
v 0.19346046 0.46697902 0.44199534
v 0.21228233 0.44088881 0.43068851
v 0.17777908 0.51456897 0.38163211
v 0.17040016 0.49767238 0.41165
v 0.16528896 0.48390906 0.44460319
v 0.151681 0.45594871 0.46491767
v 0.17928184 0.43838443 0.46106307
v 0.14025914 0.51236213 0.41369937
v 0.13163327 0.49134177 0.4390478
v 0.12444462 0.47170939 0.46725158
v 0.11835509 0.45612822 0.50184188
v 0.1496523 0.44108268 0.49954509
v 0.10264474 0.50807166 0.44296302
v 0.10856837 0.52636878 0.41559459
v 0.07506103 0.53761046 0.41636905
v 0.07016467 0.51417579 0.44130477
v 0.04239035 0.52133582 0.44815425
v 0.04493729 0.54964987 0.422433
v 0.01900055 0.54899535 0.42432017
v 0.02060176 0.51591414 0.44692786
v 0.00113779 0.53602942 0.41994586
v -0.00108985 0.51041526 0.44579608
v 0.05015288 0.57216292 0.39272281
v 0.08266813 0.5569847 0.38935878
v 0.05701906 0.58218112 0.35641643
v 0.08696893 0.5657041 0.35461997
v 0.06229212 0.58423869 0.31601928
v 0.09028216 0.57122782 0.31544772
v 0.06787639 0.60413748 0.28076572
v 0.0946709 0.58328757 0.27793863
v 0.07600118 0.61178713 0.24151195
v 0.1029048 0.5893413 0.24174037
v 0.08469788 0.60891417 0.20483722
v 0.11604909 0.59951201 0.20912525
v 0.0930149 0.62020453 0.17205173
v 0.12427552 0.60806754 0.17611374
v 0.12670638 0.60941634 0.14121612
v 0.09596732 0.61804572 0.13671875
v 0.12699492 0.60696494 0.10407303
v 0.15314546 0.59209174 0.10956691
v 0.15178834 0.58772475 0.14604549
v 0.15146739 0.58999777 0.07069717
v 0.17968431 0.58115096 0.07777935
v 0.18510707 0.58891791 0.11668094
v 0.17457328 0.57283507 0.03947449
v 0.14748351 0.58602049 0.03129352
v 0.17717214 0.58045325 0.00125645
v 0.15004335 0.59493254 -0.00809795
v 0.17451086 0.57462081 -0.03422058
v 0.14650387 0.5884178 -0.04577339
v 0.16804126 0.55808825 -0.06497585
v 0.13836015 0.5650376 -0.07729641
v 0.11184996 0.5739112 -0.09195541
v 0.14332452 0.55719683 -0.11210953
v 0.11853117 0.5668273 -0.13001579
v 0.09042923 0.56092963 -0.14129287
v 0.12763005 0.55081504 -0.16397712
v 0.10005222 0.54191947 -0.17774292
v 0.07132452 0.57571993 -0.15822052
v 0.07933384 0.55373496 -0.19988063
v 0.0529855 0.54952338 -0.20063346
v 0.04741261 0.57060538 -0.16430702
v 0.02489381 0.53155638 -0.19148838
v 0.02188189 0.55930037 -0.16448887
v -0.0038985 0.53961776 -0.19739662
v -0.00565428 0.5555326 -0.16317058
v -0.03120338 0.56821692 -0.16457134
v -0.03241205 0.55038722 -0.19955085
v -0.02554604 0.59272479 -0.12976089
v -0.05709209 0.56974986 -0.15781074
v -0.05163555 0.57870967 -0.12143791
v -0.05389397 0.59504576 -0.09134834
v -0.08227314 0.55911429 -0.14747291
v -0.08423954 0.54234374 -0.17923935
v -0.05956157 0.54886622 -0.1903289
v -0.11029822 0.54046843 -0.17260742
v -0.11180303 0.53206774 -0.20639434
v -0.08664423 0.53242553 -0.21504035
v -0.13883876 0.52923964 -0.19944534
v -0.13919307 0.51402217 -0.22809303
v -0.11273744 0.50735419 -0.23140529
v -0.14291779 0.49051551 -0.25008666
v -0.1192117 0.48840312 -0.2596363
v -0.15104662 0.45853576 -0.26372276
v -0.13219572 0.46271819 -0.28042785
v -0.16584043 0.42978442 -0.27356765
v -0.14686276 0.43536475 -0.29555934
v -0.16179994 0.40707793 -0.30870456
v -0.12346325 0.44477065 -0.31532478
v -0.13929037 0.41653102 -0.3303728
v -0.14620072 0.38579982 -0.34706264
v -0.11015275 0.39391433 -0.35916663
v -0.10874741 0.36233138 -0.37164184
v -0.0651999 0.34163074 -0.39350524
v -0.03688477 0.34712081 -0.38941241
v -0.02908086 0.30893371 -0.3972766
v -0.01141424 0.34042285 -0.3717998
v -0.00564874 0.30645324 -0.38735717
v -0.0046867 0.27081436 -0.39251945
v 0.01997542 0.27208866 -0.40910163
v 0.01909728 0.30744426 -0.396622
v 0.02389243 0.23871284 -0.41358619
v 0.0503245 0.2729338 -0.41744918
v 0.05793118 0.23808044 -0.42261897
v 0.02851286 0.20688343 -0.41690013
v 0.06341832 0.20396915 -0.41637603
v 0.05904837 0.17177467 -0.42002139
v 0.02357809 0.17469349 -0.41904296
v 0.04104869 0.14060573 -0.42294715
v 0.07437459 0.13310959 -0.43742724
v 0.09252263 0.16892631 -0.43205443
v 0.06144183 0.10156818 -0.42891623
v 0.09788915 0.09554489 -0.43023368
v 0.11093315 0.12781463 -0.4384957
v 0.09079201 0.06569435 -0.41852981
v 0.12776543 0.06377601 -0.40382316
v 0.13440221 0.09205906 -0.41822372
v 0.12414318 0.03816734 -0.38445502
v 0.15463173 0.03618141 -0.36318942
v 0.16106777 0.06182888 -0.38537597
v 0.15196396 0.01203842 -0.34176479
v 0.187471 0.03569797 -0.349061
v 0.19169954 0.06347393 -0.36680278
v 0.17988962 0.02231426 -0.32600867
v 0.21758388 0.07381233 -0.34272533
v 0.21204374 0.04766712 -0.3269527
v 0.19861982 0.03552832 -0.30952308
v 0.24409992 0.07662708 -0.31834457
v 0.22658441 0.05776209 -0.30416942
v 0.20879941 0.04933658 -0.2841164
v 0.24426032 0.05994964 -0.28066978
v 0.25664028 0.07778732 -0.28384992
v 0.23318361 0.04624481 -0.27001531
v 0.26220056 0.05833103 -0.25017982
v 0.27784755 0.0719409 -0.25595804
v 0.24843606 0.0456332 -0.24628505
v 0.29104434 0.07343206 -0.22214502
v 0.3032491 0.10447029 -0.22791593
v 0.28645017 0.10545784 -0.25846401
v 0.32302242 0.09681232 -0.20105344
v 0.33793479 0.12749153 -0.20007659
v 0.35786575 0.11500261 -0.17265718
v 0.3668864 0.14688207 -0.16288683
v 0.35537212 0.15709978 -0.19290962
v 0.36398624 0.13705273 -0.13005941
v 0.35398563 0.17970569 -0.14426618
v 0.37424174 0.1695239 -0.12041479
v 0.37513167 0.16177576 -0.09024706
v 0.37832397 0.20373991 -0.10829683
v 0.37799476 0.19488571 -0.07920778
v 0.37618236 0.18839084 -0.04853567
v 0.38228614 0.22752929 -0.06833517
v 0.37517818 0.22064785 -0.03876045
v 0.37570064 0.21653543 -0.00859325
v 0.3783483 0.25494438 -0.03086033
v 0.37785785 0.24990684 -0.00218966
v 0.36812934 0.28355888 -0.02457298
v 0.36385089 0.27832435 0.00415886
v 0.37261378 0.27249412 0.03244987
v 0.360419 0.30226711 0.0127088
v 0.36407279 0.29757049 0.04247055
v 0.37527976 0.28878799 0.07048063
v 0.37963775 0.31640392 0.07535467
v 0.37541133 0.32274768 0.04582201
v 0.36841941 0.31173309 0.10356615
v 0.3645779 0.34156169 0.10545467
v 0.37564479 0.34721694 0.07953125
v 0.3576382 0.37369811 0.10723097
v 0.36351257 0.37924907 0.08196064
v 0.35933681 0.37330329 0.13354465
v 0.3480968 0.40850516 0.13301374
v 0.34752326 0.40864081 0.10799766
v 0.33566146 0.40435165 0.1555944
v 0.31918012 0.43687194 0.15309862
v 0.33104129 0.44371383 0.13001875
v 0.31434963 0.43574779 0.17881694
v 0.29817395 0.46720668 0.1764084
v 0.29511848 0.46542327 0.14781189
v 0.30071822 0.46582839 0.20697837
v 0.2757924 0.49113662 0.17791948
v 0.28364868 0.49319255 0.21131736
v 0.27700347 0.48338954 0.24293798
v 0.25592018 0.51223563 0.2200469
v 0.25465207 0.50770606 0.25210721
v 0.25057538 0.50077521 0.28284902
v 0.22501192 0.52859004 0.25836677
v 0.21794046 0.52047301 0.28637426
v 0.21252281 0.51255336 0.31470733
v 0.18548202 0.54236712 0.28727901
v 0.18578888 0.53876292 0.31888835
v 0.18309478 0.52855086 0.35051112
v 0.15648185 0.55950255 0.32372783
v 0.15295593 0.5467195 0.3551604
v 0.14756283 0.53030833 0.38519942
v 0.11697558 0.55077185 0.35285659
v 0.11519521 0.54361212 0.38764526
v 0.12150212 0.56472228 0.31958499
v 0.15866807 0.56915099 0.29004365
v 0.12686279 0.57831854 0.28552615
v 0.13452614 0.58442153 0.25091808
v 0.16624313 0.57557753 0.25674735
v 0.14222906 0.57890799 0.21454345
v 0.17621734 0.57693247 0.22334835
v 0.18021076 0.57568862 0.1888937
v 0.14734779 0.57987868 0.18018219
v 0.18463056 0.58427695 0.15408672
v 0.21128793 0.56757888 0.15951851
v 0.20716205 0.55921019 0.1947742
v 0.21142356 0.57286521 0.12286163
v 0.23266672 0.54977652 0.1243021
v 0.23571874 0.54835135 0.16040729
v 0.23146461 0.55346099 0.08866939
v 0.20960687 0.57458174 0.08482837
v 0.2305644 0.55295951 0.05399002
v 0.20574989 0.56915938 0.04694908
v 0.23283534 0.55445174 0.01973663
v 0.20337562 0.56466094 0.01106281
v 0.23262729 0.54949347 -0.0128175
v 0.20411447 0.56301535 -0.02337769
v 0.23179018 0.54093261 -0.04253143
v 0.20122785 0.55318618 -0.05455624
v 0.23105546 0.52742297 -0.06817116
v 0.1985634 0.53570781 -0.08062172
v 0.16941263 0.54588603 -0.09520134
v 0.20489673 0.52665698 -0.10800583
v 0.17638479 0.53429728 -0.12457103
v 0.15436485 0.55011481 -0.14641456
v 0.19220258 0.53034396 -0.15735241
v 0.16634784 0.53295439 -0.17646179
v 0.14169898 0.53392188 -0.19700393
v 0.18046348 0.50887767 -0.20424018
v 0.15598001 0.50582625 -0.22379249
v 0.11603224 0.52814597 -0.21543727
v 0.12887464 0.50138671 -0.24217277
v 0.09889826 0.49761229 -0.2528878
v 0.08886604 0.52344489 -0.22740322
v 0.06694405 0.50125247 -0.26007274
v 0.05887884 0.52387362 -0.231548
v 0.03445108 0.49587466 -0.25706375
v 0.02994275 0.51953482 -0.22780761
v 0.00108767 0.49488059 -0.25244956
v -0.00036429 0.51747535 -0.22628944
v -0.03104376 0.53126273 -0.23045394
v -0.03152003 0.51017989 -0.25835731
v -0.06222597 0.51241576 -0.25289607
v -0.06073726 0.53545821 -0.22550125
v -0.08859403 0.50994925 -0.24289771
v -0.09759779 0.49447692 -0.27435882
v -0.06813904 0.49261832 -0.28171775
v -0.109033 0.47077506 -0.29705554
v -0.03516745 0.48928878 -0.28631027
v 0.00072824 0.47780116 -0.28174968
v 0.00341177 0.45690131 -0.30601966
v 0.04187185 0.46362014 -0.31577792
v 0.03749409 0.48509017 -0.29120288
v 0.00861847 0.42860194 -0.32136489
v 0.04806089 0.43879916 -0.3360926
v 0.02221946 0.40353 -0.34307742
v 0.05842857 0.41168799 -0.35544517
v 0.03421033 0.37269275 -0.35977824
v 0.06567077 0.37666217 -0.367084
v 0.00443554 0.36410957 -0.34617572
v 0.01684564 0.33506404 -0.36678035
v 0.04307331 0.34244392 -0.37987887
v 0.04644374 0.30867034 -0.40312297
v 0.07198325 0.34520045 -0.38685638
v 0.07634632 0.30839546 -0.39884032
v 0.08381009 0.27731517 -0.42306338
v 0.10830512 0.31022987 -0.39338451
v 0.11876979 0.28029258 -0.4125917
v 0.09353269 0.23998676 -0.42377856
v 0.12819923 0.24577979 -0.41763919
v 0.09798922 0.20473896 -0.42560271
v 0.13118508 0.20782562 -0.42162887
v 0.12496944 0.16722427 -0.43319781
v 0.15300637 0.16453533 -0.41696319
v 0.15870682 0.20507553 -0.40770476
v 0.14259388 0.12646919 -0.4189115
v 0.17411172 0.12495632 -0.40416499
v 0.17759628 0.16215522 -0.39496139
v 0.16695259 0.09125789 -0.39938674
v 0.19819982 0.09356918 -0.37931907
v 0.20567459 0.12520809 -0.38588752
v 0.22473409 0.10205383 -0.35101363
v 0.23257501 0.13161308 -0.35584487
v 0.25360425 0.1049723 -0.32300716
v 0.25218719 0.1377824 -0.32014014
v 0.27109697 0.10565994 -0.28899509
v 0.25619842 0.1679132 -0.32412414
v 0.2319601 0.16460285 -0.35799041
v 0.25728191 0.19827705 -0.31825284
v 0.22564155 0.19854087 -0.33920257
v 0.20687614 0.16126426 -0.3806578
v 0.20717346 0.20090004 -0.3689392
v 0.21027668 0.23668022 -0.36088287
v 0.24159568 0.23227825 -0.34656936
v 0.18266912 0.20246486 -0.38815833
v 0.18561044 0.24167335 -0.3823167
v 0.21358696 0.27407989 -0.3624739
v 0.17841203 0.27574066 -0.369705
v 0.15920047 0.24480007 -0.40216491
v 0.15174999 0.28007522 -0.39494063
v 0.17323438 0.31005286 -0.3643521
v 0.14262542 0.31234031 -0.38439246
v 0.20435371 0.3439735 -0.3472483
v 0.20628366 0.30894847 -0.3529898
v 0.16755788 0.34176963 -0.3535564
v 0.13679578 0.34456851 -0.37226077
v 0.16292347 0.37192042 -0.34002139
v 0.12947787 0.37311641 -0.35132957
v 0.1042551 0.34511867 -0.38302932
v 0.09842645 0.3755807 -0.36254459
v 0.12462114 0.40419349 -0.33699237
v 0.0922292 0.4115256 -0.35218124
v 0.15476431 0.42782973 -0.3079288
v 0.15870145 0.40093875 -0.32517944
v 0.12025674 0.43183097 -0.31964683
v 0.08454276 0.43451957 -0.32636585
v 0.11794482 0.46220191 -0.30601463
v 0.0807847 0.46629851 -0.31548751
v 0.11060597 0.48648555 -0.28562049
v 0.15089236 0.45510165 -0.29013423
v 0.1413829 0.47864097 -0.2670478
v 0.0742101 0.48994376 -0.29348914
v 0.18177879 0.45570281 -0.27574176
v 0.16697891 0.4754666 -0.2464233
v 0.18840942 0.42770411 -0.29581523
v 0.21735483 0.4276084 -0.2785474
v 0.20656038 0.45385718 -0.25453884
v 0.19401243 0.40115035 -0.31491153
v 0.22560134 0.4005548 -0.30008975
v 0.20048614 0.37452571 -0.33398231
v 0.23061634 0.37017448 -0.31579887
v 0.23258787 0.33740897 -0.3272356
v 0.25652721 0.33349235 -0.30257663
v 0.25427513 0.36624984 -0.29149547
v 0.23829381 0.30575755 -0.33949985
v 0.25843206 0.30067825 -0.31066242
v 0.24231155 0.26983024 -0.34554351
v 0.26662868 0.26792198 -0.32160957
v 0.26274495 0.2326563 -0.31945235
v 0.27356164 0.23552419 -0.28431625
v 0.28530809 0.26859117 -0.29140201
v 0.30949891 0.27156087 -0.2655725
v 0.31632127 0.27220394 -0.23136268
v 0.30200523 0.30387483 -0.25612964
v 0.32099616 0.30573364 -0.22856105
v 0.28463455 0.3019386 -0.28664237
v 0.27892007 0.33415843 -0.275647
v 0.30512067 0.33828727 -0.25178436
v 0.31644454 0.33868468 -0.21949371
v 0.30291671 0.37214332 -0.24116817
v 0.31916822 0.3720898 -0.21169147
v 0.27717391 0.36739463 -0.2652748
v 0.27457898 0.40076186 -0.25275375
v 0.29802562 0.40388679 -0.2262635
v 0.24689578 0.39602424 -0.27347217
v 0.26721742 0.43064864 -0.2347853
v 0.24416803 0.43017978 -0.25960838
v 0.25600665 0.45832801 -0.2141838
v 0.28983846 0.4326411 -0.20772487
v 0.27751148 0.45860885 -0.18818416
v 0.23165922 0.45580855 -0.23519527
v 0.21371757 0.47514434 -0.20512542
v 0.23849885 0.47815444 -0.18624664
v 0.19080387 0.47510844 -0.22570442
v 0.20426237 0.50825949 -0.18392318
v 0.22411617 0.49760085 -0.1593679
v 0.21384706 0.51494414 -0.13436138
v 0.25125389 0.4937345 -0.14040222
v 0.24694536 0.51466361 -0.11904571
v 0.26561338 0.48083773 -0.1669561
v 0.29327716 0.47564376 -0.14610881
v 0.27995349 0.48648612 -0.12229023
v 0.3062337 0.4574935 -0.16622791
v 0.32912441 0.44280089 -0.14252651
v 0.3198915 0.46218821 -0.12480446
v 0.30957362 0.43004638 -0.18038852
v 0.33143092 0.41969703 -0.15803981
v 0.31184577 0.40101745 -0.19540195
v 0.33329841 0.39709197 -0.17378017
v 0.33645667 0.36939761 -0.18619632
v 0.35036971 0.36332954 -0.16033973
v 0.34344157 0.38282329 -0.14688442
v 0.33816886 0.33835189 -0.19579597
v 0.353101 0.33340945 -0.17056205
v 0.33683158 0.30434392 -0.20213693
v 0.34732562 0.29860303 -0.17560844
v 0.33034633 0.26971738 -0.20484264
v 0.34594863 0.26398874 -0.1806966
v 0.34145427 0.23023845 -0.18582534
v 0.35428687 0.18890882 -0.17436227
v 0.35556781 0.22257438 -0.16123949
v 0.35330077 0.25532779 -0.1525053
v 0.36045432 0.2453791 -0.1231311
v 0.36808177 0.21357234 -0.13508186
v 0.35069644 0.28840467 -0.14713989
v 0.35640983 0.27636558 -0.11745537
v 0.37638362 0.26857095 -0.08833889
v 0.38207927 0.23803527 -0.09710184
v 0.36225757 0.30733352 -0.11504509
v 0.36023257 0.32254333 -0.14386612
v 0.3682244 0.29701566 -0.08545839
v 0.37016532 0.28979158 -0.0539809
v 0.37881511 0.26126335 -0.05864174
v 0.35730975 0.3279293 -0.10474289
v 0.35993617 0.31674058 -0.07674934
v 0.36254623 0.3097545 -0.04747532
v 0.35899123 0.30472636 -0.01753166
v 0.37188979 0.33693389 -0.06737686
v 0.3733538 0.33167754 -0.03881931
v 0.36752895 0.32850127 -0.01062828
v 0.37278331 0.32661468 0.01715425
v 0.37587215 0.35878234 -0.02803348
v 0.36812297 0.35700343 -0.00177853
v 0.37000648 0.35579642 0.02466427
v 0.37555411 0.35227248 0.05209555
v 0.36861873 0.38846034 0.00694183
v 0.35315902 0.38262286 0.03097622
v 0.36410281 0.38347045 0.05667427
v 0.34189136 0.41340411 0.03400875
v 0.34296863 0.41288074 0.05821712
v 0.34161834 0.40902152 0.08281948
v 0.33161338 0.44708228 0.08044933
v 0.32664024 0.44609942 0.05584144
v 0.33326965 0.44611731 0.10514263
v 0.30617891 0.4773741 0.09861458
v 0.30521964 0.47843673 0.07343784
v 0.30245145 0.47237319 0.12357547
v 0.28385446 0.50709822 0.12250805
v 0.28058042 0.50716033 0.09400001
v 0.27938619 0.49993384 0.15013855
v 0.25877597 0.53174384 0.12322956
v 0.253309 0.52163581 0.15485534
v 0.250473 0.51221656 0.18759758
v 0.22962318 0.53692897 0.19411537
v 0.22788837 0.53225486 0.22735752
v 0.20352556 0.55675536 0.22904323
v 0.19248613 0.54864798 0.25871007
v 0.25727128 0.5339849 0.09115223
v 0.28016322 0.50845679 0.06641022
v 0.25222621 0.52968215 0.06001266
v 0.27834155 0.50666426 0.03899452
v 0.2569382 0.53403888 0.02914699
v 0.27844041 0.5032128 0.0125824
v 0.25974445 0.53260474 -0.000825
v 0.29200977 0.5100912 -0.01150192
v 0.25888269 0.5226689 -0.02791565
v 0.3015723 0.51017539 -0.03580326
v 0.26906446 0.52504229 -0.05361896
v 0.30651883 0.502708 -0.06022087
v 0.27445176 0.5176438 -0.07772549
v 0.23949005 0.52538008 -0.09459751
v 0.28074071 0.50864196 -0.10258316
v 0.30655116 0.48984809 -0.08329223
v 0.30479045 0.47147189 -0.10292763
v 0.33854831 0.44222072 -0.10067188
v 0.3450312 0.42215522 -0.11794563
v 0.35173598 0.40215648 -0.09289375
v 0.34123698 0.39809859 -0.13163383
v 0.35944739 0.37859 -0.10855636
v 0.3479544 0.35822051 -0.1201107
v 0.35070281 0.34582137 -0.13263115
v 0.36353393 0.34550346 -0.09431824
v 0.37213626 0.36877227 -0.08385959
v 0.37685313 0.36195171 -0.05606869
v 0.36437461 0.39566375 -0.06956673
v 0.36861415 0.39091071 -0.04446182
v 0.37076358 0.38828921 -0.01809193
v 0.3543848 0.41660693 -0.03611935
v 0.35751781 0.41883464 -0.01274849
v 0.35103381 0.41687972 0.01145779
v 0.33934074 0.44377318 -0.03453571
v 0.3351197 0.44526267 -0.01083908
v 0.32788924 0.44511027 0.00987141
v 0.32157939 0.44324691 0.03180088
v 0.31499372 0.48204871 0.00196712
v 0.32162605 0.48019671 -0.02019463
v 0.3030615 0.47655249 0.02435745
v 0.30083247 0.4760147 0.04850513
v 0.32226527 0.47319724 -0.04202835
v 0.1081546 0.4316225 0.52554034
v 0.06426181 0.40823619 0.52834735
v 0.03311399 0.42010245 0.52991107
v 0.02714346 0.37740161 0.53979911
v 0.00042738 0.41630294 0.51825507
v -0.00071566 0.37487228 0.52966658
v -0.00482136 0.33896495 0.54753691
v 0.2894803 0.39530158 0.35734084
v 0.30224067 0.36596362 0.349897
v 0.30214214 0.37597472 0.31971818
v 0.31744766 0.34835731 0.31276399
v 0.30635719 0.33537849 0.33538314
v 0.32867896 0.36015643 0.28876872
v 0.33008525 0.33868648 0.25478795
v 0.32266826 0.30339168 0.25404764
v 0.30992 0.27167297 0.26104959
v 0.29009368 0.24098524 0.26067998
v 0.29335777 0.24480764 0.27667062
v 0.2992403 0.24904714 0.2924817
v 0.27447353 0.22458589 0.29471208
v 0.3046878 0.25972661 0.30769883
v 0.30212892 0.28967277 0.33241702
v 0.27278377 0.21572469 0.28011663
v 0.28820447 0.20361644 0.27858917
v 0.27278377 0.21572469 0.28011663
v 0.30496463 0.23182918 0.25201579
v 0.29009368 0.24098524 0.26067998
v 0.31701009 0.21517499 0.24431217
v 0.30310579 0.1887083 0.26957357
v 0.32369754 0.19700779 0.22789018
v 0.31240962 0.17025117 0.2464854
v 0.32263763 0.12644909 0.25405166
v 0.29578761 0.14738788 0.26163545
v 0.28863954 0.16600536 0.29000949
v 0.37091869 0.12204778 0.09058403
v 0.3727885 0.09237715 0.04472752
v 0.35538772 0.07018123 -0.00363331
v 0.2858389 0.02730072 -0.10626635
v 0.28332292 0.00433823 -0.11039494
v 0.28642473 0.01932899 -0.07553874
v 0.28010311 -0.00325207 -0.07560509
v 0.2858389 0.02730072 -0.10626635
v 0.28355756 0.03414523 -0.13630819
v 0.27274034 -0.02323204 -0.11042744
v 0.26392408 -0.02871593 -0.07851616
v 0.27676841 -0.05740261 -0.1061661
v 0.26766704 -0.06012661 -0.07215779
v 0.27707496 -0.05514671 -0.14243313
v 0.26762422 -0.08922268 -0.13828251
v 0.26791582 -0.08932712 -0.10318789
v 0.24303214 -0.11969356 -0.09851034
v 0.24828363 -0.06027187 -0.0421638
v 0.25510948 -0.03263462 -0.04410035
v 0.22791128 -0.03301037 -0.02146784
v 0.21844068 -0.05934997 -0.02067228
v 0.19399496 -0.02929481 -0.00934761
v 0.2287965 -0.001572 -0.02384596
v 0.26607074 -0.00411678 -0.04175817
v 0.26833434 0.02011986 -0.04566165
v 0.14279582 0.01165256 -0.31203864
v -0.24195302 0.53743094 -0.02323086
v -0.26834924 0.50376838 -0.05468346
v -0.27158456 0.514024 -0.02428204
v -0.30173534 0.48463263 -0.05733253
v -0.30264428 0.47662154 -0.08964309
v -0.32326045 0.44493895 -0.08842232
v -0.31996419 0.43420314 -0.12209469
v -0.33624995 0.4008937 -0.11955757
v -0.32359622 0.38606219 -0.15085285
v -0.33116584 0.34995868 -0.14860641
v -0.32454162 0.33975341 -0.18419086
v -0.15367526 0.05104332 -0.38561549
v -0.11857786 0.03581043 -0.37351318
v -0.14580427 0.03490215 -0.35990985
v -0.17046697 0.04145733 -0.33469985
v -0.13628038 0.02391987 -0.33511417
v -0.15896892 0.03350553 -0.31388259
v -0.19042369 0.0403227 -0.29518569
v -0.16845153 0.013922 -0.31589839
v -0.19992052 0.01760086 -0.29776811
v -0.15896892 0.03350553 -0.31388259
v -0.2248546 0.03973404 -0.272159
v -0.23110033 0.02176235 -0.27297084
v -0.19042369 0.0403227 -0.29518569
v -0.24995693 0.04981636 -0.24164413
v -0.25763494 0.02772442 -0.24428235
v -0.21679159 0.0542955 -0.27259212
v -0.23397712 0.06356834 -0.23727262
v -0.2763985 0.0316415 -0.21098701
v -0.2648217 0.05676117 -0.21251626
v -0.24450099 0.07149313 -0.20550455
v -0.28339261 0.03652874 -0.16702158
v -0.2739381 -0.00101738 -0.21037216
v -0.25444309 -0.00319588 -0.24083177
v -0.28477025 0.00054749 -0.17462112
v -0.27142238 -0.03904156 -0.18063467
v -0.25772594 -0.03742649 -0.20932363
v -0.28547447 -0.00344788 -0.13859906
v -0.27984302 0.02656887 -0.12603651
v -0.27832696 -0.01082611 -0.1061113
v -0.2329104 -0.06822426 -0.20381267
v -0.24313823 -0.06736378 -0.1762454
v -0.22154138 -0.10354572 -0.19633543
v -0.23290494 -0.09864067 -0.16673841
v -0.19867534 -0.12389572 -0.18079959
v -0.21186483 -0.1146653 -0.15050383
v -0.22200069 -0.10244415 -0.11955426
v -0.18960321 -0.1234658 -0.13397329
v -0.20203733 -0.10911434 -0.10230195
v -0.23160942 -0.08032684 -0.09108639
v -0.20966686 -0.08443134 -0.07464994
v -0.24127704 -0.05221416 -0.07249035
v -0.177717 -0.1106118 -0.08874869
v -0.16590738 -0.12625953 -0.11894018
v -0.14208829 -0.12657692 -0.10481745
v -0.15186906 -0.11014225 -0.0780618
v -0.12598894 -0.13436123 -0.13122323
v -0.14920541 -0.13574432 -0.14799976
v -0.10368958 -0.13113887 -0.11353236
v -0.08492239 -0.13004165 -0.13409889
v -0.10483489 -0.1353387 -0.15495001
v -0.06093298 -0.12688175 -0.15139477
v -0.07948421 -0.12881431 -0.17485469
v -0.03527475 -0.11725132 -0.16128885
v -0.10116649 -0.13259163 -0.19626886
v -0.12726967 -0.13938213 -0.17424299
v -0.12712359 -0.1339059 -0.21583625
v -0.15230605 -0.13677814 -0.19218317
v -0.1738026 -0.13366985 -0.16436674
v -0.1797676 -0.12894447 -0.20965072
v -0.20414327 -0.10559269 -0.22400842
v -0.18397228 -0.10473892 -0.2496924
v -0.1567454 -0.12737011 -0.23450952
v -0.16102476 -0.10088341 -0.27123226
v -0.13285772 -0.12078723 -0.25450092
v -0.13647738 -0.09548759 -0.28882158
v -0.10970331 -0.11167507 -0.27013847
v -0.1109876 -0.09182041 -0.30420997
v -0.08587308 -0.10380741 -0.28523898
v -0.0947209 -0.06470688 -0.3252
v -0.12442255 -0.06463161 -0.31195588
v -0.15393775 -0.06717537 -0.29673118
v -0.13385392 -0.03936489 -0.32036418
v -0.16226549 -0.03679237 -0.29979755
v -0.18020748 -0.06930374 -0.27800899
v -0.18884244 -0.03342445 -0.27805242
v -0.16827942 -0.01047081 -0.3121619
v -0.2002458 -0.00886444 -0.29484012
v -0.20024835 -0.06883053 -0.25482772
v -0.21233047 -0.03317928 -0.25509593
v -0.22920938 -0.00611053 -0.26888399
v -0.23667985 -0.03625744 -0.23429391
v -0.21610984 -0.06786449 -0.22991918
v -0.13831188 0.01039162 -0.33197269
v -0.13743581 -0.0108707 -0.32551673
v -0.10720493 0.0070768 -0.34003432
v -0.10546665 -0.01330463 -0.33250659
v -0.10199139 -0.03975471 -0.33072849
v -0.07297562 -0.01609737 -0.335125
v -0.06993049 -0.03979881 -0.3346062
v -0.06508606 -0.0635313 -0.33234092
v -0.03928581 -0.01971077 -0.33885349
v -0.00776332 -0.01803535 -0.33441669
v -0.01674979 0.0005365 -0.34547065
v -0.04541726 -0.00215801 -0.35116546
v -0.0770538 0.0009906 -0.34778606
v -0.04885926 0.01041405 -0.35672488
v -0.08029344 0.0160564 -0.35230968
v -0.10877562 0.02112015 -0.34654212
v -0.10877562 0.02112015 -0.34654212
v -0.08029344 0.0160564 -0.35230968
v -0.13628038 0.02391987 -0.33511417
v -0.02091952 0.01373482 -0.35312427
v 0.00026061 -0.07179897 -0.26564647
v -0.00152279 -0.07579876 -0.24331249
v -0.01913869 -0.08805488 -0.27478858
v 0.00026061 -0.07179897 -0.26564647
v 0.00248681 -0.06923946 -0.28959134
v -0.010692 -0.07589001 -0.29401168
v -0.00248358 -0.08227688 -0.21757297
v 0.00238084 -0.08286381 -0.18881979
v -0.27042697 0.06668834 -0.13207002
v -0.26283748 0.07172862 -0.15623151
v 0.0451138 0.18451892 0.4420832
v 0.06581594 0.19871631 0.47902236
v 0.07416681 0.19505842 0.44247642
v 0.00616888 0.18115539 0.44819343
v 0.09168502 0.21448175 0.47859591
v 0.09780985 0.21364419 0.44431769
v 0.0824157 0.2273458 0.51025008
v 0.10090282 0.2603189 0.5296564
v 0.13434926 0.26182323 0.52535102
v 0.13364443 0.28473216 0.53921988
v 0.16813951 0.27737228 0.5281827
v 0.16408744 0.25970184 0.51274447
v 0.19423896 0.25221782 0.49811232
v 0.19915178 0.2748067 0.51142405
v 0.22402404 0.28218274 0.49667189
v 0.22094354 0.25544322 0.48245215
v 0.2006357 0.24025012 0.46039439
v 0.18154281 0.24106059 0.47719298
v 0.21394477 0.24469032 0.43885955
v 0.22368003 0.24506862 0.41829906
v 0.17141286 0.23622142 0.4300875
v 0.18585733 0.23326662 0.41217246
v 0.19896743 0.23414197 0.39281623
v 0.16249788 0.21649913 0.38442966
v 0.14724557 0.21786563 0.40548694
v 0.12396753 0.20900266 0.38711265
v 0.14210046 0.20960077 0.35996787
v 0.11962303 0.18821224 0.34920814
v 0.09972731 0.18976892 0.37842998
v 0.13255184 0.22473957 0.42602611
v 0.108216 0.21184585 0.41480262
v 0.08212199 0.19662956 0.40687068
v 0.15869464 0.23952621 0.44608596
v 0.05336276 0.18355922 0.40235911
v 0.01870465 0.17254436 0.40804355
v 0.20491628 0.02533524 0.2468721
v 0.23422349 0.01247501 0.22471609
v 0.19912542 0.0109948 0.22581226
v 0.22684755 -0.00475613 0.20512739
v 0.19415908 0.00093536 0.20223541
v 0.26858463 -0.0035508 0.20720825
v 0.25738361 -0.01696217 0.17640571
v 0.22066804 -0.01949177 0.1806133
v 0.2896877 0.00069557 0.16387012
v 0.27320701 -0.00674885 0.14289124
v 0.24227676 -0.01656479 0.1497356
v 0.29471507 0.00790256 0.12109414
v 0.2676984 0.0109613 0.10612474
v 0.27863391 0.02503784 0.08798103
v 0.24690765 0.03074299 0.07956357
v 0.23423437 0.02535805 0.09858063
v 0.25285806 0.03790489 0.06100231
v 0.21653902 0.04758057 0.05916448
v 0.21039167 0.04696037 0.08092992
v 0.2163381 0.04906689 0.04282389
v 0.17116644 0.05718288 0.03830584
v 0.17142868 0.04995994 0.02831285
v 0.20145156 0.02846302 0.09086643
v 0.1698069 0.03304611 0.09442383
v 0.14385336 0.04146595 0.10706801
v 0.14136104 0.01838028 0.11960788
v 0.16615247 0.01503235 0.10571692
v 0.11062877 0.05053665 0.11554143
v 0.09422321 0.05514377 0.13988358
v 0.0804671 0.0565179 0.12729751
v 0.10235489 0.05362186 0.10260302
v 0.07292674 0.06332058 0.1152984
v 0.09114616 0.0602718 0.09158937
v 0.09114616 0.0602718 0.09158937
v 0.06214154 0.05735901 0.10914386
v 0.0832142 0.04912479 0.08808959
v 0.10796304 0.05538994 0.06920905
v 0.10112327 0.04378677 0.06429284
v 0.07773598 0.03672687 0.08684063
v 0.09800154 0.03012066 0.06053867
v 0.11469262 0.04365818 0.04131828
v 0.11517307 0.02856495 0.0349201
v 0.11368726 0.06031551 0.04439783
v 0.11469262 0.04365818 0.04131828
v 0.1403479 0.05320774 0.03638735
v 0.11368726 0.06031551 0.04439783
v 0.0508643 0.04518082 0.1081499
v 0.04604697 0.07475166 0.12072886
v 0.02960615 0.06342853 0.11948847
v 0.01815249 0.089468 0.12234947
v 0.03626834 0.09645641 0.1248484
v 0.01499632 0.11458414 0.1199163
v 0.03460822 0.11912622 0.12326147
v 0.01611769 0.13844997 0.11214946
v 0.03399273 0.13978061 0.12028202
v 0.01639691 0.16281236 0.1100225
v 0.03737794 0.16226959 0.12148813
v 0.04261567 0.14192608 0.12948572
v 0.05093377 0.14563467 0.14412024
v 0.04939162 0.16686052 0.14199421
v 0.06123824 0.15463855 0.1651007
v 0.06082486 0.17818534 0.16211416
v 0.07050889 0.1779503 0.1909539
v 0.07641352 0.1632418 0.18530767
v 0.07050889 0.1779503 0.1909539
v 0.04215765 0.18869182 0.17190912
v 0.06082486 0.17818534 0.16211416
v 0.05334606 0.17988325 0.20248617
v 0.02254838 0.20048683 0.1848081
v 0.03420345 0.18097467 0.2163673
v -0.00357539 0.1951728 0.15482754
v 0.03488054 0.16732689 0.25053796
v 0.05785516 0.16666856 0.2365982
v 0.04323647 0.17081302 0.28473728
v 0.0673534 0.16468113 0.26920677
v 0.08852806 0.16858245 0.25256975
v 0.10054089 0.17305685 0.28088455
v 0.07910245 0.16899917 0.22256959
v 0.10401839 0.16002561 0.23948963
v 0.09087535 0.16189256 0.2114723
v 0.1249275 0.15117151 0.26215768
v 0.1166209 0.16467092 0.26782524
v 0.09087535 0.16189256 0.2114723
v 0.10401839 0.16002561 0.23948963
v 0.13213077 0.16876743 0.29094814
v 0.1408572 0.15327155 0.28363437
v 0.11651359 0.17833217 0.30554965
v 0.13790532 0.18768255 0.32386146
v 0.15269465 0.17578651 0.30916763
v 0.16022037 0.15686279 0.29447297
v 0.1249275 0.15117151 0.26215768
v 0.05496807 0.07609142 0.12925454
v 0.07292674 0.06332058 0.1152984
v 0.05496807 0.07609142 0.12925454
v 0.08255254 0.0644144 0.1611277
v 0.13855101 -0.00306286 0.12929666
v 0.16513761 -0.00348633 0.11779276
v 0.17102455 -0.01833195 0.1331979
v 0.14524724 -0.01851391 0.14439035
v 0.18018352 -0.02225791 0.15537399
v 0.21069852 -0.02195644 0.15371935
v 0.1881678 -0.01522381 0.17982465
v 0.16810428 0.01860916 0.22687
v 0.16989597 0.03089809 0.24991941
v 0.1388345 0.02045513 0.23221794
v 0.13992034 0.03674244 0.26119819
v 0.11063449 0.01511066 0.23946166
v 0.11891641 0.0452253 0.26761491
v 0.09547427 0.05910396 0.26128921
v 0.13432455 0.07930357 0.29023258
v 0.15685599 0.06649311 0.27416372
v -0.29098863 0.46590114 0.25598771
v -0.33156478 0.39824733 0.20446891
v -0.23390003 0.18843504 0.31177913
v -0.2392605 0.19664556 0.33440398
v -0.2104857 0.1825626 0.32260391
v -0.21215078 0.19677494 0.34031783
v -0.18580839 0.17795564 0.32228179
v -0.18510088 0.18988483 0.34233203
v -0.18417978 0.20664644 0.36135932
v -0.15243653 0.19908107 0.35074111
v -0.15715654 0.18316394 0.33392059
v -0.14286531 0.2137334 0.37015281
v -0.13163105 0.17542684 0.31713956
v -0.16142471 0.17259901 0.31406066
v -0.13745849 0.16361559 0.30184261
v -0.11063094 0.1713315 0.29234453
v -0.11784427 0.15809978 0.2808641
v -0.13745849 0.16361559 0.30184261
v -0.16142471 0.17259901 0.31406066
v -0.16114622 0.15263683 0.30600915
v -0.14007762 0.14774614 0.2915767
v -0.18513195 0.15689947 0.31451524
v -0.18580839 0.17795564 0.32228179
v -0.2104857 0.1825626 0.32260391
v -0.00549925 0.17600795 0.13221904
v -0.00756999 0.16206157 0.10769938
v -0.0339365 0.14567968 0.11015138
v 0.0058842 -0.08266216 -0.03856196
v 0.0077631 -0.05661247 -0.30881042
v 0.01221917 -0.0356086 -0.31773435
v 0.00836853 0.00724586 -0.33029685
v 0.01224263 -0.0127795 -0.32173606
v -0.04486907 0.1534007 0.12765168
v 0.04261567 0.14192608 0.12948572
v 0.04939162 0.16686052 0.14199421
v 0.04008974 0.12154512 0.13173892
v 0.04396634 0.09936424 0.13498031
vn -0.07438 -0.39758 0.91455
vn -0.08202 -0.07595 0.99373
vn -0.0192 -0.21311 0.97684
vn -0.0457 -0.32802 0.94356
vn -0.40198 -0.52402 0.75088
vn -0.41213 -0.45386 0.79004
vn 0.56181 -0.46576 0.68369
vn 0.11737 -0.9477 0.29679
vn 0.17512 0.12618 0.97643
vn 0.69745 0.00686 0.7166
vn -0.05314 0.14644 0.98779
vn -0.28244 -0.95661 0.07166
vn -0.106 -0.96535 0.23848
vn -0.00123 -0.93567 -0.35287
vn -0.16477 -0.94545 -0.28103
vn -0.31793 -0.88577 -0.33813
vn -0.41044 -0.87429 -0.25916
vn -0.05948 -0.93129 -0.35938
vn -0.22986 -0.93945 -0.25415
vn 0.25327 -0.86201 -0.43908
vn 0.20415 -0.93472 -0.29091
vn -0.01327 -0.90362 0.42812
vn 0.20314 -0.77471 0.5988
vn -0.3898 -0.77436 0.49843
vn -0.01229 -0.93477 0.35504
vn -0.01845 -0.6617 0.74954
vn 0.49601 -0.85053 0.17484
vn 0.57783 -0.626 0.52368
vn 0.51285 -0.48133 0.71085
vn 0.67819 -0.64179 0.358
vn 0.80197 -0.57359 0.16686
vn 0.79715 -0.48035 0.36581
vn 0.90047 -0.28238 0.33079
vn 0.78452 -0.34842 0.51297
vn 0.57158 -0.60291 0.55658
vn 0.8744 0.06455 0.48089
vn -0.24196 0.22945 0.94277
vn -0.16374 -0.35557 0.92019
vn -0.22595 0.02073 0.97392
vn -0.3791 -0.2774 0.8828
vn -0.28195 0.1155 0.95245
vn -0.25759 0.18413 0.94855
vn -0.54583 -0.22643 0.80672
vn -0.85817 -0.35215 -0.37353
vn -0.81952 -0.17182 -0.54669
vn -0.75423 -0.55732 -0.34718
vn -0.76053 -0.64395 -0.08314
vn -0.79424 -0.5113 -0.32826
vn -0.62119 -0.77832 -0.0913
vn -0.88686 -0.31082 -0.34187
vn -0.83832 -0.33829 -0.42752
vn -0.69931 -0.25034 -0.66955
vn -0.76235 -0.12403 -0.63517
vn -0.71612 -0.22366 -0.66117
vn -0.19022 0.98144 -0.02437
vn 0.1836 0.9794 -0.08405
vn 0.18986 0.96522 -0.17975
vn -0.05199 0.96766 -0.24685
vn -0.11779 0.99246 -0.03402
vn -0.06952 0.95572 -0.28596
vn -0.07574 0.98879 0.12865
vn -0.21127 0.97339 0.08881
vn 0.63557 -0.41933 0.64823
vn 0.87418 -0.45464 0.17063
vn 0.3578 -0.8713 0.33588
vn 0.49184 -0.86765 0.07266
vn 0.23544 -0.94981 0.20598
vn 0.40145 -0.90429 0.14526
vn 0.31549 -0.92849 0.19588
vn 0.45117 -0.89218 0.02152
vn 0.47011 -0.86413 0.17966
vn -0.0237 -0.99867 0.04585
vn -0.08345 -0.96516 -0.24798
vn 0.42964 -0.76404 0.4813
vn -0.193 -0.82542 -0.5305
vn -0.25954 -0.8917 -0.37083
vn -0.15578 -0.94901 -0.27408
vn -0.15994 -0.98444 -0.07277
vn -0.76119 -0.46536 -0.45169
vn -0.872 -0.20599 -0.44406
vn -0.71501 -0.33431 -0.614
vn -0.84266 -0.1024 -0.52862
vn -0.93675 0.01113 -0.34983
vn -0.9539 -0.18209 -0.23856
vn -0.82304 -0.53764 -0.18316
vn -0.00235 0.3065 0.95187
vn -0.15946 0.30183 0.93993
vn -0.03211 0.36679 0.92975
vn -0.25917 0.20644 0.94351
vn 0.57725 0.3379 -0.74337
vn 0.59567 -0.01802 -0.80303
vn 0.62128 0.04762 -0.78214
vn 0.57679 0.38724 -0.71927
vn 0.65236 -0.28724 -0.70137
vn 0.72871 -0.40271 -0.55391
vn 0.78958 -0.4842 -0.37699
vn 0.8204 -0.33075 0.46642
vn 0.80667 0.0054 0.59098
vn 0.71999 -0.20169 0.66403
vn 0.70916 -0.60041 0.3696
vn 0.91893 -0.12122 0.37533
vn 0.88409 0.24099 0.40038
vn 0.56753 -0.58795 0.57638
vn 0.87778 -0.47501 -0.06221
vn 0.93858 -0.25948 0.22746
vn 0.91121 -0.32834 0.24876
vn 0.95465 -0.2954 -0.03727
vn 0.89903 -0.1554 0.40939
vn 0.92423 -0.12285 0.36154
vn 0.98721 -0.10535 0.11968
vn -0.16519 -0.97598 -0.14204
vn 0.09071 -0.51657 -0.85143
vn -0.02094 -0.49147 -0.87065
vn -0.26321 -0.95706 -0.12151
vn 0.07045 -0.21409 -0.97427
vn -0.0399 -0.20257 -0.97846
vn -0.12394 -0.79421 0.59487
vn -0.26489 -0.47279 0.84042
vn -0.3584 -0.76775 0.53114
vn -0.55766 -0.45845 0.69198
vn -0.38417 -0.7768 0.49899
vn -0.13932 -0.87535 0.46298
vn -0.73274 -0.36234 0.57603
vn -0.1789 -0.684 0.7072
vn -0.83487 -0.49315 0.24452
vn -0.31461 -0.44931 0.83614
vn -0.04748 -0.97424 0.22047
vn -0.3073 -0.4611 -0.83244
vn -0.89274 -0.26401 -0.36512
vn 0.40628 -0.88117 -0.24182
vn 0.30971 -0.72905 0.61038
vn 0.55718 -0.67179 0.48811
vn -0.11259 -0.79413 0.59722
vn -0.50587 0.84886 -0.1534
vn -0.51009 0.86004 0.01218
vn -0.5658 0.82244 -0.05881
vn -0.5035 0.85486 -0.12534
vn -0.60645 0.79506 -0.00936
vn -0.58543 0.80986 0.03751
vn -0.57051 0.81642 -0.08932
vn 0.11208 -0.79131 0.60106
vn 0.13259 -0.90796 0.39752
vn 0.13022 -0.80277 0.5819
vn 0.1466 -0.91241 0.38212
vn -0.28779 -0.8415 0.45722
vn -0.12348 -0.96215 0.24292
vn 0.01337 -0.99562 0.09248
vn 0.51736 0.24816 0.819
vn 0.49136 0.1829 0.85154
vn 0.40995 0.06253 0.90996
vn 0.52296 0.1115 0.84503
vn 0.42318 0.0768 0.90278
vn 0.4036 0.15211 0.9022
vn 0.49215 0.05383 0.86885
vn -0.70349 -0.15535 -0.69352
vn 0.43046 -0.67396 0.60041
vn 0.18231 -0.72886 0.65995
vn 0.16951 -0.85699 0.48667
vn 0.48113 -0.74826 0.45675
vn 0.56162 -0.48874 0.66762
vn 0.74729 -0.48075 0.45873
vn 0.30983 -0.52502 0.79269
vn 0.02859 -0.9322 -0.36081
vn 0.27184 -0.9077 -0.31965
vn 0.08107 -0.97853 -0.18948
vn 0.26676 -0.8808 -0.3912
vn 0.1817 -0.84998 -0.49449
vn 0.34476 -0.91779 -0.19696
vn 0.06677 -0.91228 -0.40409
vn 0.41803 -0.8225 -0.38568
vn 0.34246 -0.64306 -0.68498
vn 0.0579 -0.65659 -0.75203
vn -0.15257 -0.68416 -0.7132
vn -0.04065 -0.91582 -0.39953
vn -0.06631 -0.94818 -0.31074
vn -0.11718 -0.94874 -0.29352
vn -0.00952 -0.94226 -0.33475
vn -0.19833 -0.92828 -0.31459
vn -0.20861 -0.93034 -0.30158
vn -0.1295 -0.88951 -0.43817
vn 0.8917 -0.25628 0.37307
vn 0.87083 -0.3534 0.34171
vn 0.81402 -0.02711 0.58021
vn 0.89823 -0.22847 0.37547
vn 0.89427 -0.03324 0.44629
vn 0.92838 -0.18593 0.32176
vn 0.78931 0.11844 0.60247
vn 0.85758 0.20284 0.47267
vn -0.87842 0.32337 0.35186
vn -0.85221 -0.02316 0.52268
vn -0.9239 0.34809 0.15885
vn -0.94439 0.24731 0.21672
vn -0.89962 0.31981 0.29734
vn -0.8185 0.45343 0.35279
vn -0.95311 0.11278 0.28082
vn 0.03089 -0.60941 0.79226
vn 0.12428 -0.55106 0.82516
vn 0.26329 -0.71929 0.64289
vn 0.21506 -0.7637 0.60869
vn 0.05861 -0.65775 0.75095
vn 0.40756 -0.60968 0.67984
vn -0.91468 0.1968 0.35302
vn -0.96118 0.09771 0.25804
vn -0.79903 -0.34884 0.48975
vn -0.81538 -0.36915 0.44596
vn -0.69794 -0.3782 0.60815
vn -0.77634 0.18136 0.60365
vn -0.67922 -0.47136 0.56256
vn -0.54975 0.69261 0.46698
vn -0.62646 0.69615 0.3506
vn -0.62813 0.71905 0.29737
vn -0.59828 0.6866 0.41308
vn -0.66458 0.61736 0.42095
vn -0.70981 0.60074 0.36781
vn -0.68457 0.64135 0.34647
vn -0.22165 -0.73253 0.64364
vn 0.29991 -0.80391 0.51359
vn -0.48568 -0.7251 0.48821
vn 0.0396 -0.43428 0.89991
vn 0.08357 -0.7168 0.69225
vn 0.87782 -0.32107 0.35546
vn 0.1982 -0.38549 0.90118
vn 0.97825 -0.12031 -0.169
vn 0.7435 -0.40466 -0.5324
vn 0.24818 -0.93079 -0.2684
vn 0.34211 -0.92869 -0.14319
vn 0.17079 -0.95096 -0.25789
vn 0.46911 -0.87307 -0.13298
vn 0.28285 -0.93915 -0.19492
vn 0.50305 -0.86113 -0.07345
vn 0.01066 -0.98544 -0.1697
vn 0.12361 -0.98668 -0.10571
vn 0.48595 -0.84801 -0.21152
vn 0.399 -0.89461 -0.2012
vn -0.36969 0.88207 0.29203
vn -0.5302 0.83563 0.14358
vn -0.4207 0.89289 0.16051
vn -0.5438 0.78711 0.29109
vn -0.31136 0.91808 0.24533
vn -0.51319 0.81971 0.2544
vn -0.41332 0.7935 0.44669
vn -0.43556 0.80537 0.40208
vn -0.51999 0.84564 0.12046
vn -0.47501 0.84869 0.23257
vn -0.40358 0.81903 0.40781
vn 0.81234 -0.02361 -0.58271
vn 0.78406 -0.0883 -0.61437
vn 0.76801 0.01651 -0.64023
vn 0.81515 0.06103 -0.57602
vn 0.95013 0.11405 -0.29024
vn 0.89886 0.19869 -0.39061
vn 0.77316 -0.21709 -0.5959
vn 0.8279 -0.10409 -0.55113
vn 0.82903 0.03555 -0.55807
vn 0.74446 -0.30645 -0.59319
vn 0.82203 0.25824 -0.50752
vn 0.98184 -0.18341 -0.04848
vn 0.99697 0.0018 0.07772
vn 0.97036 -0.23905 0.0355
vn 0.96947 0.2312 -0.08173
vn 0.91761 0.32505 -0.22876
vn 0.9134 -0.29057 -0.28508
vn 0.82805 -0.47073 -0.30453
vn 0.86243 0.13866 0.48681
vn 0.95592 0.11495 0.2702
vn 0.92571 0.02047 0.37768
vn 0.97902 0.10343 0.17558
vn 0.97683 -0.16697 0.13388
vn 0.91518 -0.02171 0.40245
vn 0.94535 -0.194 0.26208
vn 0.8104 0.11889 0.57368
vn 0.9765 0.19291 0.09613
vn 0.98444 -0.1451 0.09909
vn 0.98475 0.13568 0.10888
vn -0.45543 -0.88605 0.08664
vn -0.461 -0.87441 0.15129
vn -0.45264 -0.8847 0.11151
vn -0.53539 -0.84183 0.06838
vn -0.28596 -0.95068 0.12013
vn -0.18099 -0.9808 0.07263
vn -0.13192 -0.99125 -0.00502
vn -0.68925 -0.60559 0.39774
vn -0.87404 0.04056 0.48415
vn -0.81349 -0.27137 0.51439
vn 0.2352 -0.9654 0.11262
vn 0.10213 -0.99449 -0.02377
vn 0.13986 -0.985 0.10111
vn 0.18204 -0.97993 0.08119
vn 0.13495 -0.9717 0.19388
vn 0.31672 -0.90975 0.2684
vn 0.31858 -0.90673 0.2763
vn 0.29407 -0.93966 0.17484
vn 0.13484 -0.97322 0.18616
vn 0.13938 -0.97235 0.18737
vn -0.45789 -0.75018 0.47704
vn 0.14856 -0.82659 0.54284
vn -0.31956 -0.84757 0.42369
vn 0.20622 -0.84527 0.49294
vn -0.01624 -0.71791 0.69595
vn 0.01332 -0.94065 0.33911
vn 0.06859 -0.83766 0.54187
vn -0.09354 -0.95682 0.27523
vn 0.13479 -0.18368 0.9737
vn -0.10473 -0.10948 0.98846
vn -0.41146 -0.1307 0.90201
vn -0.10739 -0.68825 0.71748
vn 0.15977 -0.85229 0.49807
vn -0.36208 -0.0721 0.92936
vn -0.44332 -0.01116 0.89629
vn -0.16477 -0.23162 0.95875
vn -0.14894 -0.40933 0.90015
vn -0.17241 -0.19407 0.96572
vn -0.09123 -0.99482 -0.04475
vn -0.09158 -0.96929 0.22822
vn -0.00175 -0.99918 0.0404
vn -0.32485 -0.93439 0.14625
vn -0.0137 -0.99899 -0.04286
vn 0.01904 -0.99619 -0.08515
vn 0.17046 -0.9853 -0.01101
vn -0.88506 0.44106 0.14882
vn -0.86832 0.44247 0.22414
vn -0.92518 0.3467 0.15441
vn -0.86606 0.44525 0.22735
vn -0.9415 0.28427 0.18102
vn -0.94525 0.2089 0.25073
vn -0.86105 0.36539 0.35367
vn -0.93366 0.1143 0.33944
vn -0.70188 0.62121 0.3485
vn -0.10741 -0.97631 -0.18784
vn -0.15719 -0.98756 0.00392
vn -0.07353 -0.99677 -0.03242
vn -0.15186 -0.9796 -0.13159
vn -0.0812 -0.93123 -0.35527
vn -0.16881 -0.94754 -0.27142
vn -0.19102 -0.95326 -0.23409
vn -0.81187 -0.37985 0.44338
vn -0.84636 -0.30064 0.43965
vn -0.74984 -0.52648 0.40069
vn -0.81575 -0.44795 0.36591
vn -0.83502 -0.34539 0.42831
vn -0.87746 -0.28957 0.38238
vn -0.90578 -0.32561 0.27119
vn 0.12298 -0.63565 0.76212
vn -0.02148 -0.89374 0.44807
vn 0.79698 -0.2924 0.52851
vn 0.41832 -0.39223 0.81925
vn 0.69894 -0.65467 0.28792
vn 0.30866 -0.87459 0.37392
vn 0.7067 -0.67449 -0.21364
vn 0.98442 -0.17582 -0.00203
vn 0.0909 -0.95346 -0.28749
vn 0.20492 -0.67127 0.71232
vn -0.04476 -0.56036 0.82704
vn 0.06003 -0.61166 0.78884
vn 0.12331 -0.59007 0.79788
vn 0.06462 -0.5792 0.81262
vn -0.08248 -0.5838 0.80769
vn 0.03849 -0.51153 0.8584
vn -0.89888 -0.11554 -0.42268
vn -0.90973 0.0098 -0.41509
vn -0.90918 0.02985 -0.41532
vn -0.91388 0.03515 -0.40447
vn -0.44574 -0.75016 0.48844
vn -0.49559 -0.51586 0.69878
vn -0.5863 -0.57639 0.56923
vn -0.30206 -0.59152 0.74757
vn -0.51315 -0.45046 0.7306
vn -0.60541 -0.51578 0.60617
vn -0.25303 -0.38591 0.88716
vn -0.08919 -0.39231 0.9155
vn -0.25257 -0.32884 0.90999
vn -0.23614 -0.35914 0.90292
vn -0.23645 -0.44934 0.8615
vn 0.95909 -0.01354 -0.28279
vn 0.88637 0.02124 -0.46249
vn 0.8274 -0.03659 -0.56042
vn 0.24701 0.96892 -0.01367
vn -0.09791 0.99475 -0.02983
vn -0.15505 0.9879 0.00413
vn 0.19087 0.97573 -0.10736
vn 0.0993 0.99092 0.09068
vn -0.09085 0.99445 0.05297
vn 0.10537 0.99438 -0.01038
vn -0.90757 0.2736 -0.31854
vn -0.83944 0.53502 -0.09533
vn -0.92825 0.07364 -0.36461
vn -0.77814 0.61453 -0.12981
vn -0.93466 0.35554 0.00036
vn -0.9651 -0.20506 -0.16286
vn 0.73299 -0.52103 -0.43733
vn 0.85274 -0.33431 -0.40133
vn 0.15924 0.97509 0.15443
vn 0.16055 0.98622 0.03987
vn 0.13806 0.99021 -0.02073
vn -0.89374 -0.29167 -0.34083
vn -0.85561 -0.41305 -0.31196
vn -0.82153 -0.14768 -0.55071
vn -0.72136 -0.58475 -0.3711
vn -0.77969 -0.14404 -0.60937
vn -0.78868 -0.31272 -0.52933
vn -0.64408 -0.62441 -0.4419
vn -0.4495 0.71316 -0.53791
vn -0.32937 0.57155 -0.75156
vn -0.44962 0.69277 -0.56384
vn -0.42293 0.65513 -0.62605
vn -0.50235 0.73005 -0.46333
vn -0.41413 0.75262 -0.51192
vn -0.51501 0.68617 -0.51375
vn 0.10187 0.7224 0.68393
vn -0.23798 0.69799 0.67541
vn 0.00578 0.60866 0.79341
vn -0.20735 0.53444 0.81938
vn 0.07153 0.51448 0.85452
vn 0.22168 0.76835 0.60042
vn 0.18181 0.78041 0.59825
vn 0.2551 0.73022 0.6338
vn -0.72492 -0.65441 -0.21501
vn -0.98494 -0.15034 -0.08543
vn -0.6602 -0.55681 -0.50408
vn -0.82466 -0.19226 -0.53195
vn -0.15181 -0.95341 -0.26069
vn -0.24083 -0.75487 -0.61006
vn -0.36283 -0.25389 -0.8966
vn 0.49495 -0.48967 -0.71781
vn 0.32618 -0.43714 -0.83816
vn 0.62281 -0.2891 -0.727
vn 0.45815 -0.12603 -0.8799
vn 0.33548 -0.71395 -0.6146
vn 0.44952 0.05844 -0.89136
vn 0.42839 -0.78782 -0.44251
vn 0.10218 0.4634 -0.88024
vn 0.04487 0.4196 -0.9066
vn 0.41262 0.60746 -0.67878
vn 0.21461 0.61749 -0.75673
vn -0.07308 0.58624 -0.80683
vn -0.12346 0.61617 -0.77788
vn -0.07874 0.64474 -0.76033
vn 0.09671 0.59665 -0.79665
vn 0.13249 -0.99111 -0.01233
vn 0.23326 -0.94806 -0.21625
vn 0.34047 -0.93898 -0.04887
vn 0.00854 -0.99149 -0.12989
vn -0.16329 -0.9851 0.05402
vn 0.06584 -0.98643 0.1504
vn 0.37437 -0.90827 0.18679
vn 0.84559 -0.26134 0.46548
vn 0.93351 -0.12264 0.33694
vn 0.88492 -0.30186 0.35467
vn 0.9494 0.03812 0.31175
vn 0.82109 0.24678 0.51469
vn 0.7756 -0.42061 0.47068
vn 0.81252 0.34974 0.46636
vn 0.98604 0.00632 0.1664
vn 0.74118 0.27564 0.61211
vn 0.63494 0.08645 0.76771
vn 0.72014 0.34796 0.60027
vn 0.65144 0.15042 0.74364
vn 0.58385 0.33887 0.73775
vn 0.73783 0.36356 0.56872
vn 0.7697 0.42932 0.47249
vn 0.51003 -0.5809 -0.63437
vn 0.34069 -0.33824 -0.87722
vn 0.16456 -0.30125 -0.93924
vn 0.26832 -0.23578 -0.93403
vn 0.48687 -0.29124 -0.82349
vn 0.0574 -0.1329 -0.98947
vn -0.06823 -0.8031 0.59193
vn -0.47315 -0.87739 0.07943
vn -0.33443 -0.93235 0.13743
vn -0.32708 -0.78511 0.52594
vn -0.01304 -0.81948 0.57295
vn 0.00646 -0.97497 0.22222
vn -0.49026 -0.87145 0.01455
vn 0.21156 -0.95508 0.20753
vn 0.11767 -0.9317 0.34365
vn 0.32502 -0.9215 0.2126
vn 0.28727 -0.86545 0.41045
vn 0.4352 -0.87387 0.2167
vn 0.39693 -0.89499 0.20356
vn 0.31427 -0.77701 0.54542
vn -0.07393 -0.57346 0.81589
vn -0.12086 0.03286 0.99213
vn -0.37293 -0.04216 0.9269
vn 0.03877 -0.44916 0.89261
vn -0.63692 0.03208 0.77026
vn -0.63471 0.39179 0.66606
vn -0.6511 -0.11547 0.75016
vn -0.84613 -0.20588 0.49161
vn -0.76777 -0.57236 0.28799
vn -0.43536 -0.30257 0.84789
vn -0.38048 -0.82744 0.41301
vn -0.22818 0.96576 0.12349
vn -0.22015 0.95968 0.17477
vn 0.08602 0.99601 0.02372
vn -0.03764 0.99584 0.08294
vn -0.25615 0.9666 -0.00895
vn -0.7657 -0.25535 0.59033
vn -0.57759 -0.17103 0.79821
vn -0.71965 0.07066 0.69073
vn -0.52497 -0.60567 0.59798
vn -0.72755 -0.38169 0.57007
vn -0.31487 -0.69002 0.65172
vn -0.56262 -0.69639 0.44554
vn 0.87921 -0.16298 -0.44768
vn 0.2717 -0.7224 -0.63586
vn 0.46285 -0.2192 -0.85891
vn 0.70289 -0.51862 -0.4868
vn 0.07199 0.25286 0.96482
vn 0.00018 0.34606 0.93821
vn -0.14703 0.33367 0.93115
vn -0.10754 0.48563 0.86752
vn 0.2753 0.41805 0.86571
vn -0.07159 0.36904 0.92665
vn -0.32002 0.59616 0.73633
vn -0.24371 0.63749 0.7309
vn -0.37628 0.60599 0.70085
vn -0.73872 0.02194 0.67366
vn -0.8396 -0.12783 0.52795
vn -0.92972 -0.22481 0.29169
vn 0.04203 -0.46928 0.88205
vn 0.03788 -0.73608 0.67583
vn 0.09531 -0.53931 0.8367
vn 0.16275 -0.72271 0.67172
vn 0.05996 -0.38691 0.92017
vn 0.02102 -0.43163 0.90181
vn 0.08859 -0.28373 0.9548
vn 0.20694 -0.24288 0.94773
vn 0.17542 0.20776 0.96232
vn 0.11682 -0.42795 0.89622
vn 0.46914 -0.26398 0.84275
vn -0.02227 0.17078 0.98506
vn 0.19424 -0.67101 -0.71556
vn 0.09983 -0.29041 -0.95168
vn -0.31337 -0.56706 -0.76173
vn -0.39684 -0.24814 -0.88371
vn 0.0494 -0.89677 -0.43974
vn 0.89677 0.0154 0.44224
vn 0.85029 -0.0378 0.52496
vn 0.96576 0.028 0.25791
vn 0.95642 0.14231 0.25498
vn 0.22478 0.75974 0.61014
vn -0.93562 -0.34991 -0.04668
vn -0.91862 -0.39503 0.00936
vn -0.82624 -0.56299 -0.01901
vn -0.96897 -0.24 -0.05915
vn -0.96691 -0.25484 -0.01148
vn -0.98111 -0.17357 -0.08542
vn -0.99475 -0.0842 0.05823
vn -0.99538 -0.08497 0.04467
vn -0.32459 -0.94217 0.08346
vn -0.30172 -0.94269 0.14247
vn -0.38138 -0.91945 0.09569
vn -0.31163 -0.92334 0.22434
vn -0.41959 -0.78951 0.4479
vn -0.32508 -0.79591 0.51073
vn -0.98172 -0.17803 0.06732
vn -0.99979 -0.02056 0.00252
vn -0.56469 -0.81353 -0.13894
vn -0.75926 -0.64408 0.09322
vn -0.79138 -0.50372 0.34639
vn 0.85264 0.51957 0.05521
vn 0.83085 0.55608 0.02166
vn 0.80746 0.56022 -0.18483
vn 0.83231 0.4876 -0.26365
vn 0.81052 0.58284 0.05802
vn 0.88056 0.40523 -0.24576
vn 0.56009 -0.82507 0.07456
vn 0.22227 -0.90416 -0.36481
vn 0.53835 -0.79841 0.26967
vn 0.49627 -0.70253 0.51006
vn 0.84708 -0.32078 0.42374
vn 0.18491 -0.81439 -0.55008
vn 0.05352 -0.88606 -0.46047
vn 0.15217 -0.67953 -0.71769
vn -0.0159 -0.67786 -0.73502
vn 0.11944 -0.62474 -0.77165
vn 0.14074 -0.78298 -0.60592
vn -0.03559 -0.54192 -0.83967
vn 0.38445 0.59346 -0.70712
vn -0.06267 0.47546 -0.8775
vn 0.40325 0.6854 -0.60632
vn 0.09091 0.65155 -0.75314
vn 0.44617 0.60361 -0.66075
vn -0.85254 -0.52265 -0.00239
vn -0.84145 -0.53289 -0.08941
vn -0.85178 -0.5238 -0.01072
vn -0.8642 -0.48361 0.13884
vn -0.82294 -0.56763 0.02388
vn -0.81912 -0.54285 0.18535
vn -0.81183 -0.45332 0.36802
vn 0.07744 0.83051 0.55159
vn -0.22732 0.72889 0.64579
vn 0.07468 0.682 0.72753
vn -0.26316 0.83425 0.48453
vn -0.44167 0.75535 0.48413
vn -0.28159 0.79654 0.53501
vn -0.41175 0.76482 0.49549
vn -0.39557 0.75223 0.52695
vn -0.39782 0.77655 0.48858
vn -0.35014 0.76463 0.54106
vn -0.3853 0.78876 0.47896
vn -0.49187 0.67658 0.548
vn -0.47652 0.73601 0.48084
vn -0.43091 0.54468 0.71947
vn -0.27792 0.239 0.9304
vn -0.56069 0.6083 0.56178
vn -0.5262 0.45201 0.72028
vn -0.39445 0.09847 0.91363
vn -0.51241 0.41211 0.75339
vn -0.32832 0.12725 0.93596
vn -0.353 0.14856 0.92375
vn -0.56071 0.34311 0.75358
vn -0.62593 0.46583 0.62547
vn -0.55735 0.57873 0.59534
vn -0.78323 0.22782 0.57849
vn -0.87087 0.3075 0.38345
vn -0.68622 0.58412 0.43348
vn -0.92417 -0.03678 0.3802
vn -0.96192 -0.01749 0.27278
vn -0.94656 -0.08073 0.31226
vn -0.93287 -0.04419 0.35749
vn -0.91595 -0.22371 0.33314
vn -0.93323 -0.12571 0.33657
vn -0.68828 -0.57489 0.44247
vn -0.58057 -0.77828 0.23922
vn -0.84049 -0.53211 0.10216
vn -0.18205 -0.91141 0.36903
vn -0.19884 -0.81983 0.53697
vn 0.04193 -0.87622 0.48008
vn 0.01811 -0.86292 0.50501
vn -0.12271 -0.89845 0.42157
vn -0.01251 -0.88123 0.47253
vn -0.09675 -0.95935 0.26511
vn -0.22962 -0.87955 0.41673
vn -0.1548 -0.94819 0.27745
vn -0.27925 -0.93163 0.23258
vn -0.2287 -0.92011 0.31795
vn -0.42601 -0.90418 0.03117
vn -0.32446 -0.92737 0.18628
vn -0.18242 -0.94193 0.28195
vn -0.26954 -0.9304 0.2484
vn -0.06867 -0.92939 0.36264
vn -0.12734 -0.93818 0.32187
vn 0.1685 -0.83996 0.51583
vn 0.09687 -0.89734 0.43059
vn -0.01523 -0.95775 0.28721
vn 0.34533 -0.81262 0.46945
vn 0.23606 -0.93011 0.28137
vn 0.0523 -0.99563 -0.07742
vn 0.31355 -0.94673 0.07346
vn 0.6336 -0.63766 0.4381
vn 0.5323 -0.69582 0.48218
vn 0.82808 -0.08983 0.55337
vn 0.80769 0.09467 0.58195
vn 0.71156 0.47777 0.51518
vn 0.73463 0.33723 0.58872
vn 0.66579 -0.06583 0.74323
vn 0.44101 -0.43509 0.78499
vn 0.41208 -0.27045 0.87008
vn -0.0035 -0.55587 0.83126
vn 0.11848 -0.65092 0.74984
vn 0.35401 -0.06259 0.93314
vn -0.14467 -0.3102 0.9396
vn -0.55409 -0.45723 0.69565
vn -0.45159 -0.64545 0.61601
vn -0.12414 0.04366 0.9913
vn 0.27268 0.26224 0.92568
vn -0.51425 -0.2681 0.81466
vn -0.71446 -0.39634 0.5766
vn -0.66265 -0.44868 0.59965
vn -0.05711 0.0463 0.99729
vn -0.38951 -0.03125 0.92049
vn -0.70367 -0.21911 0.6759
vn -0.77854 -0.29773 0.55249
vn -0.70815 -0.29806 0.64007
vn -0.61413 -0.40176 0.67928
vn -0.36573 -0.44156 0.81931
vn -0.78259 -0.32878 0.52864
vn -0.78281 -0.27939 0.55602
vn -0.81193 -0.27591 0.51444
vn -0.8147 -0.536 0.22129
vn -0.49964 -0.81113 0.30402
vn -0.91357 -0.33768 0.22661
vn -0.8378 -0.21111 0.50351
vn -0.90068 -0.28819 0.32516
vn -0.91235 -0.40926 0.01085
vn -0.90094 -0.4297 0.0606
vn -0.95407 -0.29955 0.00516
vn -0.97289 -0.10898 0.20398
vn -0.94703 -0.15842 0.27937
vn -0.98687 -0.13729 0.08505
vn -0.96434 -0.25025 0.08612
vn -0.97183 -0.23441 0.0246
vn -0.96461 0.02531 0.26246
vn -0.91277 -0.01116 0.40833
vn -0.97132 -0.0907 0.21981
vn -0.96251 -0.18506 0.19832
vn -0.90742 -0.36668 0.20525
vn -0.90255 -0.37094 0.21865
vn -0.94514 -0.11382 0.30621
vn -0.92629 0.25471 0.27767
vn -0.95561 0.18736 0.2274
vn -0.93809 -0.06628 0.33999
vn -0.99371 0.1048 0.03952
vn -0.99071 -0.10445 0.08711
vn -0.99599 0.02304 0.08643
vn -0.99097 0.00082 0.13407
vn -0.93656 -0.06903 0.34365
vn -0.97598 0.12608 0.17766
vn -0.94583 -0.09362 0.31087
vn -0.84761 -0.11731 0.51749
vn -0.89688 -0.24834 0.36596
vn -0.88305 -0.18846 0.42978
vn -0.84174 -0.10449 0.52968
vn -0.9333 -0.07394 0.3514
vn -0.95917 -0.00585 0.28277
vn -0.96136 -0.14172 0.236
vn -0.99531 0.08176 0.05178
vn -0.99781 0.00886 0.06557
vn -0.96736 -0.03866 0.25042
vn -0.96815 -0.12243 0.21837
vn -0.99459 0.00673 0.10366
vn -0.84031 -0.25334 0.47926
vn -0.87252 -0.2016 0.44504
vn -0.95312 -0.14587 0.26513
vn -0.75583 -0.1968 0.6245
vn -0.7396 -0.3666 0.56444
vn -0.87432 -0.30366 0.37861
vn -0.62366 -0.38954 0.67772
vn -0.53508 -0.60695 0.58762
vn -0.66399 -0.51706 0.54016
vn -0.58 -0.63182 0.51421
vn -0.46414 -0.6863 0.55997
vn -0.54934 -0.70234 0.45271
vn -0.354 -0.73794 0.57457
vn -0.46139 -0.82545 0.3252
vn -0.17889 -0.88918 0.42115
vn 0.28231 -0.7855 0.55071
vn 0.04233 -0.98401 0.17299
vn 0.44936 -0.84587 0.28736
vn 0.25214 -0.96705 -0.03516
vn 0.6214 -0.78331 0.01694
vn 0.75174 -0.58256 -0.30905
vn 0.49165 -0.80344 -0.3358
vn 0.90938 -0.38209 -0.16442
vn 0.89733 -0.44063 0.0253
vn 0.67307 -0.69443 -0.25444
vn 0.78999 -0.53866 0.29285
vn 0.42542 -0.90478 -0.01989
vn 0.87313 -0.46599 0.14317
vn 0.43252 -0.89444 -0.11357
vn 0.95726 -0.08699 0.27585
vn 0.18702 -0.93279 -0.3081
vn -0.17082 -0.98497 -0.02552
vn 0.32852 -0.86105 -0.38816
vn 0.30997 -0.7758 -0.54959
vn 0.26406 -0.87121 -0.41385
vn 0.52363 -0.68575 -0.50553
vn 0.23241 -0.80192 -0.55037
vn 0.12729 -0.88501 -0.44783
vn 0.01597 -0.9693 -0.24538
vn -0.17794 -0.98097 -0.07769
vn -0.29461 -0.95503 0.03365
vn -0.25289 -0.95972 0.12242
vn -0.20365 -0.95604 0.21098
vn -0.40166 -0.80687 0.43317
vn -0.40043 -0.79878 0.449
vn -0.38613 -0.92243 -0.00422
vn -0.6214 -0.74251 0.25009
vn -0.54635 -0.63275 0.54876
vn -0.74961 -0.5506 0.36732
vn -0.87441 -0.45742 0.1618
vn -0.77442 -0.62314 0.10938
vn -0.82294 -0.38981 0.4133
vn -0.90824 -0.312 0.27884
vn -0.88258 -0.45911 0.10137
vn -0.89876 -0.35549 0.25663
vn -0.92617 -0.20703 0.31519
vn -0.91733 -0.11999 0.37962
vn -0.86291 -0.38009 0.33304
vn -0.89367 -0.03752 0.44715
vn -0.964 -0.00872 0.26577
vn -0.90463 0.01392 0.42598
vn -0.93276 -0.0212 0.35988
vn -0.94319 0.06407 0.32602
vn -0.94814 -0.24036 0.20799
vn -0.98361 0.03745 0.17635
vn -0.95169 -0.1931 0.23876
vn -0.94986 -0.28381 0.13123
vn -0.98472 -0.14231 0.1004
vn -0.99233 -0.11599 -0.04276
vn -0.99855 -0.01273 -0.0523
vn -0.99879 -0.04923 0.00221
vn -0.96557 0.22238 -0.13497
vn -0.96639 0.18704 -0.17639
vn -0.99358 0.11096 0.02211
vn -0.97731 0.1241 -0.17166
vn -0.92978 0.23059 -0.28694
vn -0.97617 0.20682 0.06573
vn -0.86968 0.49278 -0.0287
vn -0.90618 0.35051 -0.23662
vn -0.95537 0.29453 0.02259
vn -0.87563 0.48028 -0.05101
vn -0.87214 0.48463 -0.06716
vn -0.84566 0.52752 -0.08106
vn -0.91696 0.36317 0.16519
vn -0.86146 0.49562 0.11069
vn -0.82566 0.55519 0.10026
vn -0.74046 0.6603 0.12538
vn -0.85124 0.52356 -0.03565
vn -0.80223 0.56709 0.18665
vn -0.85576 0.43133 0.28571
vn -0.70832 0.69624 0.11636
vn -0.70713 0.69966 0.10222
vn -0.68383 0.71328 0.15365
vn -0.74466 0.66647 -0.03605
vn -0.85776 0.50977 0.06618
vn -0.72831 0.68518 -0.00957
vn -0.73088 0.68089 0.04699
vn -0.73617 0.6673 0.11297
vn -0.61859 0.77006 0.15605
vn -0.66627 0.74058 0.08732
vn -0.57715 0.77532 0.25646
vn -0.49986 0.81691 0.28773
vn -0.67238 0.73903 0.04186
vn -0.44076 0.82182 0.36103
vn -0.4953 0.81041 0.3129
vn -0.4644 0.80556 0.36797
vn -0.45705 0.84518 0.27707
vn -0.5769 0.78625 0.22136
vn -0.54795 0.82284 0.15062
vn -0.53885 0.80477 0.24898
vn -0.49225 0.83016 0.26178
vn -0.58038 0.78419 0.21957
vn -0.49822 0.77191 0.39488
vn -0.44174 0.78291 0.43808
vn -0.67974 0.69463 0.23546
vn -0.63986 0.68132 0.35551
vn -0.57261 0.65688 0.49054
vn -0.69043 0.6576 0.30143
vn -0.6969 0.64668 0.31007
vn -0.61502 0.6411 0.45906
vn -0.71406 0.63143 0.30235
vn -0.88858 0.34066 0.3072
vn -0.94167 0.02653 0.33549
vn -0.42266 0.77035 0.47741
vn -0.42964 0.75599 0.49386
vn -0.49011 0.83082 0.2637
vn -0.40861 0.85601 0.31669
vn -0.33216 0.76907 0.54607
vn 0.10835 0.92268 0.37004
vn 0.10103 0.81552 0.56984
vn 0.06859 0.98611 0.15128
vn 0.45094 0.82085 0.35052
vn 0.39737 0.8958 0.19909
vn 0.26672 0.94782 0.17463
vn 0.09654 0.97577 0.19636
vn 0.15211 0.95074 0.27009
vn 0.18117 0.95186 0.24725
vn 0.14191 0.98298 0.11665
vn 0.09158 0.97909 0.18165
vn -0.2853 0.95755 0.04127
vn -0.32201 0.94668 0.01009
vn -0.3623 0.93068 0.05067
vn -0.2796 0.9504 0.13624
vn -0.25086 0.96753 -0.03075
vn -0.44023 0.89695 0.04092
vn -0.36111 0.92204 -0.13944
vn -0.49698 0.83371 0.24069
vn -0.40328 0.91409 0.04252
vn -0.44017 0.89482 -0.07453
vn -0.47509 0.87023 -0.13033
vn -0.5295 0.84184 0.10456
vn -0.45112 0.87987 0.14939
vn -0.52047 0.84653 -0.11181
vn -0.5008 0.83441 0.23012
vn -0.5256 0.84585 -0.09103
vn -0.55877 0.80984 0.17871
vn -0.56275 0.82651 0.01397
vn -0.59059 0.80696 0.00388
vn -0.65019 0.75792 0.05303
vn -0.71445 0.67982 0.16555
vn -0.71796 0.68716 0.1111
vn -0.68333 0.72519 0.08462
vn -0.76864 0.63837 0.04107
vn -0.75651 0.6464 -0.09931
vn -0.83282 0.53719 -0.13353
vn -0.87093 0.47826 -0.11289
vn -0.82432 0.56468 -0.04038
vn -0.86662 0.49867 0.01719
vn -0.88366 0.45874 -0.09326
vn -0.89326 0.4485 0.03051
vn -0.95669 0.25701 -0.13667
vn -0.93617 0.18987 -0.29586
vn -0.99029 0.13855 0.01151
vn -0.98298 0.17922 -0.04045
vn -0.93562 0.32433 -0.13934
vn -0.98088 0.16225 0.10744
vn -0.98169 0.17684 -0.07074
vn -0.9738 0.12024 -0.19301
vn -0.98423 -0.02859 -0.17456
vn -0.96153 0.10156 -0.25524
vn -0.98449 -0.00158 -0.17544
vn -0.97919 0.03913 -0.19913
vn -0.94962 0.14957 -0.2754
vn -0.95712 0.04026 -0.28689
vn -0.952 0.13602 -0.2742
vn -0.98281 -0.06636 -0.1723
vn -0.98164 -0.18312 -0.05342
vn -0.8289 -0.55939 0.00196
vn -0.77596 -0.63044 0.02089
vn -0.46501 -0.88336 0.05871
vn -0.38575 -0.92256 0.00872
vn -0.69219 -0.72046 0.04262
vn -0.35768 -0.93306 -0.03832
vn -0.61748 -0.78658 0.00228
vn -0.39567 -0.9148 -0.08118
vn -0.61552 -0.77338 -0.15172
vn -0.74821 -0.66343 0.00654
vn -0.81286 -0.5798 0.05561
vn -0.62507 -0.74619 -0.22912
vn -0.84716 -0.52116 0.10349
vn -0.80028 -0.56247 0.20781
vn -0.85926 -0.50937 0.04713
vn -0.51366 -0.84122 -0.16885
vn -0.42758 -0.89504 -0.12683
vn -0.21723 -0.94574 -0.24163
vn -0.14439 -0.95019 -0.27619
vn -0.26357 -0.95841 -0.10943
vn -0.34173 -0.93961 -0.01871
vn -0.32973 -0.94077 0.07896
vn -0.41993 -0.90018 0.11549
vn -0.68747 -0.51318 0.51383
vn -0.73308 -0.47968 0.48218
vn -0.6012 -0.51336 0.61238
vn -0.69001 -0.08163 0.71918
vn -0.5669 -0.33409 0.753
vn -0.32744 -0.4813 0.8131
vn -0.33005 -0.45931 0.82468
vn -0.19916 -0.42655 0.88226
vn -0.55764 -0.33554 0.75924
vn -0.36828 -0.79812 0.47683
vn -0.66163 -0.56758 0.49
vn -0.70398 -0.34256 0.62215
vn 0.11714 -0.96864 -0.21911
vn -0.28805 -0.60468 0.74256
vn -0.18963 -0.73706 0.64867
vn -0.22799 -0.56341 0.7941
vn 0.07227 -0.45729 0.88638
vn -0.29357 -0.00495 0.95592
vn 0.04999 0.05466 0.99725
vn 0.48737 0.0554 0.87143
vn 0.36347 -0.53678 0.76142
vn 0.58141 -0.60071 0.54874
vn 0.82473 0.00512 0.56551
vn 0.32278 -0.83138 0.45234
vn 0.43431 -0.71982 0.54151
vn 0.16884 -0.68767 0.70611
vn 0.30324 -0.59279 0.74609
vn 0.41432 -0.52783 0.74144
vn 0.59925 -0.54558 0.58586
vn 0.56379 -0.45288 0.69068
vn 0.21598 -0.2566 0.94208
vn 0.18589 -0.39895 0.89793
vn 0.18834 -0.46514 0.86497
vn 0.62245 -0.39896 0.67334
vn 0.13691 -0.22982 0.96356
vn 0.06667 -0.38819 0.91917
vn 0.13548 -0.34043 0.93046
vn 0.25587 -0.32443 0.91065
vn 0.21486 -0.40172 0.8902
vn 0.48076 -0.23949 0.84351
vn 0.41665 -0.33082 0.84674
vn 0.45871 -0.27235 0.84582
vn 0.19127 -0.70411 0.68385
vn 0.11134 -0.85577 0.50524
vn 0.57345 -0.26793 0.77419
vn 0.34984 -0.68304 0.64115
vn -0.01044 -0.99988 -0.01144
vn -0.12653 -0.99101 0.04356
vn -0.01297 -0.98402 0.17758
vn 0.27002 -0.96167 -0.04779
vn 0.19633 -0.93227 -0.30384
vn -0.05076 -0.97817 -0.20153
vn 0.3104 -0.94215 -0.12653
vn 0.46106 -0.86482 -0.19878
vn 0.11974 -0.9191 -0.37539
vn 0.55008 -0.79707 -0.24919
vn 0.54715 -0.83701 0.00584
vn 0.68032 -0.71147 0.17601
vn 0.80871 -0.58158 -0.08804
vn 0.52371 -0.77276 -0.35856
vn 0.78889 -0.58243 -0.19604
vn 0.81788 -0.51374 0.25913
vn 0.89088 -0.45163 -0.04874
vn 0.86814 -0.48868 -0.08668
vn 0.68722 -0.72578 0.03134
vn 0.73973 -0.60065 0.30334
vn 0.92169 -0.38133 0.0712
vn 0.95106 -0.30891 0.0073
vn 0.75801 -0.5563 0.34052
vn 0.72807 -0.58374 0.3594
vn 0.72533 -0.60197 0.33396
vn 0.83301 -0.44562 0.3279
vn 0.67091 -0.61963 0.40736
vn 0.43744 -0.65824 0.61267
vn 0.44593 -0.64084 0.62487
vn 0.8512 -0.17669 0.49421
vn 0.61979 -0.46263 0.6339
vn 0.42201 -0.59909 0.68044
vn 0.20281 -0.71607 0.66792
vn 0.51641 -0.11555 0.84851
vn 0.40579 -0.36711 0.83699
vn 0.52151 -0.13713 0.84215
vn 0.41974 -0.22886 0.87832
vn 0.44741 -0.20976 0.86938
vn 0.38311 -0.16563 0.90873
vn 0.19809 0.13827 0.97038
vn 0.19705 0.09746 0.97554
vn 0.28316 -0.31963 0.90424
vn 0.34797 0.19487 0.91703
vn 0.61509 -0.19893 0.76295
vn 0.73024 -0.65789 0.18421
vn 0.37819 -0.85488 0.35517
vn 0.66449 -0.74669 -0.03016
vn 0.38977 -0.91593 0.09564
vn 0.75121 -0.65797 0.05251
vn 0.88435 -0.46682 0.00306
vn 0.71884 -0.69106 -0.07558
vn 0.8762 -0.33015 0.35111
vn 0.98035 -0.06502 0.18623
vn 0.89236 -0.12801 0.4328
vn 0.95923 0.06875 0.27413
vn 0.94815 0.09565 0.30309
vn 0.94133 -0.03146 0.33602
vn 0.91387 0.05524 0.40223
vn 0.88773 0.27794 0.36699
vn 0.84075 0.35318 0.41038
vn 0.77513 0.44589 0.44762
vn 0.80753 0.462 0.36668
vn 0.7641 0.42317 0.4869
vn 0.74 0.27727 0.6128
vn 0.73142 0.49529 0.46874
vn 0.70717 0.49818 0.50173
vn 0.71724 0.37219 0.5891
vn 0.49983 0.10102 0.86021
vn 0.56404 0.05573 0.82386
vn 0.45517 0.54632 0.70311
vn 0.58541 0.58951 0.55658
vn 0.31875 0.29552 0.90059
vn 0.39673 0.342 0.85184
vn 0.45843 0.54192 0.70439
vn 0.38427 0.27616 0.88095
vn 0.32441 0.17201 0.93014
vn 0.28437 0.23169 0.9303
vn 0.44782 0.27374 0.85119
vn 0.19954 0.21166 0.95676
vn 0.189 0.0359 0.98132
vn 0.22653 0.03778 0.97327
vn 0.19067 0.23103 0.95408
vn 0.14341 0.2317 0.96216
vn 0.13345 0.05078 0.98975
vn 0.12836 -0.26168 0.95658
vn 0.08317 -0.27259 0.95853
vn -0.03482 0.05183 0.99805
vn 0.06102 0.23454 0.97019
vn -0.09126 -0.24206 0.96596
vn 0.07595 -0.49091 0.86789
vn -0.04767 -0.45188 0.8908
vn -0.12344 -0.2415 0.96252
vn -0.12513 0.05714 0.99049
vn -0.12801 -0.41282 0.90177
vn -0.0571 -0.56845 0.82073
vn 0.1495 -0.60654 0.78087
vn 0.11023 -0.41553 0.90287
vn 0.13322 -0.23539 0.96273
vn 0.04644 -0.54447 0.8375
vn 0.09503 -0.86988 0.48401
vn 0.10852 -0.50009 0.85915
vn 0.0836 -0.35095 0.93266
vn 0.06223 -0.18573 0.98063
vn 0.07854 0.14769 0.98591
vn 0.054 0.09286 0.99421
vn -0.04576 0.19023 0.98067
vn 0.11305 0.34738 0.93089
vn -0.0529 0.33739 0.93988
vn 0.1711 0.31716 0.93281
vn -0.1211 0.37868 0.91757
vn 0.1126 0.46389 0.87871
vn 0.1399 0.67097 0.72817
vn 0.41365 0.57745 0.70388
vn 0.38802 0.70196 0.59724
vn 0.0877 0.7131 0.69555
vn 0.30686 0.78898 0.53231
vn -0.08807 0.79688 0.59769
vn 0.04989 0.827 0.55998
vn 0.36936 0.79641 0.47885
vn -0.14871 0.89787 0.41438
vn -0.01268 0.96033 0.27859
vn -0.30504 0.94009 0.15223
vn -0.37376 0.85796 0.35243
vn -0.23539 0.93129 0.27802
vn 0.02168 0.96158 0.27365
vn -0.21427 0.91102 0.35232
vn -0.13368 0.95378 0.26913
vn -0.23383 0.95559 0.17939
vn -0.12585 0.98304 0.13337
vn -0.25276 0.9471 0.19776
vn -0.00683 0.97439 0.22478
vn -0.29877 0.94376 0.14164
vn 0.09285 0.97292 0.21168
vn -0.27216 0.9619 -0.02591
vn 0.17118 0.98488 -0.02654
vn -0.23015 0.97194 -0.04866
vn 0.14493 0.98934 0.01416
vn 0.12725 0.99186 0.00346
vn -0.20476 0.97751 0.05038
vn 0.38221 0.92353 -0.03175
vn 0.3487 0.93601 0.04795
vn 0.35335 0.93149 -0.08639
vn 0.4871 0.87289 -0.02808
vn 0.52538 0.84851 -0.06338
vn 0.41754 0.90427 -0.08924
vn 0.31809 0.93775 -0.13946
vn 0.41864 0.80072 -0.42847
vn 0.40037 0.81624 -0.41649
vn 0.25677 0.89893 -0.35494
vn 0.43675 0.81145 -0.38833
vn 0.36526 0.85183 -0.37547
vn -0.09529 0.9378 -0.33384
vn -0.13433 0.90031 -0.41401
vn -0.06359 0.93584 -0.34663
vn -0.09448 0.88667 -0.45264
vn 0.21963 0.92021 -0.324
vn 0.18704 0.86119 -0.47262
vn 0.17443 0.94839 -0.26481
vn -0.07802 0.95969 -0.27003
vn -0.09022 0.91534 -0.39246
vn -0.15701 0.98367 -0.08793
vn -0.41465 0.9008 -0.12893
vn -0.44855 0.84325 -0.29619
vn -0.06823 0.99762 -0.00987
vn -0.31431 0.92888 -0.19593
vn 0.1026 0.9927 -0.06338
vn -0.22708 0.96359 -0.1412
vn -0.31239 0.92496 -0.21647
vn -0.40745 0.90451 -0.12586
vn -0.42491 0.88671 0.1822
vn -0.51426 0.84881 0.1227
vn -0.4538 0.89052 -0.03225
vn -0.34847 0.93165 0.10299
vn -0.44132 0.88986 0.11569
vn -0.29875 0.94261 -0.14912
vn -0.31986 0.94505 -0.06764
vn -0.39882 0.89318 0.20779
vn -0.41737 0.90704 -0.05548
vn -0.5403 0.83807 -0.07563
vn -0.50543 0.83735 0.20828
vn -0.6458 0.74651 0.16022
vn -0.65211 0.75794 -0.01684
vn -0.71266 0.70038 0.03982
vn -0.74737 0.66011 0.07545
vn -0.79739 0.59993 -0.06518
vn -0.80059 0.58696 0.12055
vn -0.80195 0.58881 0.10085
vn -0.83201 0.53704 0.13911
vn -0.76167 0.63993 0.10168
vn -0.93604 0.34588 0.0648
vn -0.86993 0.49189 0.03565
vn -0.95731 0.28239 0.06175
vn -0.98193 0.14944 0.11611
vn -0.95919 0.2203 -0.17727
vn -0.96572 0.16458 -0.20072
vn -0.98011 0.11658 -0.16063
vn -0.95499 0.13946 -0.26179
vn -0.9417 0.07196 -0.32868
vn -0.95254 -0.0708 -0.29608
vn -0.97017 0.00314 -0.24239
vn -0.9699 0.00849 -0.24334
vn -0.91072 -0.0223 -0.41243
vn -0.91341 0.03746 -0.40531
vn -0.88097 0.00078 -0.47317
vn -0.8914 0.04842 -0.45062
vn -0.9068 0.02385 -0.42088
vn -0.90551 0.08462 -0.41579
vn -0.90852 0.10878 -0.40342
vn -0.747 0.04177 -0.66351
vn -0.71651 0.15479 -0.68019
vn -0.74551 0.01155 -0.66639
vn -0.92177 -0.12003 -0.3687
vn -0.68808 0.08421 -0.72073
vn -0.68203 0.16555 -0.71235
vn -0.75677 0.21599 -0.61696
vn -0.80109 0.12054 -0.58628
vn -0.82099 -0.05967 -0.56781
vn -0.62512 0.06395 -0.7779
vn -0.57902 0.21064 -0.78764
vn -0.69617 0.04872 -0.71622
vn -0.84312 -0.03819 -0.53637
vn -0.72678 -0.09259 -0.6806
vn -0.84398 -0.09718 -0.5275
vn -0.67464 -0.39825 -0.6215
vn -0.77352 -0.43401 -0.46184
vn -0.55003 -0.73486 -0.39679
vn -0.55639 -0.7901 -0.25723
vn -0.58204 -0.79859 -0.15326
vn -0.51482 -0.8093 -0.28283
vn -0.76308 -0.36382 -0.53417
vn -0.69985 -0.71429 0.00189
vn -0.92323 0.04753 -0.38129
vn -0.75297 -0.65747 -0.02771
vn -0.92725 0.26505 -0.2645
vn -0.64301 -0.68548 -0.34155
vn -0.31857 -0.88659 -0.33538
vn -0.54415 -0.64487 -0.5367
vn -0.22181 -0.90313 -0.36763
vn -0.51021 -0.72466 -0.4632
vn -0.48412 -0.77079 -0.41415
vn -0.52136 -0.83812 -0.16042
vn -0.27821 -0.94749 -0.15768
vn -0.30339 -0.94836 0.09256
vn -0.51451 -0.85469 0.06912
vn -0.49529 -0.84366 -0.20719
vn -0.36486 -0.92948 0.05431
vn -0.53454 -0.83585 0.12499
vn -0.87205 -0.38346 0.30412
vn -0.94557 -0.31589 0.07816
vn -0.93675 0.09054 0.33807
vn -0.97606 0.1777 0.12544
vn -0.81406 0.06992 0.57656
vn -0.85432 -0.10416 0.5092
vn -0.95078 0.01883 0.3093
vn -0.61941 -0.27786 0.73425
vn -0.65024 -0.3775 0.6593
vn -0.83704 -0.28549 0.46675
vn -0.47769 -0.36248 0.80026
vn -0.52935 -0.32831 0.7823
vn -0.39865 -0.2999 0.86668
vn -0.35189 -0.37298 0.85852
vn -0.53691 -0.52744 0.65844
vn -0.39367 -0.58113 0.71226
vn -0.28675 -0.58244 0.76062
vn -0.30709 -0.7475 0.58902
vn -0.34724 -0.72785 0.59133
vn -0.28826 -0.73663 0.61179
vn -0.1708 -0.54177 0.82299
vn -0.1939 -0.45761 0.86776
vn -0.27842 -0.68671 0.6715
vn -0.76173 -0.20492 0.61463
vn -0.98763 -0.05324 0.14746
vn -0.84455 -0.0611 0.53197
vn -0.88596 0.10668 0.45132
vn -0.73966 -0.02752 0.67241
vn -0.69842 0.16309 0.69686
vn -0.26214 0.24024 0.93465
vn -0.63583 0.16479 0.75403
vn -0.21632 0.19876 0.95588
vn 0.00025 0.27501 0.96144
vn -0.01145 0.19491 0.98075
vn 0.43015 0.18456 0.88369
vn 0.44926 0.27623 0.84962
vn 0.79705 0.15903 0.5826
vn 0.82309 0.21838 0.52425
vn 0.96262 0.07279 0.26091
vn 0.97084 0.09883 0.21843
vn 0.76424 -0.23843 0.59924
vn 0.96598 0.03803 0.25579
vn 0.77789 0.10833 0.61899
vn 0.96277 -0.08388 -0.25697
vn 0.98007 -0.02397 0.19721
vn 0.95015 -0.0867 -0.2995
vn 0.6792 -0.1872 -0.70968
vn 0.61097 -0.14816 -0.77767
vn 0.00403 -0.15208 -0.98836
vn -0.0201 -0.03633 -0.99914
vn 0.53236 -0.07493 -0.8432
vn -0.02093 -0.14614 -0.98904
vn -0.01733 -0.02914 -0.99943
vn -0.28834 -0.16227 -0.94368
vn -0.31994 -0.07758 -0.94426
vn -0.29669 -0.2026 -0.93324
vn -0.86618 -0.12853 -0.48292
vn -0.87913 -0.12514 -0.45986
vn -0.9964 -0.03501 0.0772
vn -0.99053 -0.00342 0.13729
vn -0.98757 -0.00373 0.15713
vn -0.84966 0.09945 0.51787
vn -0.8587 0.11943 0.49837
vn -0.57233 0.13131 0.80944
vn -0.8529 0.02997 0.52121
vn -0.5228 0.01411 0.85234
vn -0.16112 -0.00085 0.98693
vn -0.17277 0.12804 0.97661
vn 0.01039 0.00376 0.99994
vn -0.0011 0.12136 0.99261
vn 0.41971 0.00717 0.90763
vn 0.41537 0.12377 0.90119
vn 0.78541 0.00681 0.61894
vn 0.79315 -0.15963 0.58773
vn 0.42984 -0.22821 0.87359
vn 0.98868 -0.09673 0.11472
vn 0.92656 -0.07348 -0.36889
vn 0.04842 -0.22835 0.97237
vn 0.11078 -0.40953 0.90554
vn -0.16134 -0.20296 0.9658
vn -0.13481 -0.36807 0.91997
vn 0.08558 -0.90233 0.42247
vn -0.07169 -0.8928 0.44472
vn 0.01389 -0.95982 -0.28027
vn -0.02519 -0.9592 -0.28159
vn -0.00742 -0.74851 -0.66309
vn -0.01562 -0.73599 -0.67681
vn -0.03614 -0.20794 -0.97747
vn -0.00076 -0.19647 -0.98051
vn -0.47638 -0.1595 0.86465
vn -0.84952 -0.0814 0.52124
vn -0.99754 -0.07016 0.00078
vn -0.85306 -0.09652 -0.5128
vn -0.31605 -0.8092 0.49529
vn -0.29827 -0.83856 0.45592
vn -0.2802 -0.91552 0.28864
vn -0.23447 -0.92914 0.28588
vn -0.02971 -0.92225 0.38546
vn 0.35932 -0.82042 0.44475
vn 0.59058 -0.66761 0.45333
vn 0.60186 -0.77979 0.17233
vn 0.23687 -0.80528 0.54352
vn 0.31775 -0.92715 0.19857
vn 0.57463 -0.81401 -0.08478
vn 0.37623 -0.92197 -0.09171
vn -0.36122 -0.91598 0.17461
vn -0.29816 -0.95126 -0.07877
vn 0.42708 -0.8804 -0.20613
vn 0.49249 -0.83982 -0.22836
vn -0.22538 -0.95868 -0.17358
vn -0.53403 -0.8408 -0.08872
vn -0.54598 -0.82663 -0.13633
vn -0.13452 -0.93786 -0.31989
vn 0.46177 -0.83602 -0.29639
vn -0.56336 -0.78233 -0.26567
vn -0.30246 -0.94628 -0.11435
vn -0.36821 -0.9018 -0.22621
vn -0.04456 -0.97138 -0.23333
vn -0.56771 -0.80836 -0.15578
vn -0.44676 -0.87902 -0.1665
vn -0.21349 -0.95553 -0.20342
vn -0.18953 -0.9712 -0.14441
vn -0.45196 -0.88245 -0.13044
vn -0.5479 -0.83482 -0.05368
vn -0.20047 -0.94489 -0.25884
vn -0.03124 -0.94236 -0.33314
vn -0.04054 -0.95442 -0.29569
vn -0.41425 -0.87275 -0.25826
vn -0.53506 -0.82052 -0.20115
vn -0.49946 -0.83401 -0.23445
vn -0.38398 -0.87861 -0.28391
vn -0.45978 -0.7622 -0.4557
vn -0.32995 -0.8229 -0.46257
vn -0.22333 -0.60525 -0.76406
vn 0.04892 -0.69196 -0.72027
vn -0.39986 -0.52283 -0.75284
vn -0.33703 -0.28047 -0.89875
vn -0.09728 -0.32084 -0.94213
vn 0.19363 -0.37633 -0.90602
vn 0.00629 -0.07414 -0.99723
vn 0.30279 -0.03204 -0.95252
vn -0.26186 -0.11395 -0.95835
vn -0.19899 -0.55916 -0.80482
vn 0.10581 -0.46383 -0.87958
vn -0.34646 -0.19186 -0.91823
vn -0.33233 -0.59628 -0.73075
vn -0.3578 -0.79104 -0.49622
vn -0.13102 -0.85944 -0.49416
vn 0.12737 -0.23043 -0.96472
vn 0.20355 -0.50689 -0.83764
vn 0.00861 -0.75085 -0.66042
vn 0.07428 -0.61926 -0.78167
vn -0.35219 -0.52965 -0.77164
vn 0.29701 -0.6372 -0.71117
vn 0.35918 -0.53268 -0.76632
vn 0.29577 -0.50202 -0.81271
vn 0.1245 -0.52852 -0.83974
vn -0.01448 -0.57775 -0.81609
vn -0.00952 -0.703 -0.71113
vn 0.09547 -0.5431 -0.83422
vn 0.26076 -0.31482 -0.91263
vn 0.21729 -0.33085 -0.91833
vn 0.00872 -0.59714 -0.80209
vn -0.07427 -0.78369 -0.6167
vn -0.00426 -0.33774 -0.94123
vn 0.30719 -0.2128 -0.92755
vn -0.0117 -0.19359 -0.98101
vn -0.24284 -0.29176 -0.92515
vn -0.18729 -0.59036 -0.78511
vn -0.23813 -0.15696 -0.95847
vn -0.00574 0.05593 -0.99842
vn -0.24295 0.12557 -0.96188
vn -0.38509 -0.13291 -0.91326
vn -0.35671 -0.36453 -0.86016
vn -0.44169 0.13402 -0.8871
vn -0.38735 0.21769 -0.89586
vn -0.22567 0.29268 -0.9292
vn -0.27295 0.20095 -0.94081
vn -0.03272 0.23595 -0.97122
vn -0.10936 0.07389 -0.99125
vn -0.33079 0.26035 -0.90708
vn -0.33599 0.25285 -0.90729
vn -0.35609 0.18256 -0.91645
vn -0.55408 0.28175 -0.78333
vn -0.54719 0.21949 -0.80771
vn -0.34396 0.22594 -0.9114
vn -0.67689 0.11594 -0.7269
vn -0.56898 0.15977 -0.80668
vn -0.52047 0.27977 -0.80674
vn -0.67928 0.00634 -0.73385
vn -0.65232 0.04513 -0.7566
vn -0.62292 0.14597 -0.76855
vn -0.47838 0.21895 -0.85042
vn -0.77647 0.01943 -0.62986
vn -0.77633 0.14497 -0.61343
vn -0.55757 0.33868 -0.7579
vn -0.73129 0.3052 -0.60997
vn -0.87541 0.1001 -0.47291
vn -0.78798 0.23035 -0.57099
vn -0.63784 0.42917 -0.63951
vn -0.59157 0.51294 -0.62204
vn -0.85586 0.00251 -0.51721
vn -0.78797 0.16203 -0.59401
vn -0.66797 0.40253 -0.62593
vn -0.60347 0.50017 -0.62102
vn -0.55596 0.4879 -0.67295
vn -0.8111 0.43979 -0.38562
vn -0.90091 0.21653 -0.37613
vn -0.73285 0.54636 -0.40549
vn -0.56951 0.73552 -0.36697
vn -0.48006 0.65003 -0.58907
vn -0.75312 0.59488 -0.28092
vn -0.82864 0.45244 -0.32963
vn -0.57017 0.79309 -0.21428
vn -0.40404 0.89454 -0.1912
vn -0.36018 0.88156 -0.30514
vn -0.51284 0.80026 -0.31078
vn -0.68392 0.64354 -0.34366
vn -0.41407 0.84304 -0.34326
vn -0.47476 0.77775 -0.41196
vn -0.48419 0.84895 -0.21176
vn -0.47615 0.78428 -0.39772
vn -0.50103 0.80204 -0.32511
vn -0.47365 0.76184 -0.44187
vn -0.42679 0.81866 -0.38424
vn -0.49081 0.77016 -0.40738
vn -0.49344 0.82165 -0.28531
vn -0.56735 0.78363 -0.25304
vn -0.38793 0.87698 -0.28358
vn -0.26685 0.92432 -0.27282
vn -0.27781 0.90504 -0.32205
vn -0.40491 0.8741 -0.26832
vn -0.52067 0.8311 -0.19541
vn -0.26693 0.90825 -0.32222
vn -0.26135 0.91594 -0.30455
vn -0.25389 0.91644 -0.30932
vn -0.41238 0.84662 -0.33642
vn -0.22993 0.92667 -0.29735
vn -0.36776 0.86752 -0.3349
vn -0.35781 0.90941 -0.21202
vn -0.22339 0.92671 -0.30216
vn -0.30003 0.89959 -0.31736
vn -0.31938 0.88354 -0.34256
vn -0.34067 0.9151 -0.21574
vn -0.14311 0.93607 -0.32138
vn -0.55913 0.80581 -0.19502
vn -0.5759 0.77753 -0.25256
vn -0.26105 0.90231 -0.34307
vn -0.49332 0.8252 -0.27511
vn -0.55609 0.70576 -0.43894
vn -0.50604 0.74814 -0.4292
vn -0.31529 0.8152 -0.48584
vn -0.46976 0.60745 -0.64057
vn -0.49186 0.58226 -0.64734
vn -0.53338 0.51529 -0.6708
vn -0.34368 0.52764 -0.77684
vn -0.31595 0.47988 -0.81847
vn -0.41066 0.56897 -0.71248
vn -0.41497 0.56198 -0.71553
vn -0.45507 0.58452 -0.67175
vn -0.42547 0.34643 -0.83604
vn -0.50058 0.26237 -0.82497
vn -0.60198 0.43205 -0.67154
vn -0.47859 0.29127 -0.82832
vn -0.47866 0.24856 -0.84209
vn -0.53225 0.20612 -0.82111
vn -0.38591 0.26512 -0.88362
vn -0.35941 0.17916 -0.91582
vn -0.38526 0.19325 -0.90235
vn -0.36297 0.25217 -0.89703
vn -0.16478 0.28853 -0.94319
vn -0.14507 0.20103 -0.96878
vn -0.16631 0.12165 -0.97854
vn 0.34488 0.23107 -0.90976
vn 0.34257 0.16195 -0.92543
vn 0.24894 0.06982 -0.966
vn 0.02811 0.18311 -0.98269
vn 0.04662 0.13513 -0.98973
vn 0.2629 0.03852 -0.96405
vn 0.0869 -0.05226 -0.99485
vn 0.33887 -0.10046 -0.93545
vn 0.16117 -0.13972 -0.97699
vn 0.21222 -0.1871 -0.95914
vn -0.19122 -0.20259 -0.96041
vn -0.27411 -0.06184 -0.95971
vn -0.00501 -0.42983 -0.9029
vn -0.43661 -0.20518 -0.87594
vn -0.42329 -0.47871 -0.7692
vn -0.33591 -0.49089 -0.80386
vn -0.31614 -0.55276 -0.77104
vn -0.32946 -0.51932 -0.78852
vn -0.21191 -0.63416 -0.74359
vn -0.02137 -0.64917 -0.76035
vn 0.0127 -0.79476 -0.6068
vn 0.09057 -0.87118 -0.48253
vn 0.1942 -0.86856 -0.45595
vn 0.25683 -0.87053 -0.41979
vn 0.46294 -0.24174 -0.85279
vn 0.46908 -0.05413 -0.8815
vn 0.56118 -0.1601 -0.81206
vn 0.44792 -0.49733 -0.74299
vn 0.37219 -0.45464 -0.80918
vn 0.22129 -0.7789 -0.58681
vn 0.19165 -0.73017 -0.65584
vn 0.18502 -0.84695 -0.49844
vn 0.47385 -0.5379 -0.69723
vn -0.00438 -0.94662 -0.32232
vn 0.18544 -0.89696 -0.40135
vn 0.01481 -0.94653 -0.32229
vn 0.24317 -0.93366 -0.26295
vn 0.06156 -0.97441 -0.21618
vn -0.0695 -0.98404 -0.16382
vn -0.08241 -0.99535 0.04982
vn 0.08123 -0.99668 -0.006
vn -0.11233 -0.9936 -0.01159
vn -0.03096 -0.97859 0.20348
vn 0.01458 -0.99843 0.05406
vn -0.26613 -0.96088 -0.0767
vn 0.1171 -0.97839 0.17041
vn -0.25702 -0.9608 0.10393
vn -0.53979 -0.83417 0.11306
vn -0.52054 -0.75367 0.40128
vn -0.2581 -0.86367 0.43296
vn -0.40446 -0.78531 0.46873
vn 0.12788 -0.89329 0.4309
vn 0.15832 -0.87574 0.45609
vn 0.07189 -0.95217 0.29698
vn 0.00854 -0.86345 0.50437
vn 0.00324 -0.94054 0.33968
vn 0.04559 -0.97765 0.20524
vn 0.21851 -0.93092 0.29263
vn 0.26572 -0.95735 0.11347
vn 0.28103 -0.95616 -0.08235
vn 0.61553 -0.78765 0.02691
vn 0.62338 -0.75992 -0.18416
vn 0.59507 -0.70765 -0.38095
vn 0.89972 -0.35002 -0.26073
vn 0.84633 -0.29453 -0.44383
vn 0.53423 -0.62613 -0.56794
vn 0.75036 -0.25193 -0.61114
vn 0.87029 -0.19844 -0.4508
vn 0.78746 -0.25876 -0.55941
vn 0.64031 -0.22274 -0.73511
vn 0.92572 -0.2125 -0.31287
vn 0.67091 -0.55552 -0.49119
vn 0.80252 -0.26368 -0.5352
vn 0.80148 0.38053 -0.46134
vn 0.87364 0.40376 -0.27153
vn 0.91121 -0.07697 -0.40469
vn 0.95975 0.05614 -0.27519
vn 0.92341 0.14324 -0.35608
vn 0.93092 -0.16321 -0.32671
vn 0.62049 -0.76417 -0.17616
vn 0.46619 -0.77579 -0.42522
vn 0.36843 -0.84718 -0.38282
vn 0.39339 -0.89381 -0.21527
vn 0.93738 -0.32371 -0.12854
vn 0.38257 -0.81802 -0.42951
vn 0.41433 -0.76195 -0.49776
vn 0.40622 -0.88593 -0.22384
vn 0.42862 -0.89657 -0.11154
vn 0.45538 -0.87422 -0.16843
vn 0.82043 -0.53246 -0.20827
vn 0.73857 -0.46886 -0.48445
vn 0.81121 -0.57822 -0.08718
vn 0.77073 -0.63526 -0.04925
vn 0.97239 -0.225 -0.06188
vn 0.96245 -0.23889 -0.12892
vn 0.97358 -0.21501 -0.07687
vn 0.96396 -0.24703 -0.09875
vn 0.70676 -0.70712 0.02177
vn 0.98258 -0.18067 -0.04357
vn 0.98967 -0.13904 -0.03507
vn 0.995 -0.0249 -0.09671
vn 0.9964 0.0095 -0.08426
vn 0.93931 -0.34143 -0.03336
vn 0.98515 -0.16176 0.05759
vn 0.9987 -0.0009 0.051
vn 0.9868 0.10722 -0.12135
vn 0.99833 -0.00446 -0.05755
vn 0.99369 -0.10274 0.045
vn 0.99034 -0.08037 0.11297
vn 0.99305 -0.00705 -0.1175
vn 0.99117 0.11764 -0.06111
vn 0.9943 -0.10664 0.00087
vn 0.9964 0.06252 0.05731
vn 0.99022 0.02879 0.13652
vn 0.99339 0.0809 0.08147
vn 0.99417 0.02551 0.10476
vn 0.99039 0.03048 0.13489
vn 0.99228 -0.0379 0.11809
vn 0.99714 0.00173 0.07561
vn 0.98729 0.0226 0.15729
vn 0.97243 -0.18066 0.14747
vn 0.97024 -0.16565 0.1766
vn 0.93457 -0.10238 0.34072
vn 0.99034 -0.0217 0.13694
vn 0.93866 -0.09387 0.33182
vn 0.94435 0.178 0.27662
vn 0.97717 0.17575 0.11937
vn 0.96232 0.12687 0.24051
vn 0.94876 0.05805 0.31061
vn 0.92807 0.33137 0.16993
vn 0.90656 0.31328 0.28286
vn 0.95247 0.25676 0.16392
vn 0.97669 0.12589 0.17387
vn 0.94769 -0.0408 0.31658
vn 0.87513 0.47485 0.09315
vn 0.87854 0.44578 0.17158
vn 0.86944 0.47709 0.12831
vn 0.85647 0.44024 0.26953
vn 0.97703 0.11136 0.18171
vn 0.83339 0.52281 0.17927
vn 0.87979 0.45431 0.13989
vn 0.80747 0.5411 0.23494
vn 0.82353 0.46427 0.32597
vn 0.85194 0.35196 0.38772
vn 0.86371 0.45345 0.21997
vn 0.88226 0.39868 0.25036
vn 0.83014 0.46709 0.30445
vn 0.80942 0.46217 0.36227
vn 0.83279 0.43421 0.34341
vn 0.80764 0.50185 0.30961
vn 0.81358 0.51667 0.26672
vn 0.83992 0.449 0.30485
vn 0.8503 0.4074 0.3332
vn 0.81832 0.46934 0.33176
vn 0.67214 0.69072 0.26672
vn 0.72032 0.64528 0.25445
vn 0.70079 0.58908 0.40234
vn 0.67159 0.52888 0.51889
vn 0.77717 0.44202 0.44791
vn 0.59739 0.75642 0.26637
vn 0.54054 0.71037 0.45077
vn 0.55941 0.67005 0.48796
vn 0.53621 0.56254 0.62931
vn 0.65091 0.51331 0.55931
vn 0.45983 0.74553 0.48243
vn 0.40028 0.76593 0.50312
vn 0.33033 0.68123 0.6533
vn 0.42643 0.65206 0.62687
vn 0.48253 0.58447 0.65235
vn 0.35821 0.74343 0.5648
vn 0.31026 0.7035 0.6394
vn 0.32525 0.74576 0.58142
vn 0.31004 0.72843 0.61095
vn 0.54967 0.55826 0.62145
vn 0.26381 0.69812 0.66561
vn 0.31411 0.73581 0.59993
vn 0.31309 0.70963 0.63118
vn 0.26625 0.68099 0.68217
vn 0.13999 0.69142 0.70876
vn 0.15594 0.71993 0.6763
vn -0.30185 0.72012 0.62475
vn -0.23879 0.69008 0.6832
vn 0.16428 0.87933 0.44697
vn 0.39678 0.80763 0.43624
vn 0.18289 0.96321 0.1969
vn 0.40777 0.882 0.23621
vn 0.22298 0.9289 0.29567
vn 0.34786 0.88936 0.2967
vn 0.30137 0.87676 0.3748
vn 0.34132 0.88595 0.31398
vn 0.33888 0.92112 0.19157
vn 0.39047 0.89383 0.22047
vn 0.28541 0.92362 0.25586
vn 0.4423 0.86197 0.24776
vn 0.30431 0.93176 0.19804
vn 0.50092 0.84371 0.19295
vn 0.48207 0.87508 0.04298
vn 0.34309 0.93916 -0.01655
vn 0.46832 0.88341 0.01615
vn 0.36293 0.93179 -0.00636
vn 0.36854 0.91791 0.14705
vn 0.44615 0.88608 -0.12573
vn 0.31031 0.93702 -0.16032
vn 0.30559 0.95216 -0.00262
vn 0.33439 0.94186 -0.03279
vn 0.47126 0.88192 0.01178
vn 0.42403 0.9056 -0.00869
vn 0.44285 0.89637 -0.02014
vn 0.46102 0.82773 -0.31988
vn 0.46053 0.79522 -0.39438
vn 0.40878 0.81407 -0.41254
vn 0.44508 0.81358 -0.37415
vn 0.33234 0.85641 -0.39511
vn 0.42448 0.89025 -0.16515
vn 0.18961 0.94375 -0.2709
vn 0.37226 0.87891 -0.29824
vn 0.14814 0.92007 -0.36266
vn 0.27515 0.88 -0.38716
vn 0.35712 0.8632 -0.35687
vn 0.2688 0.83431 -0.48132
vn -0.24553 0.77663 -0.58014
vn -0.21344 0.82736 -0.51953
vn -0.16797 0.81963 -0.54771
vn -0.15083 0.78508 -0.60075
vn 0.25156 0.83624 -0.48725
vn 0.20097 0.78965 -0.57971
vn 0.03795 0.86314 -0.50354
vn 0.14175 0.8691 -0.47389
vn -0.1039 0.88323 -0.45728
vn -0.31059 0.86281 -0.39887
vn -0.35913 0.86154 -0.35884
vn -0.42571 0.81029 -0.40274
vn -0.28795 0.87859 -0.38101
vn -0.25001 0.8941 -0.37159
vn -0.24386 0.87603 -0.41605
vn -0.06947 0.91838 -0.38955
vn -0.12516 0.87351 -0.47045
vn -0.26087 0.85486 -0.4485
vn -0.22146 0.84736 -0.48263
vn -0.26794 0.75544 -0.59793
vn -0.19508 0.79633 -0.57254
vn -0.35687 0.64712 -0.67371
vn -0.36408 0.74082 -0.56447
vn -0.43258 0.54773 -0.71615
vn -0.57103 0.62011 -0.53795
vn -0.4717 0.52216 -0.71053
vn -0.65913 0.58674 -0.47042
vn -0.66473 0.56134 -0.49299
vn -0.43733 0.63798 -0.63381
vn -0.49986 0.5705 -0.65167
vn -0.5419 0.37415 -0.75257
vn -0.26454 0.49755 -0.82611
vn -0.37186 0.3012 -0.87807
vn -0.11231 0.29834 -0.94783
vn 0.3571 0.42423 -0.83217
vn 0.32903 0.2528 -0.90985
vn 0.35545 0.53831 -0.76412
vn 0.13312 0.36613 -0.92099
vn 0.00126 0.16568 -0.98618
vn -0.39692 0.16003 -0.9038
vn -0.27931 0.44208 -0.85238
vn -0.37197 0.05872 -0.92639
vn -0.16833 0.24743 -0.95417
vn -0.15838 0.0005 -0.98738
vn -0.24594 0.07438 -0.96643
vn -0.1405 0.03141 -0.98958
vn -0.19297 0.14818 -0.96995
vn -0.2275 0.04435 -0.97277
vn -0.33151 0.01533 -0.94333
vn -0.21384 0.03047 -0.97639
vn -0.14798 0.21186 -0.96603
vn -0.27346 -0.25094 -0.92857
vn 0.12061 -0.33405 -0.93481
vn 0.21455 -0.10623 -0.97092
vn 0.02346 -0.54403 -0.83874
vn 0.339 -0.54164 -0.76922
vn 0.38983 -0.33796 -0.85663
vn 0.31358 -0.64915 -0.69302
vn 0.386 -0.65778 -0.64679
vn 0.42064 -0.53718 -0.73109
vn 0.31078 -0.89526 -0.31927
vn 0.53712 -0.67212 -0.50965
vn 0.5829 -0.47832 -0.65684
vn 0.69496 -0.45578 -0.55615
vn 0.67271 -0.68747 -0.27358
vn 0.72358 -0.52839 -0.44412
vn 0.58147 -0.77129 -0.25886
vn 0.53561 -0.75205 -0.38412
vn 0.72844 -0.5391 -0.42277
vn 0.62629 -0.74001 -0.24525
vn 0.71613 -0.58757 -0.37673
vn 0.61334 -0.71683 -0.33162
vn 0.76189 -0.37085 -0.53103
vn 0.81566 -0.28891 -0.50123
vn 0.67803 -0.41614 -0.60589
vn 0.75588 -0.29881 -0.58254
vn 0.88306 -0.26892 -0.38457
vn 0.97121 0.00314 -0.23821
vn 0.8983 0.02989 -0.43837
vn 0.98609 -0.09587 -0.13576
vn 0.95609 0.05446 -0.28795
vn 0.9686 -0.0607 -0.24111
vn 0.98313 -0.17944 -0.03532
vn 0.96157 -0.01252 -0.27428
vn 0.99653 -0.08197 0.01413
vn 0.98815 -0.07212 0.1355
vn 0.9983 -0.02131 0.05421
vn 0.99009 -0.09982 0.09883
vn 0.98494 -0.16869 0.03798
vn 0.98583 0.14046 0.09174
vn 0.98997 0.13897 0.0254
vn 0.94421 0.30705 0.11915
vn 0.95305 0.30279 0.0025
vn 0.98236 0.18579 -0.02146
vn 0.99324 -0.06496 -0.09621
vn 0.97999 -0.08603 -0.1795
vn 0.98735 -0.15786 -0.01457
vn 0.99665 -0.03856 0.07218
vn 0.97776 -0.1241 -0.16907
vn 0.98324 0.01179 0.18196
vn 0.97127 0.16516 0.17132
vn 0.96259 0.18994 0.19326
vn 0.9502 0.3011 0.08044
vn 0.89983 0.4089 0.15203
vn 0.94647 0.27255 0.17295
vn 0.89575 0.36936 0.24741
vn 0.93339 0.3584 -0.01828
vn 0.85291 0.40554 0.32875
vn 0.7905 0.53655 0.29533
vn 0.77171 0.5581 0.30492
vn 0.874 0.46896 0.12724
vn 0.85598 0.51674 0.01656
vn 0.80246 0.55624 0.216
vn 0.89383 0.42713 0.13649
vn 0.72914 0.68404 0.02115
vn 0.74439 0.66298 0.07965
vn 0.7977 0.54393 0.26041
vn 0.6383 0.76706 0.06481
vn 0.65013 0.72419 0.22995
vn 0.64421 0.69631 0.31645
vn 0.56742 0.77951 0.26534
vn 0.56089 0.77186 0.29941
vn 0.60692 0.7693 0.19957
vn 0.62231 0.74179 0.24998
vn 0.6123 0.76106 0.21419
vn 0.53625 0.76936 0.34717
vn 0.37516 0.87036 0.31893
vn 0.34532 0.85265 0.39211
vn 0.37606 0.79162 0.48158
vn 0.26102 0.91155 0.31771
vn 0.33078 0.8354 0.43897
vn 0.16401 0.9262 0.3395
vn 0.4469 0.85362 0.2676
vn 0.14892 0.94944 0.27637
vn 0.21713 0.96543 0.1442
vn 0.43959 0.87231 0.21408
vn 0.33209 0.93768 0.10236
vn 0.36619 0.92532 0.09842
vn 0.29903 0.94227 0.15067
vn 0.39952 0.9007 0.17064
vn 0.28142 0.94052 0.19032
vn 0.57662 0.79648 0.182
vn 0.59377 0.78105 0.19338
vn 0.58133 0.81346 0.01845
vn 0.67637 0.73385 0.06315
vn 0.71459 0.67297 0.19096
vn 0.65571 0.75409 -0.03737
vn 0.50235 0.85887 -0.09995
vn 0.61151 0.79065 -0.0304
vn 0.40801 0.90978 -0.07636
vn 0.53412 0.84533 -0.01135
vn 0.40854 0.91148 -0.04803
vn 0.52806 0.83135 -0.17326
vn 0.4303 0.87453 -0.22371
vn 0.47542 0.8289 -0.29481
vn 0.41191 0.81599 -0.40557
vn 0.29992 0.92617 -0.22861
vn 0.35673 0.87378 -0.33054
vn 0.43609 0.86434 -0.2505
vn 0.30733 0.93102 -0.19684
vn 0.45841 0.88065 -0.1196
vn 0.40553 0.89318 -0.19435
vn 0.50984 0.83267 -0.21614
vn 0.39136 0.84351 -0.36786
vn 0.24502 0.84106 -0.48226
vn 0.46783 0.68048 -0.56398
vn 0.3979 0.703 -0.58947
vn 0.21381 0.81986 -0.53114
vn 0.28029 0.77005 -0.57311
vn 0.18721 0.84361 -0.50326
vn 0.18777 0.773 -0.60598
vn -0.00696 0.8752 -0.48371
vn -0.10869 0.76933 -0.62953
vn -0.16118 0.84469 -0.51042
vn -0.14718 0.80827 -0.57013
vn 0.13335 0.81746 -0.56033
vn 0.21005 0.80441 -0.5557
vn 0.1806 0.81524 -0.55024
vn 0.19207 0.78508 -0.58887
vn -0.12886 0.81 -0.5721
vn -0.17759 0.85028 -0.49547
vn -0.28917 0.80111 -0.52402
vn -0.3116 0.79916 -0.51405
vn -0.08413 0.78618 -0.61225
vn -0.37855 0.69088 -0.61594
vn 0.14747 0.76106 -0.6317
vn 0.03746 0.80479 -0.59238
vn -0.07014 0.60752 -0.7912
vn -0.15846 0.60883 -0.77732
vn -0.18755 0.82545 -0.53241
vn -0.17972 0.44351 -0.87807
vn -0.11843 0.54921 -0.82725
vn -0.29907 0.34296 -0.89047
vn -0.11095 0.46111 -0.88038
vn -0.36204 0.35072 -0.86367
vn -0.08624 0.4238 -0.90164
vn -0.06769 0.48865 -0.86985
vn -0.14691 0.56903 -0.80909
vn -0.29381 0.47921 -0.82706
vn -0.18176 0.47054 -0.86345
vn -0.01738 0.45464 -0.8905
vn 0.04093 0.46638 -0.88364
vn 0.05335 0.33449 -0.94089
vn 0.21256 0.44001 -0.87247
vn 0.28622 0.38066 -0.8793
vn 0.02628 0.0507 -0.99837
vn 0.31639 0.15419 -0.93601
vn -0.06606 0.10569 -0.9922
vn 0.28288 0.15063 -0.94725
vn 0.26331 0.11484 -0.95785
vn 0.5519 0.03915 -0.83299
vn 0.55497 0.10609 -0.82508
vn 0.47921 -0.11943 -0.86954
vn 0.50197 -0.0671 -0.86228
vn 0.55194 0.09678 -0.82825
vn 0.47432 -0.33803 -0.81287
vn 0.62547 -0.34695 -0.69886
vn 0.62637 -0.09982 -0.7731
vn 0.73585 -0.28262 -0.61535
vn 0.78221 -0.11855 -0.61164
vn 0.80638 -0.22402 -0.54732
vn 0.8367 -0.07541 -0.54245
vn 0.84298 -0.23794 -0.48245
vn 0.8143 0.02782 -0.57977
vn 0.75129 0.14263 -0.64438
vn 0.78567 0.00941 -0.61858
vn 0.69525 0.04416 -0.71741
vn 0.61884 0.16226 -0.76858
vn 0.64796 0.10012 -0.75507
vn 0.55327 0.01274 -0.83291
vn 0.6308 -0.13905 -0.76338
vn 0.61184 0.09922 -0.78474
vn 0.59132 0.16897 -0.78854
vn 0.40946 0.16074 -0.89806
vn 0.49779 0.26667 -0.82528
vn 0.5456 0.20254 -0.8132
vn 0.50909 0.35161 -0.78562
vn 0.41451 0.30113 -0.85878
vn 0.43107 0.38183 -0.81755
vn 0.36136 0.33158 -0.87148
vn 0.36695 0.26335 -0.89218
vn 0.32131 0.3996 -0.85853
vn 0.36769 0.46263 -0.80671
vn 0.24958 0.48613 -0.83749
vn 0.35078 0.48841 -0.79901
vn 0.20046 0.45603 -0.8671
vn 0.23529 0.46737 -0.85217
vn 0.34294 0.51076 -0.78836
vn 0.25964 0.52372 -0.81136
vn 0.32113 0.54242 -0.77631
vn 0.26477 0.52803 -0.80689
vn 0.32158 0.51694 -0.79332
vn 0.21546 0.56437 -0.79691
vn 0.34056 0.56435 -0.75201
vn 0.12878 0.5774 -0.80624
vn 0.28603 0.81788 -0.49926
vn 0.38559 0.64166 -0.66302
vn 0.37289 0.77004 -0.51768
vn 0.03686 0.85184 -0.5225
vn 0.37859 0.72593 -0.57419
vn 0.41103 0.74101 -0.53099
vn 0.35005 0.60728 -0.71321
vn 0.45967 0.61981 -0.63603
vn 0.3835 0.772 -0.5069
vn 0.30773 0.56975 -0.76202
vn 0.53861 0.52656 -0.65775
vn 0.32674 0.46761 -0.82133
vn 0.61091 0.40563 -0.67989
vn 0.64053 0.29503 -0.709
vn 0.72538 0.26787 -0.63409
vn 0.68924 0.35158 -0.63351
vn 0.62979 0.2784 -0.72516
vn 0.73783 0.27035 -0.61848
vn 0.62234 0.11668 -0.774
vn 0.80776 0.05594 -0.58685
vn 0.81034 -0.14769 -0.56704
vn 0.78561 -0.09343 -0.61163
vn 0.79553 -0.01301 -0.60578
vn 0.86128 -0.01896 -0.50777
vn 0.92477 -0.085 -0.37091
vn 0.84056 0.1559 -0.51881
vn 0.87166 0.07359 -0.48455
vn 0.74264 0.2311 -0.62856
vn 0.70473 0.24239 -0.66679
vn 0.80912 0.16601 -0.5637
vn 0.84562 0.13531 -0.51635
vn 0.77308 0.28282 -0.56776
vn 0.82657 0.26431 -0.49692
vn 0.65069 0.32666 -0.68549
vn 0.60796 0.438 -0.66223
vn 0.73685 0.41987 -0.52987
vn 0.62321 0.44806 -0.64098
vn 0.57022 0.57387 -0.58781
vn 0.51982 0.5844 -0.62311
vn 0.43025 0.75591 -0.49344
vn 0.6637 0.53 -0.52783
vn 0.51172 0.69235 -0.50871
vn 0.35866 0.78792 -0.50054
vn 0.42892 0.75712 -0.49275
vn 0.37553 0.81676 -0.43804
vn 0.44112 0.72765 -0.5253
vn 0.5667 0.68942 -0.45118
vn 0.48553 0.77308 -0.40819
vn 0.43202 0.8506 -0.29973
vn 0.37542 0.81204 -0.44683
vn 0.33591 0.82581 -0.45299
vn 0.37026 0.84368 -0.38873
vn 0.50594 0.8194 -0.26945
vn 0.54282 0.75101 -0.37593
vn 0.6348 0.60867 -0.47598
vn 0.82359 0.45207 -0.34254
vn 0.68683 0.7208 -0.09332
vn 0.73011 0.43468 -0.52725
vn 0.85684 0.3111 -0.41115
vn 0.77683 0.39686 -0.48892
vn 0.84133 0.35955 -0.40359
vn 0.83246 0.28322 -0.47623
vn 0.95168 0.25791 -0.1667
vn 0.95589 0.22137 -0.19306
vn 0.84077 0.12967 -0.52563
vn 0.9526 0.06149 -0.29795
vn 0.86509 0.00115 -0.50161
vn 0.9401 -0.05155 -0.33698
vn 0.85646 -0.12134 -0.50175
vn 0.90182 -0.02166 -0.43156
vn 0.83223 0.073 -0.54961
vn 0.92622 0.15054 -0.34562
vn 0.93231 0.06354 -0.35602
vn 0.96414 0.11196 -0.24063
vn 0.91023 0.20779 -0.35819
vn 0.9222 0.06176 -0.38174
vn 0.97742 -0.05377 -0.20435
vn 0.93956 0.06363 -0.33641
vn 0.95135 0.19378 -0.23956
vn 0.95455 0.12975 -0.26833
vn 0.97979 0.12596 -0.15538
vn 0.99231 0.03701 -0.11808
vn 0.95886 0.26568 -0.09998
vn 0.94526 0.31916 0.06797
vn 0.98299 0.17441 0.05754
vn 0.98055 0.12087 -0.15463
vn 0.99281 -0.00555 -0.11953
vn 0.99892 -0.03698 0.02798
vn 0.99723 -0.05601 0.04901
vn 0.95031 -0.24952 -0.18613
vn 0.9593 -0.28022 0.03483
vn 0.97592 -0.21766 0.01457
vn 0.97679 -0.16086 -0.14144
vn 0.99497 -0.00691 0.0999
vn 0.9886 0.03738 0.14583
vn 0.97649 0.20774 -0.05747
vn 0.96526 0.24382 -0.09393
vn 0.92429 0.24866 0.28959
vn 0.91783 0.38772 0.08523
vn 0.87841 0.47343 -0.06525
vn 0.8603 0.494 0.12589
vn 0.87554 0.47844 -0.0673
vn 0.90746 0.42012 -0.00198
vn 0.86997 0.48324 -0.09819
vn 0.85539 0.5057 -0.11217
vn 0.85303 0.52137 0.02251
vn 0.76479 0.64139 0.06087
vn 0.77562 0.62562 -0.08374
vn 0.76265 0.59488 0.25392
vn 0.78129 0.60185 0.16541
vn 0.75388 0.65682 -0.01571
vn 0.76408 0.59576 0.24748
vn 0.67966 0.72392 0.11837
vn 0.71287 0.65396 0.25329
vn 0.69287 0.71263 0.10995
vn 0.71165 0.67869 0.18148
vn 0.64746 0.74857 0.14293
vn 0.61762 0.76028 0.20128
vn 0.60116 0.73816 0.30615
vn 0.67288 0.73806 -0.04998
vn 0.73926 0.6721 -0.04218
vn 0.68273 0.73067 -0.00303
vn 0.77382 0.63305 -0.02126
vn 0.69886 0.7144 0.03509
vn 0.70204 0.69676 0.14717
vn 0.66774 0.74217 -0.05756
vn 0.55585 0.79265 0.25048
vn 0.47917 0.87707 -0.03377
vn 0.62837 0.77639 0.04859
vn 0.3389 0.93852 -0.06573
vn 0.76572 0.61222 -0.19711
vn 0.40619 0.88913 -0.21083
vn 0.21912 0.94889 -0.22716
vn 0.54691 0.71443 -0.43643
vn 0.82777 0.46771 -0.30991
vn 0.74502 0.65149 -0.14319
vn 0.82586 0.55522 0.09839
vn 0.93066 0.31768 -0.18153
vn 0.89431 0.42379 -0.14361
vn 0.93853 0.18081 -0.29405
vn 0.91107 0.15642 -0.38142
vn 0.95311 0.07216 -0.2939
vn 0.97304 0.22435 -0.05346
vn 0.92849 -0.10866 -0.35509
vn 0.94192 0.12655 -0.31108
vn 0.99287 0.06631 -0.09902
vn 0.83745 0.5215 -0.16345
vn 0.90255 0.41999 -0.09494
vn 0.95489 0.28862 0.06988
vn 0.82832 0.53371 -0.17041
vn 0.84566 0.5279 0.07862
vn 0.80731 0.49802 0.31659
vn 0.85353 0.47897 -0.20515
vn 0.84954 0.51106 0.13075
vn 0.79861 0.51177 0.31674
vn 0.83357 0.53568 0.13494
vn 0.75247 0.55618 0.35278
vn 0.85808 0.49983 0.11774
vn 0.76554 0.60802 0.21036
vn 0.79342 0.60012 -0.10169
vn 0.89453 0.40538 -0.18835
vn 0.16975 0.38828 0.90577
vn 0.05667 0.32015 0.94567
vn -0.16047 0.36661 0.91643
vn -0.15958 0.26801 0.95011
vn 0.83058 0.45809 0.31667
vn 0.94257 0.1774 0.28299
vn 0.89667 0.26782 0.3525
vn 0.89965 0.11048 0.42239
vn 0.93119 -0.00645 0.36448
vn 0.93104 0.15462 0.33055
vn 0.99148 -0.10686 0.07453
vn 0.9515 -0.30755 -0.00763
vn 0.84915 -0.51743 -0.10593
vn 0.87153 -0.18849 0.45267
vn 0.78731 -0.61303 -0.06585
vn 0.78971 -0.60985 -0.06668
vn 0.79539 -0.60329 0.05827
vn 0.92375 -0.36169 0.12598
vn 0.95823 -0.08032 0.27449
vn 0.80474 -0.07849 0.58841
vn 0.56218 0.30965 0.76686
vn 0.65833 0.23538 0.71498
vn 0.80744 0.07448 0.58523
vn 0.79936 0.04407 0.59923
vn 0.83826 0.05375 0.54261
vn 0.79283 0.06123 0.60635
vn 0.68063 0.07093 0.72918
vn 0.66743 -0.07193 0.74119
vn 0.63931 -0.13758 0.75654
vn 0.93546 -0.28744 0.20564
vn 0.89245 -0.43794 0.10833
vn 0.59793 -0.79754 0.08004
vn 0.90673 -0.41196 -0.09021
vn 0.97216 -0.22549 0.06376
vn 0.9286 -0.3144 0.19713
vn 0.97669 -0.14489 0.1584
vn 0.94502 -0.19411 0.26318
vn 0.98287 -0.08865 0.16158
vn 0.91328 -0.09851 0.39523
vn 0.9814 -0.18023 -0.06614
vn 0.91489 -0.39956 -0.05763
vn 0.87804 -0.44874 0.16637
vn 0.56084 -0.79119 0.24387
vn 0.72161 -0.21104 0.65935
vn 0.7725 -0.18424 0.6077
vn 0.4937 -0.12727 0.86027
vn 0.43774 -0.24447 0.86523
vn 0.3177 -0.2022 0.92638
vn 0.54956 -0.1765 0.8166
vn 0.74233 -0.20757 0.63707
vn -0.60537 0.7836 -0.13967
vn -0.59933 0.78509 -0.15634
vn -0.6963 0.71652 -0.04213
vn -0.71082 0.70268 -0.03128
vn -0.6649 0.68776 -0.29136
vn -0.84933 0.48041 -0.21875
vn -0.80813 0.47358 -0.35022
vn -0.95013 0.17477 -0.25827
vn -0.9408 0.22342 -0.25492
vn -0.97504 0.09624 -0.20007
vn -0.91516 0.0192 -0.40263
vn -0.37584 -0.65746 -0.65306
vn -0.12866 -0.85287 -0.50603
vn -0.32055 -0.88299 -0.34288
vn -0.44568 -0.87987 -0.1649
vn -0.45794 -0.57918 -0.67441
vn -0.60121 -0.49514 -0.6272
vn -0.61597 -0.08869 -0.78276
vn -0.48968 0.03461 -0.87121
vn -0.54876 0.08835 -0.8313
vn -0.60092 0.36309 -0.71209
vn -0.67387 0.07968 -0.73454
vn -0.66201 0.51474 -0.54477
vn -0.7949 0.09713 -0.59891
vn -0.91658 0.17035 -0.36175
vn -0.72241 0.60714 -0.33092
vn -0.95824 0.28246 -0.04465
vn -0.88682 -0.21616 -0.40844
vn -0.74841 -0.31134 -0.58562
vn -0.98001 -0.13113 -0.1496
vn -0.83204 -0.51392 -0.20881
vn -0.75432 -0.4998 -0.42568
vn -0.99049 -0.10207 0.09225
vn -0.9778 0.13932 0.15651
vn -0.9481 -0.14872 0.28106
vn -0.76981 -0.49183 -0.40681
vn -0.81458 -0.53478 -0.22465
vn -0.74625 -0.59788 -0.29266
vn -0.7904 -0.59993 -0.12386
vn -0.47657 -0.87584 -0.07601
vn -0.53067 -0.84425 0.07497
vn -0.56774 -0.78209 0.25692
vn -0.35065 -0.91402 0.20401
vn -0.41823 -0.82108 0.38847
vn -0.61598 -0.64976 0.4454
vn -0.47161 -0.69183 0.54677
vn -0.66969 -0.46833 0.57636
vn -0.28278 -0.8348 0.47239
vn -0.20948 -0.93254 0.29409
vn -0.15444 -0.93265 0.32604
vn -0.2554 -0.8416 0.47591
vn -0.01198 -0.98499 0.17218
vn -0.11013 -0.98362 0.14271
vn -0.10258 -0.99114 0.08433
vn 0.04445 -0.99617 -0.07525
vn 0.13633 -0.98982 0.04077
vn 0.20372 -0.96277 -0.1777
vn 0.25489 -0.96289 -0.08876
vn 0.41571 -0.87026 -0.26425
vn 0.20847 -0.97055 -0.12074
vn 0.04996 -0.99872 -0.00741
vn 0.05416 -0.97614 -0.2103
vn -0.11173 -0.98943 -0.09244
vn -0.2624 -0.96285 0.06381
vn -0.36288 -0.89899 -0.24521
vn -0.66811 -0.59427 -0.44774
vn -0.55511 -0.61971 -0.55481
vn -0.21609 -0.89802 -0.38324
vn -0.40136 -0.64853 -0.64677
vn -0.08734 -0.88187 -0.46333
vn -0.29238 -0.67028 -0.68208
vn -0.02121 -0.88547 -0.46422
vn -0.24789 -0.69304 -0.67694
vn -0.0029 -0.91629 -0.4005
vn -0.25272 -0.36523 -0.89596
vn -0.39526 -0.39205 -0.8307
vn -0.49438 -0.36095 -0.79076
vn -0.39886 -0.29671 -0.86768
vn -0.52364 -0.35652 -0.77375
vn -0.61055 -0.33261 -0.71875
vn -0.60508 -0.40573 -0.68503
vn -0.48399 -0.3086 -0.81885
vn -0.56768 -0.36602 -0.7374
vn -0.70064 -0.35211 -0.62058
vn -0.64506 -0.44604 -0.62044
vn -0.65325 -0.37022 -0.66045
vn -0.67152 -0.47653 -0.56744
vn -0.72934 -0.41552 -0.54351
vn -0.39915 -0.17312 -0.90039
vn -0.3607 -0.25859 -0.89612
vn -0.26644 -0.37602 -0.88748
vn -0.20982 -0.26048 -0.9424
vn -0.22091 -0.19303 -0.956
vn -0.13346 -0.33062 -0.93428
vn -0.08016 -0.11547 -0.99007
vn -0.05617 -0.31007 -0.94905
vn 0.02604 -0.36566 -0.93038
vn 0.36184 -0.25437 -0.89686
vn 0.37713 -0.35528 -0.85531
vn 0.01444 -0.47528 -0.87972
vn -0.20089 -0.4654 -0.862
vn -0.19397 -0.60059 -0.77568
vn -0.24789 -0.64622 -0.72177
vn 0.04452 -0.98684 -0.15543
vn 0.54304 -0.83634 -0.07511
vn 0.55799 -0.78032 -0.2824
vn 0.23401 -0.96095 0.14771
vn 0.37884 -0.83794 0.39286
vn 0.45706 -0.87861 0.13834
vn 0.487 -0.8208 0.29852
vn 0.52475 -0.83076 0.18569
vn 0.25502 -0.67885 0.68857
vn 0.13194 -0.53857 0.83219
vn 0.18388 -0.66438 0.72442
vn 0.15242 -0.27501 0.94928
vn 0.31281 -0.34941 0.88321
vn 0.17642 -0.75592 0.63044
vn 0.28327 -0.75399 0.59266
vn 0.47759 -0.32143 0.81767
vn 0.62829 -0.24904 0.73704
vn 0.58735 -0.6893 0.42412
vn 0.27695 -0.94738 0.16052
vn 0.06715 -0.95895 0.27551
vn 0.40749 -0.89857 0.16285
vn 0.15299 -0.81737 0.55543
vn 0.17236 -0.95599 0.23745
vn 0.292 -0.94066 0.17287
vn -0.06404 -0.91614 0.39571
vn 0.30839 -0.93267 0.18716
vn 0.23565 -0.9225 0.30571
vn 0.34719 -0.8836 0.3142
vn 0.39778 -0.87831 0.26522
vn 0.28094 -0.90332 0.32418
vn 0.40663 -0.86479 0.29462
vn 0.42063 -0.86898 0.26067
vn 0.11686 -0.96284 0.2435
vn 0.05349 -0.76817 0.63801
vn 0.07638 -0.71784 0.69201
vn -0.01321 -0.81526 0.57895
vn -0.02918 -0.81535 0.57824
vn -0.03687 -0.83263 0.55261
vn 0.42279 -0.77001 0.47784
vn 0.32119 -0.93457 0.15306
vn -0.01193 -0.95075 0.30971
vn 0.6034 -0.79193 0.09357
vn 0.3376 -0.8959 -0.28876
vn 0.22268 -0.94389 -0.24389
vn 0.4242 -0.85601 -0.29548
vn 0.04477 -0.82284 -0.56651
vn 0.06276 -0.86859 -0.49154
vn -0.15082 -0.85947 -0.48844
vn -0.02939 -0.70664 -0.70696
vn -0.12274 -0.94683 -0.29739
vn -0.20976 -0.95431 -0.21283
vn -0.17097 -0.8239 -0.54034
vn -0.18904 -0.97496 -0.11709
vn -0.03772 -0.96721 0.25115
vn -0.06842 -0.57631 -0.81436
vn -0.2983 -0.54376 -0.78444
vn -0.51534 -0.59874 -0.61313
vn -0.59585 -0.29997 -0.74497
vn -0.33439 -0.45027 -0.82791
vn -0.28201 -0.9447 -0.16739
vn -0.41624 -0.90912 -0.01578
vn -0.40132 -0.91591 0.00661
vn -0.22214 -0.96713 -0.12372
vn -0.25177 -0.94297 0.21776
vn 0.19351 -0.93038 0.31136
vn 0.28346 -0.63872 0.71532
vn 0.57352 -0.48209 0.66231
vn 0.76507 -0.37719 0.52192
vn 0.55964 -0.45174 0.69479
vn 0.71969 -0.37706 0.58299
vn 0.64377 -0.34646 0.6823
vn 0.28287 -0.44323 0.8506
vn -0.16852 -0.46196 0.87074
vn -0.01634 -0.29435 0.95556
vn -0.19031 -0.06856 0.97933
vn -0.44768 -0.15319 0.88097
vn -0.26223 0.15186 0.95298
vn -0.55771 0.09807 0.82422
vn -0.2977 0.15027 0.94276
vn -0.62049 0.10527 0.77712
vn -0.85824 0.08906 0.50547
vn -0.91583 0.16884 0.36436
vn -0.90444 0.21581 0.36799
vn -0.71366 -0.5622 0.41788
vn -0.62843 -0.76956 0.11337
vn -0.86616 0.09306 0.49103
vn -0.41081 -0.89945 0.14911
vn -0.31008 -0.92471 -0.22082
vn -0.26334 -0.96261 -0.06344
vn -0.31183 -0.89521 -0.31838
vn 0.2128 -0.90745 0.36229
vn -0.20419 -0.9674 -0.14984
vn -0.11543 -0.97999 -0.16218
vn -0.04614 -0.9975 0.05361
vn 0.04918 -0.99666 0.06517
vn -0.10143 -0.98759 0.11988
vn -0.05519 -0.96592 0.25289
vn -0.27701 -0.95757 -0.0795
vn -0.58411 -0.72012 0.37449
vn -0.77406 -0.4885 0.40273
vn -0.84773 -0.24476 0.47058
vn -0.47157 -0.78802 0.3958
vn -0.33931 -0.77326 0.53566
vn -0.04219 -0.94212 0.3326
vn -0.6076 -0.65201 0.45355
vn -0.76325 -0.63402 0.12435
vn -0.50063 -0.50831 -0.7007
vn -0.25754 -0.62625 -0.73586
vn -0.11451 -0.90785 -0.40336
vn -0.25463 -0.9001 -0.35353
vn -0.03298 -0.99799 0.05417
vn 0.05969 -0.99456 -0.0854
vn -0.0309 -0.91376 0.40508
vn 0.00935 -0.80682 0.59073
vn -0.02679 -0.75528 0.65485
vn 0.10365 -0.76657 0.63374
vn 0.07979 -0.7064 0.70331
vn -0.24499 -0.7527 0.61109
vn -0.18146 -0.59051 0.78636
vn -0.73601 -0.26533 0.6228
vn -0.11051 -0.4399 0.89122
vn 0.10592 -0.51085 0.85312
vn -0.81771 0.53739 0.2063
vn -0.84356 0.44261 0.30414
vn -0.22057 -0.90116 0.37317
vn -0.16996 -0.52835 0.83184
vn -0.1435 -0.85981 0.49003
vn 0.0011 -0.62361 0.78173
vn -0.08235 -0.81658 0.57133
vn 0.00825 -0.77425 0.63282
vn 0.06072 -0.76707 0.63869
vn 0.05691 -0.80487 0.59071
vn -0.12404 -0.87448 0.46893
vn 0.26717 -0.78431 0.55989
vn 0.15347 -0.6642 0.73163
vn 0.34677 -0.68965 0.63571
vn 0.45967 0.04292 0.88705
vn 0.68354 -0.06056 0.72739
vn 0.20217 0.05985 0.97752
vn 0.23735 -0.77715 0.58283
vt 0.64215 0.0812
vt 0.62501 0.06531
vt 0.64181 0.06316
vt 0.62576 0.08263
vt 0.66299 0.06745
vt 0.66394 0.07799
vt 0.64847 0.05358
vt 0.66289 0.05945
vt 0.63013 0.04668
vt 0.63845 0.03807
vt 0.61923 0.05025
vt 0.08387 0.38177
vt 0.06994 0.36241
vt 0.08781 0.35204
vt 0.09967 0.37472
vt 0.11516 0.35059
vt 0.11987 0.37014
vt 0.09456 0.3307
vt 0.11598 0.33105
vt 0.0727 0.32352
vt 0.0635 0.33578
vt 0.05142 0.34544
vt 0.89308 0.48525
vt 0.90715 0.47883
vt 0.90289 0.49256
vt 0.89104 0.47434
vt 0.89038 0.50436
vt 0.87919 0.49129
vt 0.8717 0.47658
vt 0.09444 0.2264
vt 0.08095 0.22974
vt 0.09118 0.21799
vt 0.08134 0.21462
vt 0.09713 0.20935
vt 0.10567 0.21838
vt 0.08567 0.20042
vt 0.41218 0.12711
vt 0.4117 0.10381
vt 0.42788 0.11476
vt 0.40103 0.12402
vt 0.42808 0.13866
vt 0.41169 0.14348
vt 0.39351 0.1449
vt 0.17024 0.59706
vt 0.17941 0.62992
vt 0.16253 0.63486
vt 0.15217 0.60023
vt 0.1572 0.56267
vt 0.14382 0.5699
vt 0.18339 0.57927
vt 0.1719 0.55271
vt 0.18644 0.60902
vt 0.19455 0.62771
vt 0.19625 0.60017
vt 0.53504 0.46784
vt 0.5483 0.4764
vt 0.53473 0.49457
vt 0.52405 0.48993
vt 0.52075 0.46987
vt 0.51331 0.48641
vt 0.52395 0.45768
vt 0.53034 0.45067
vt 0.7043 0.87513
vt 0.67918 0.87325
vt 0.70622 0.85866
vt 0.67694 0.86027
vt 0.72602 0.8468
vt 0.69507 0.83737
vt 0.71441 0.82664
vt 0.67299 0.84462
vt 0.8473 0.90121
vt 0.82495 0.89488
vt 0.8404 0.88932
vt 0.83016 0.90837
vt 0.82221 0.87249
vt 0.8441 0.87979
vt 0.81445 0.87959
vt 0.80678 0.88323
vt 0.15381 0.50988
vt 0.16448 0.50503
vt 0.16152 0.53026
vt 0.17379 0.51712
vt 0.17918 0.49591
vt 0.16541 0.48801
vt 0.15038 0.48741
vt 0.47388 0.13699
vt 0.46495 0.11808
vt 0.48245 0.12829
vt 0.46128 0.13587
vt 0.12016 0.98071
vt 0.11599 0.96923
vt 0.13088 0.97946
vt 0.10774 0.97639
vt 0.10305 0.98598
vt 0.11909 0.99139
vt 0.13687 0.99113
vt 0.85072 0.45051
vt 0.84115 0.44138
vt 0.85436 0.43338
vt 0.86778 0.44541
vt 0.84305 0.46445
vt 0.82614 0.45049
vt 0.86749 0.46102
vt 0.83791 0.56086
vt 0.82437 0.55118
vt 0.83522 0.54779
vt 0.82104 0.56045
vt 0.82616 0.53113
vt 0.81505 0.53997
vt 0.80584 0.55
vt 0.07818 0.519
vt 0.06556 0.53532
vt 0.06251 0.51973
vt 0.07276 0.53496
vt 0.05513 0.53557
vt 0.05085 0.52204
vt 0.16425 0.11038
vt 0.17527 0.11899
vt 0.15959 0.12003
vt 0.16461 0.12841
vt 0.14943 0.11861
vt 0.15163 0.10437
vt 0.15034 0.13013
vt 0.74723 0.16403
vt 0.73073 0.16165
vt 0.73744 0.15315
vt 0.73865 0.17917
vt 0.07965 0.67898
vt 0.06685 0.69152
vt 0.07206 0.67589
vt 0.07353 0.69036
vt 0.73553 0.19752
vt 0.74831 0.18482
vt 0.74382 0.19921
vt 0.07578 0.70386
vt 0.06523 0.70952
vt 0.75698 0.17247
vt 0.45718 0.37191
vt 0.44581 0.36253
vt 0.45693 0.35966
vt 0.44231 0.37122
vt 0.44905 0.34976
vt 0.43616 0.35738
vt 0.42687 0.36776
vt 0.87715 0.81842
vt 0.86828 0.82468
vt 0.86832 0.81125
vt 0.86032 0.82164
vt 0.88268 0.82692
vt 0.86811 0.83146
vt 0.8554 0.83356
vt 0.85476 0.39976
vt 0.85168 0.38767
vt 0.86334 0.38817
vt 0.86276 0.40396
vt 0.84676 0.40421
vt 0.83927 0.39015
vt 0.855 0.41426
vt 0.20777 0.62177
vt 0.08538 0.83217
vt 0.09046 0.82037
vt 0.10009 0.82883
vt 0.08912 0.84194
vt 0.07207 0.83477
vt 0.07354 0.85193
vt 0.07556 0.81717
vt 0.11602 0.08375
vt 0.1339 0.08157
vt 0.1331 0.09031
vt 0.11735 0.06982
vt 0.90629 0.2146
vt 0.89457 0.22148
vt 0.90064 0.20765
vt 0.90563 0.22548
vt 0.918 0.22245
vt 0.91529 0.20929
vt 0.91092 0.19588
vt 0.1966 0.90071
vt 0.19349 0.88264
vt 0.20156 0.88985
vt 0.18261 0.89436
vt 0.20628 0.87531
vt 0.212 0.88753
vt 0.21046 0.90234
vt 0.80566 0.58571
vt 0.83056 0.59746
vt 0.8137 0.61775
vt 0.79317 0.59808
vt 0.78819 0.62397
vt 0.77763 0.60879
vt 0.81196 0.64116
vt 0.79311 0.63918
vt 0.9479 0.81336
vt 0.93864 0.835
vt 0.93908 0.81238
vt 0.93179 0.82521
vt 0.93598 0.80033
vt 0.94741 0.79354
vt 0.92398 0.81389
vt 0.63879 0.10252
vt 0.62083 0.10092
vt 0.62153 0.12436
vt 0.63151 0.12942
vt 0.64665 0.11508
vt 0.6107 0.12009
vt 0.94799 0.86305
vt 0.94242 0.87604
vt 0.93795 0.86339
vt 0.92783 0.87589
vt 0.93773 0.85222
vt 0.95227 0.8498
vt 0.92303 0.86378
vt 0.42271 0.2752
vt 0.41298 0.25753
vt 0.43178 0.26302
vt 0.41046 0.2679
vt 0.40879 0.28651
vt 0.39824 0.27334
vt 0.39467 0.25877
vt 0.15176 0.75105
vt 0.14408 0.7657
vt 0.13537 0.75399
vt 0.15632 0.75845
vt 0.1159 0.76541
vt 0.12756 0.77664
vt 0.11421 0.7433
vt 0.1058 0.75317
vt 0.07758 0.54432
vt 0.09195 0.55589
vt 0.07766 0.56057
vt 0.07004 0.54767
vt 0.87332 0.2043
vt 0.85016 0.20469
vt 0.86443 0.19106
vt 0.85817 0.22405
vt 0.8837 0.2142
vt 0.87588 0.23222
vt 0.87251 0.25094
vt 0.85144 0.2486
vt 0.83411 0.23639
vt 0.83314 0.21282
vt 0.53708 0.30976
vt 0.51485 0.28855
vt 0.54012 0.29053
vt 0.50441 0.30857
vt 0.53458 0.32878
vt 0.51146 0.32725
vt 0.47699 0.32082
vt 0.48801 0.33348
vt 0.49203 0.28358
vt 0.47915 0.29892
vt 0.45959 0.31151
vt 0.54547 0.79601
vt 0.51751 0.8023
vt 0.51871 0.78647
vt 0.53893 0.781
vt 0.55242 0.77423
vt 0.56271 0.7779
vt 0.53865 0.81769
vt 0.51547 0.81956
vt 0.56926 0.79801
vt 0.56213 0.81698
vt 0.5792 0.77891
vt 0.06178 0.92248
vt 0.04197 0.91422
vt 0.05938 0.90707
vt 0.05172 0.92901
vt 0.06224 0.94272
vt 0.07282 0.93136
vt 0.07771 0.92009
vt 0.80186 0.68269
vt 0.77648 0.69968
vt 0.78938 0.67033
vt 0.76778 0.68337
vt 0.76755 0.72002
vt 0.80048 0.70944
vt 0.78835 0.72704
vt 0.81889 0.69553
vt 0.74608 0.7131
vt 0.74588 0.73058
vt 0.7441 0.69717
vt 0.04893 0.03324
vt 0.05439 0.0158
vt 0.06016 0.03414
vt 0.04037 0.02098
vt 0.02886 0.0323
vt 0.04461 0.0468
vt 0.06037 0.05157
vt 0.90597 0.87483
vt 0.941 0.88605
vt 0.92727 0.88473
vt 0.03419 0.08499
vt 0.0581 0.07
vt 0.05726 0.08749
vt 0.03927 0.06337
vt 0.04251 0.10715
vt 0.0164 0.09795
vt 0.02627 0.11415
vt 0.01558 0.06959
vt 0.02149 0.05062
vt 0.06078 0.10538
vt 0.16775 0.74132
vt 0.16937 0.74762
vt 0.73465 0.21308
vt 0.74092 0.21213
vt 0.92379 0.48588
vt 0.94452 0.47435
vt 0.9423 0.49403
vt 0.92695 0.46914
vt 0.92711 0.51081
vt 0.91631 0.50226
vt 0.93492 0.51877
vt 0.95184 0.50778
vt 0.96922 0.50046
vt 0.96354 0.48742
vt 0.96312 0.47217
vt 0.44785 0.11511
vt 0.44367 0.13778
vt 0.43762 0.08796
vt 0.41949 0.07946
vt 0.45524 0.0945
vt 0.07772 0.05569
vt 0.09156 0.03915
vt 0.08841 0.05657
vt 0.07494 0.03571
vt 0.07693 0.07278
vt 0.0963 0.07402
vt 0.10577 0.05809
vt 0.35535 0.29019
vt 0.38211 0.28337
vt 0.36783 0.2993
vt 0.37148 0.26621
vt 0.33973 0.28368
vt 0.35257 0.26081
vt 0.37725 0.24167
vt 0.35797 0.23864
vt 0.39835 0.24191
vt 0.10583 0.28664
vt 0.10837 0.26866
vt 0.11632 0.28152
vt 0.09708 0.28122
vt 0.08924 0.29591
vt 0.10442 0.29838
vt 0.12188 0.29544
vt 0.27497 0.31558
vt 0.27247 0.30168
vt 0.28627 0.31021
vt 0.28857 0.29889
vt 0.29414 0.31473
vt 0.30269 0.29984
vt 0.28192 0.32637
vt 0.81311 0.90143
vt 0.81398 0.89544
vt 0.02113 0.58719
vt 0.01985 0.59881
vt 0.01015 0.58447
vt 0.00657 0.59599
vt 0.01181 0.57269
vt 0.0231 0.57607
vt 0.01189 0.44237
vt 0.02074 0.43788
vt 0.02082 0.45268
vt 0.01041 0.45238
vt 0.86478 0.75856
vt 0.88056 0.76189
vt 0.87633 0.77029
vt 0.87419 0.75015
vt 0.88752 0.74393
vt 0.89202 0.76158
vt 0.88984 0.77579
vt 0.18882 0.53603
vt 0.19503 0.50585
vt 0.21243 0.51071
vt 0.21117 0.53507
vt 0.69023 0.09996
vt 0.70997 0.11667
vt 0.68784 0.1136
vt 0.71832 0.09838
vt 0.71306 0.0792
vt 0.68857 0.08315
vt 0.73964 0.08406
vt 0.73921 0.1129
vt 0.75247 0.09864
vt 0.7299 0.1285
vt 0.73121 0.06848
vt 0.55534 0.76176
vt 0.57099 0.76064
vt 0.53804 0.76551
vt 0.53747 0.41771
vt 0.54837 0.42314
vt 0.54006 0.43744
vt 0.52898 0.42762
vt 0.53605 0.40175
vt 0.5542 0.40581
vt 0.51966 0.41732
vt 0.89836 0.02686
vt 0.88004 0.03079
vt 0.88083 0.02406
vt 0.89063 0.03766
vt 0.86679 0.03066
vt 0.86335 0.02147
vt 0.09271 0.93438
vt 0.08447 0.94498
vt 0.51467 0.4522
vt 0.51999 0.43995
vt 0.51005 0.46772
vt 0.88948 0.84735
vt 0.89746 0.8557
vt 0.88019 0.8565
vt 0.88269 0.86383
vt 0.86732 0.85992
vt 0.86966 0.84992
vt 0.86652 0.86964
vt 0.3693 0.53664
vt 0.35919 0.54917
vt 0.35737 0.53767
vt 0.3737 0.54328
vt 0.3725 0.5269
vt 0.35782 0.52526
vt 0.38237 0.53254
vt 0.75801 0.3096
vt 0.75722 0.29426
vt 0.78322 0.30741
vt 0.78235 0.2886
vt 0.79641 0.32417
vt 0.77245 0.32139
vt 0.77945 0.33332
vt 0.75764 0.3255
vt 0.01365 0.66019
vt 0.02323 0.6585
vt 0.01533 0.67041
vt 0.02435 0.67108
vt 0.05931 0.4628
vt 0.05319 0.45263
vt 0.06353 0.45436
vt 0.05258 0.46654
vt 0.02291 0.68194
vt 0.0139 0.67867
vt 0.12656 0.95947
vt 0.14885 0.97437
vt 0.13232 0.95052
vt 0.15528 0.96103
vt 0.17652 0.97898
vt 0.17802 0.96737
vt 0.15378 0.98982
vt 0.38699 0.61766
vt 0.38965 0.63833
vt 0.37841 0.635
vt 0.37102 0.62019
vt 0.36997 0.59869
vt 0.35734 0.60664
vt 0.38487 0.59118
vt 0.39742 0.60252
vt 0.78356 0.1926
vt 0.79796 0.20364
vt 0.78255 0.20211
vt 0.79427 0.18969
vt 0.78729 0.17751
vt 0.77619 0.18647
vt 0.76998 0.19732
vt 0.04606 0.18454
vt 0.03858 0.21452
vt 0.02988 0.19757
vt 0.05467 0.20332
vt 0.06984 0.18221
vt 0.06362 0.16896
vt 0.07682 0.19161
vt 0.06898 0.20984
vt 0.11943 0.17901
vt 0.11842 0.19091
vt 0.10892 0.18323
vt 0.13051 0.1826
vt 0.13893 0.17294
vt 0.12192 0.17121
vt 0.10563 0.17396
vt 0.92366 0.23782
vt 0.93117 0.2286
vt 0.92945 0.21745
vt 0.94015 0.2296
vt 0.94014 0.23776
vt 0.94039 0.21468
vt 0.4048 0.04801
vt 0.38061 0.07157
vt 0.3785 0.04371
vt 0.40127 0.07366
vt 0.4077 0.024
vt 0.38958 0.01744
vt 0.3607 0.02586
vt 0.37451 0.01091
vt 0.35597 0.05658
vt 0.34546 0.0393
vt 0.9107 0.40774
vt 0.89792 0.4031
vt 0.90993 0.39708
vt 0.90099 0.38944
vt 0.91763 0.39106
vt 0.92358 0.40557
vt 0.90738 0.37688
vt 0.90799 0.75921
vt 0.92057 0.7328
vt 0.93009 0.757
vt 0.90432 0.74013
vt 0.94819 0.74573
vt 0.93511 0.72194
vt 0.93083 0.7863
vt 0.94284 0.77487
vt 0.95623 0.76741
vt 0.02186 0.64669
vt 0.01263 0.64857
vt 0.02009 0.63494
vt 0.00781 0.63769
vt 0.06361 0.44408
vt 0.05545 0.43818
vt 0.52062 0.39092
vt 0.50752 0.40782
vt 0.5473 0.37738
vt 0.56355 0.38643
vt 0.52978 0.37157
vt 0.37103 0.17519
vt 0.39166 0.16225
vt 0.39156 0.17608
vt 0.36549 0.15284
vt 0.34103 0.17371
vt 0.33784 0.15633
vt 0.37725 0.13513
vt 0.02478 0.56347
vt 0.01283 0.55302
vt 0.02302 0.55131
vt 0.01477 0.5627
vt 0.01223 0.46115
vt 0.01967 0.46608
vt 0.51029 0.1339
vt 0.49248 0.11481
vt 0.49791 0.14976
vt 0.51937 0.16305
vt 0.53059 0.15151
vt 0.47884 0.15253
vt 0.49782 0.17643
vt 0.48098 0.17594
vt 0.51446 0.181
vt 0.95466 0.83418
vt 0.95913 0.81286
vt 0.92015 0.85191
vt 0.09437 0.77956
vt 0.09684 0.80561
vt 0.08273 0.8007
vt 0.11009 0.79013
vt 0.07383 0.76346
vt 0.0897 0.75913
vt 0.07408 0.78324
vt 0.06859 0.79973
vt 0.62245 0.03597
vt 0.6086 0.02425
vt 0.62553 0.02602
vt 0.61329 0.03696
vt 0.2539 0.91178
vt 0.25526 0.92584
vt 0.24939 0.91584
vt 0.24872 0.92964
vt 0.25339 0.89669
vt 0.79428 0.65125
vt 0.80557 0.65748
vt 0.78111 0.65906
vt 0.77514 0.64578
vt 0.76341 0.34187
vt 0.18267 0.3851
vt 0.16606 0.41261
vt 0.16485 0.3851
vt 0.18894 0.41495
vt 0.16642 0.44007
vt 0.18527 0.44574
vt 0.20652 0.39799
vt 0.19854 0.37686
vt 0.37565 0.11179
vt 0.36097 0.09905
vt 0.3773 0.09475
vt 0.36431 0.11926
vt 0.38781 0.11976
vt 0.39682 0.09705
vt 0.90967 0.83286
vt 0.91423 0.84164
vt 0.86905 0.84035
vt 0.88665 0.83458
vt 0.90408 0.82371
vt 0.62132 0.64242
vt 0.622 0.6329
vt 0.63188 0.64013
vt 0.62851 0.62808
vt 0.61104 0.6281
vt 0.61693 0.61927
vt 0.14237 0.05928
vt 0.12885 0.06598
vt 0.15471 0.08112
vt 0.16902 0.06421
vt 0.17282 0.09002
vt 0.18343 0.08146
vt 0.15485 0.04803
vt 0.82022 0.82749
vt 0.83106 0.834
vt 0.81998 0.83832
vt 0.82781 0.84506
vt 0.81191 0.83918
vt 0.8086 0.82345
vt 0.82136 0.85126
vt 0.36519 0.64324
vt 0.35235 0.63532
vt 0.36836 0.63384
vt 0.35967 0.62543
vt 0.37871 0.65071
vt 0.85356 0.07965
vt 0.847 0.09589
vt 0.83776 0.09006
vt 0.83901 0.07729
vt 0.83708 0.10577
vt 0.82833 0.09363
vt 0.82462 0.07764
vt 0.54756 0.19761
vt 0.52711 0.18596
vt 0.5359 0.17884
vt 0.53163 0.20132
vt 0.51454 0.20171
vt 0.53689 0.22318
vt 0.51861 0.22378
vt 0.498 0.20064
vt 0.50053 0.22306
vt 0.48185 0.19939
vt 0.48251 0.22175
vt 0.46533 0.19842
vt 0.46497 0.22009
vt 0.46429 0.17689
vt 0.46249 0.15528
vt 0.44836 0.19812
vt 0.44707 0.17759
vt 0.44533 0.15836
vt 0.42963 0.17831
vt 0.42797 0.16057
vt 0.41011 0.16147
vt 0.41141 0.17806
vt 0.41192 0.19477
vt 0.4304 0.19715
vt 0.3917 0.19138
vt 0.38896 0.20623
vt 0.40917 0.21071
vt 0.36927 0.18889
vt 0.36683 0.20323
vt 0.34121 0.18756
vt 0.34208 0.20363
vt 0.314 0.19175
vt 0.31663 0.20813
vt 0.3111 0.17687
vt 0.2855 0.1808
vt 0.28842 0.19636
vt 0.2866 0.16339
vt 0.31198 0.16275
vt 0.31174 0.14428
vt 0.2923 0.14368
vt 0.33122 0.1373
vt 0.31022 0.11948
vt 0.32693 0.11319
vt 0.3504 0.12912
vt 0.34335 0.10502
vt 0.34311 0.08442
vt 0.3251 0.09217
vt 0.36336 0.0764
vt 0.33834 0.06572
vt 0.32053 0.07347
vt 0.32907 0.04827
vt 0.31024 0.0546
vt 0.30389 0.07903
vt 0.29465 0.05859
vt 0.08325 0.01409
vt 0.06978 0.01345
vt 0.28717 0.08208
vt 0.27867 0.06312
vt 0.09748 0.01247
vt 0.10729 0.03121
vt 0.10929 0.01133
vt 0.11842 0.02701
vt 0.11814 0.04757
vt 0.13087 0.04108
vt 0.12808 0.02331
vt 0.1405 0.03534
vt 0.1047 0.1523
vt 0.10469 0.16314
vt 0.08346 0.15833
vt 0.08658 0.16907
vt 0.11907 0.00986
vt 0.09071 0.1797
vt 0.09706 0.19074
vt 0.10655 0.20046
vt 0.11649 0.20943
vt 0.12984 0.19912
vt 0.13916 0.20917
vt 0.12537 0.21832
vt 0.14463 0.18887
vt 0.15792 0.19776
vt 0.16611 0.20618
vt 0.14946 0.2171
vt 0.1748 0.18358
vt 0.15641 0.1773
vt 0.18577 0.19571
vt 0.1945 0.21083
vt 0.17492 0.2187
vt 0.18684 0.17066
vt 0.20332 0.18483
vt 0.21515 0.19972
vt 0.22243 0.2169
vt 0.20231 0.22649
vt 0.23843 0.18617
vt 0.21343 0.1714
vt 0.2431 0.20741
vt 0.22743 0.2344
vt 0.24766 0.22619
vt 0.26353 0.20162
vt 0.26211 0.18328
vt 0.26867 0.21855
vt 0.25165 0.2433
vt 0.2739 0.2351
vt 0.29224 0.21233
vt 0.2943 0.229
vt 0.29544 0.24696
vt 0.27637 0.25193
vt 0.3171 0.22529
vt 0.31541 0.2434
vt 0.31203 0.26296
vt 0.29503 0.26578
vt 0.33617 0.24098
vt 0.34044 0.22084
vt 0.33139 0.26109
vt 0.32383 0.28186
vt 0.30817 0.28186
vt 0.29197 0.28285
vt 0.31549 0.30216
vt 0.32943 0.30672
vt 0.31774 0.32602
vt 0.30628 0.32148
vt 0.30265 0.34295
vt 0.29163 0.33644
vt 0.28736 0.35767
vt 0.27659 0.34906
vt 0.26785 0.33792
vt 0.262 0.36236
vt 0.25265 0.35064
vt 0.26092 0.32551
vt 0.24573 0.33657
vt 0.24159 0.32065
vt 0.25711 0.3101
vt 0.24009 0.30243
vt 0.25675 0.29307
vt 0.27384 0.28578
vt 0.25665 0.27473
vt 0.2764 0.26873
vt 0.25481 0.25883
vt 0.23562 0.26892
vt 0.23901 0.28567
vt 0.23161 0.25196
vt 0.21367 0.26052
vt 0.21829 0.27742
vt 0.20806 0.24375
vt 0.19014 0.25112
vt 0.1959 0.2681
vt 0.18356 0.2343
vt 0.16772 0.24173
vt 0.17364 0.25814
vt 0.15986 0.22766
vt 0.15253 0.24882
vt 0.14547 0.23677
vt 0.13545 0.22644
vt 0.13004 0.24479
vt 0.12225 0.23561
vt 0.11379 0.22711
vt 0.10686 0.24332
vt 0.09939 0.23571
vt 0.0908 0.25391
vt 0.08234 0.24418
vt 0.06749 0.2524
vt 0.07423 0.26634
vt 0.06626 0.23164
vt 0.05308 0.23335
vt 0.05463 0.25888
vt 0.04226 0.23972
vt 0.04441 0.26304
vt 0.03411 0.24594
vt 0.0357 0.26662
vt 0.02707 0.22259
vt 0.02551 0.24869
vt 0.01989 0.22923
vt 0.01408 0.20961
vt 0.02696 0.26977
vt 0.04129 0.29121
vt 0.03271 0.29576
vt 0.05113 0.28805
vt 0.06388 0.30193
vt 0.05453 0.31021
vt 0.06098 0.28017
vt 0.07379 0.29232
vt 0.08191 0.30982
vt 0.08476 0.27325
vt 0.09996 0.26272
vt 0.11469 0.25358
vt 0.12161 0.26207
vt 0.12969 0.27456
vt 0.13695 0.25551
vt 0.14342 0.26932
vt 0.13564 0.29092
vt 0.14798 0.28739
vt 0.15825 0.26465
vt 0.16265 0.28222
vt 0.16593 0.30008
vt 0.14998 0.30644
vt 0.17886 0.27534
vt 0.18297 0.29228
vt 0.16977 0.31698
vt 0.18753 0.30868
vt 0.20121 0.28501
vt 0.20546 0.30227
vt 0.19097 0.32656
vt 0.20735 0.32214
vt 0.22173 0.29506
vt 0.22412 0.31312
vt 0.22568 0.33223
vt 0.2093 0.34305
vt 0.19387 0.35065
vt 0.21388 0.36369
vt 0.22961 0.35005
vt 0.23788 0.36554
vt 0.22238 0.38137
vt 0.23428 0.39582
vt 0.2215 0.41361
vt 0.24798 0.37771
vt 0.25959 0.38807
vt 0.24761 0.40596
vt 0.2731 0.37266
vt 0.28535 0.38051
vt 0.27322 0.3979
vt 0.29913 0.3646
vt 0.31159 0.36991
vt 0.29896 0.38633
vt 0.31424 0.34836
vt 0.32637 0.35332
vt 0.339 0.35834
vt 0.32582 0.37417
vt 0.32927 0.33072
vt 0.34094 0.33569
vt 0.35311 0.34125
vt 0.36572 0.34717
vt 0.35304 0.36306
vt 0.36693 0.32372
vt 0.35483 0.31624
vt 0.37957 0.33139
vt 0.39265 0.33852
vt 0.37958 0.35324
vt 0.39327 0.31768
vt 0.37993 0.30803
vt 0.40731 0.32556
vt 0.42236 0.33332
vt 0.40634 0.34489
vt 0.42388 0.31453
vt 0.40827 0.30591
vt 0.44017 0.32264
vt 0.45447 0.3318
vt 0.43668 0.34118
vt 0.44192 0.30336
vt 0.42459 0.29564
vt 0.43983 0.28393
vt 0.4584 0.29096
vt 0.45171 0.27051
vt 0.47114 0.27717
vt 0.47955 0.26065
vt 0.49956 0.26465
vt 0.45981 0.25517
vt 0.46412 0.23925
vt 0.48353 0.24222
vt 0.43966 0.24971
vt 0.44438 0.23498
vt 0.4474 0.21788
vt 0.4186 0.24427
vt 0.42416 0.23007
vt 0.42867 0.21499
vt 0.40345 0.22555
vt 0.38297 0.22144
vt 0.36194 0.21927
vt 0.50255 0.24456
vt 0.52152 0.24672
vt 0.51961 0.26847
vt 0.54175 0.27011
vt 0.54044 0.24706
vt 0.56177 0.2701
vt 0.5588 0.24576
vt 0.56247 0.29321
vt 0.57849 0.26971
vt 0.58053 0.29366
vt 0.57952 0.31888
vt 0.56138 0.31515
vt 0.5581 0.33579
vt 0.57962 0.34356
vt 0.55484 0.35649
vt 0.57347 0.36582
vt 0.53494 0.35025
vt 0.51204 0.36676
vt 0.51464 0.34755
vt 0.49334 0.34966
vt 0.49362 0.36729
vt 0.47439 0.35449
vt 0.47405 0.36961
vt 0.46637 0.34225
vt 0.48681 0.38533
vt 0.46995 0.38584
vt 0.45335 0.38502
vt 0.46323 0.40181
vt 0.44707 0.39966
vt 0.43731 0.38392
vt 0.43061 0.3963
vt 0.41976 0.38026
vt 0.41318 0.39238
vt 0.40164 0.37633
vt 0.39462 0.38949
vt 0.4101 0.36361
vt 0.39411 0.35877
vt 0.38419 0.37245
vt 0.42219 0.35144
vt 0.36779 0.36793
vt 0.3765 0.38582
vt 0.35851 0.3821
vt 0.34145 0.37799
vt 0.35101 0.39596
vt 0.33278 0.39232
vt 0.31505 0.39022
vt 0.32597 0.40739
vt 0.30735 0.40562
vt 0.28938 0.40272
vt 0.29995 0.42097
vt 0.28013 0.41867
vt 0.26295 0.41395
vt 0.27232 0.43513
vt 0.25396 0.43155
vt 0.23707 0.42501
vt 0.24645 0.44939
vt 0.22816 0.44401
vt 0.21005 0.43218
vt 0.20427 0.45615
vt 0.22289 0.46478
vt 0.1997 0.48039
vt 0.21728 0.48695
vt 0.18257 0.47207
vt 0.16618 0.46564
vt 0.14975 0.46341
vt 0.14884 0.43734
vt 0.13458 0.46526
vt 0.13254 0.43862
vt 0.14658 0.41056
vt 0.12923 0.41274
vt 0.14504 0.386
vt 0.12431 0.38947
vt 0.14181 0.36607
vt 0.16326 0.36134
vt 0.15735 0.34175
vt 0.13739 0.34755
vt 0.17958 0.35598
vt 0.17411 0.3336
vt 0.15152 0.32476
vt 0.1356 0.32902
vt 0.1361 0.31015
vt 0.12048 0.31212
vt 0.10044 0.31364
vt 0.10688 0.39511
vt 0.11292 0.41816
vt 0.09286 0.40274
vt 0.10078 0.42486
vt 0.0814 0.40693
vt 0.08894 0.42961
vt 0.0719 0.38659
vt 0.76073 0.03303
vt 0.78251 0.03686
vt 0.76572 0.04615
vt 0.77894 0.02467
vt 0.74388 0.04354
vt 0.74901 0.0566
vt 0.05773 0.3694
vt 0.72715 0.05526
vt 0.04035 0.35343
vt 0.70847 0.06377
vt 0.03127 0.32513
vt 0.68335 0.0623
vt 0.70175 0.05402
vt 0.6872 0.07132
vt 0.04517 0.31718
vt 0.68004 0.05494
vt 0.66468 0.09208
vt 0.66733 0.10537
vt 0.66812 0.11527
vt 0.65137 0.1233
vt 0.66991 0.12554
vt 0.65742 0.13241
vt 0.64768 0.13889
vt 0.64042 0.1342
vt 0.63247 0.1498
vt 0.64267 0.15251
vt 0.62324 0.14647
vt 0.6138 0.14374
vt 0.61439 0.16391
vt 0.62466 0.16695
vt 0.60528 0.16273
vt 0.60243 0.13978
vt 0.59437 0.15856
vt 0.05954 0.76694
vt 0.06047 0.7484
vt 0.07062 0.74364
vt 0.04723 0.75042
vt 0.04472 0.76661
vt 0.03354 0.76191
vt 0.03553 0.74656
vt 0.0566 0.78418
vt 0.04137 0.78343
vt 0.02981 0.77988
vt 0.02151 0.77738
vt 0.02518 0.75955
vt 0.0253 0.79958
vt 0.03738 0.80244
vt 0.01461 0.79698
vt 0.01426 0.77427
vt 0.00625 0.79497
vt 0.01973 0.82339
vt 0.00861 0.82205
vt 0.75567 0.85711
vt 0.77542 0.87514
vt 0.74534 0.86481
vt 0.76809 0.88266
vt 0.73486 0.87373
vt 0.74073 0.83722
vt 0.75558 0.83084
vt 0.76643 0.85041
vt 0.7335 0.81844
vt 0.74995 0.81101
vt 0.76915 0.82621
vt 0.76476 0.8072
vt 0.73068 0.79806
vt 0.74762 0.79156
vt 0.76321 0.78696
vt 0.77941 0.8042
vt 0.77907 0.78524
vt 0.74896 0.77057
vt 0.76379 0.76666
vt 0.78148 0.76719
vt 0.7953 0.78665
vt 0.79874 0.77038
vt 0.78308 0.74724
vt 0.7623 0.7434
vt 0.80261 0.75346
vt 0.82073 0.76121
vt 0.81699 0.77548
vt 0.80778 0.73616
vt 0.82563 0.74607
vt 0.84335 0.75685
vt 0.83842 0.76991
vt 0.8199 0.72179
vt 0.83593 0.73197
vt 0.85014 0.74324
vt 0.85832 0.76992
vt 0.85204 0.71999
vt 0.8637 0.73303
vt 0.86641 0.70876
vt 0.87965 0.72617
vt 0.88183 0.70171
vt 0.89476 0.72007
vt 0.90853 0.71304
vt 0.89337 0.69361
vt 0.92019 0.70136
vt 0.90016 0.68574
vt 0.87604 0.67648
vt 0.8837 0.66966
vt 0.89355 0.53466
vt 0.91038 0.52401
vt 0.91675 0.5312
vt 0.89891 0.54176
vt 0.88667 0.52617
vt 0.90168 0.51468
vt 0.87526 0.51511
vt 0.86185 0.52699
vt 0.87261 0.53861
vt 0.8623 0.50034
vt 0.84722 0.51199
vt 0.85019 0.48362
vt 0.83526 0.49207
vt 0.82368 0.47403
vt 0.82445 0.50219
vt 0.81243 0.48505
vt 0.81179 0.45918
vt 0.79985 0.47083
vt 0.80034 0.44575
vt 0.78762 0.45656
vt 0.81526 0.43697
vt 0.83061 0.43032
vt 0.80463 0.42308
vt 0.78957 0.43109
vt 0.81995 0.41631
vt 0.83387 0.41039
vt 0.84365 0.42255
vt 0.81063 0.40096
vt 0.79556 0.40723
vt 0.82484 0.39567
vt 0.81768 0.37777
vt 0.80238 0.38353
vt 0.83251 0.37321
vt 0.84781 0.37033
vt 0.82776 0.35509
vt 0.81148 0.35938
vt 0.8447 0.35276
vt 0.86243 0.35234
vt 0.8626 0.36935
vt 0.84314 0.33514
vt 0.82421 0.3362
vt 0.86313 0.33586
vt 0.87997 0.35461
vt 0.88351 0.33913
vt 0.86395 0.31939
vt 0.84166 0.31712
vt 0.88717 0.32444
vt 0.90294 0.34811
vt 0.91025 0.33521
vt 0.89074 0.31007
vt 0.86569 0.30356
vt 0.91674 0.32252
vt 0.93887 0.34082
vt 0.92811 0.35288
vt 0.92091 0.30745
vt 0.89606 0.29578
vt 0.94401 0.32263
vt 0.96224 0.34172
vt 0.95226 0.3591
vt 0.44944 0.04548
vt 0.42484 0.05471
vt 0.42745 0.03181
vt 0.44417 0.06449
vt 0.46289 0.07471
vt 0.47253 0.05906
vt 0.48173 0.08779
vt 0.49383 0.07654
vt 0.4738 0.10304
vt 0.50267 0.10438
vt 0.51473 0.09417
vt 0.52243 0.12329
vt 0.53268 0.1156
vt 0.5442 0.1422
vt 0.75705 0.28102
vt 0.78227 0.2762
vt 0.56078 0.16708
vt 0.54834 0.17176
vt 0.55971 0.19442
vt 0.57183 0.19218
vt 0.56835 0.21756
vt 0.57819 0.21643
vt 0.55531 0.2207
vt 0.57404 0.24436
vt 0.58472 0.24226
vt 0.59045 0.26877
vt 0.68564 0.30362
vt 0.67153 0.32797
vt 0.664 0.31676
vt 0.69079 0.31562
vt 0.65098 0.34242
vt 0.64458 0.33049
vt 0.59484 0.29475
vt 0.63009 0.35534
vt 0.62161 0.33993
vt 0.59312 0.32188
vt 0.59749 0.35165
vt 0.61325 0.36937
vt 0.58772 0.37505
vt 0.60173 0.38718
vt 0.57876 0.3966
vt 0.59323 0.40648
vt 0.57022 0.41374
vt 0.58351 0.42403
vt 0.56137 0.43194
vt 0.57507 0.44061
vt 0.56255 0.4581
vt 0.55008 0.44859
vt 0.57537 0.46792
vt 0.58801 0.45086
vt 0.55947 0.48403
vt 0.5721 0.49217
vt 0.5871 0.47714
vt 0.55753 0.50707
vt 0.54568 0.50049
vt 0.54231 0.52248
vt 0.53025 0.51784
vt 0.52035 0.51309
vt 0.51452 0.53546
vt 0.50258 0.5301
vt 0.51119 0.50794
vt 0.49277 0.52684
vt 0.50078 0.50338
vt 0.4835 0.52517
vt 0.49128 0.50002
vt 0.47632 0.52136
vt 0.50218 0.48366
vt 0.49018 0.48082
vt 0.47996 0.49773
vt 0.49806 0.46511
vt 0.48449 0.46237
vt 0.47799 0.47795
vt 0.50251 0.44811
vt 0.48945 0.4455
vt 0.50733 0.43064
vt 0.49506 0.42549
vt 0.47716 0.44228
vt 0.4832 0.42237
vt 0.49358 0.40368
vt 0.47869 0.40284
vt 0.46994 0.42027
vt 0.50448 0.38614
vt 0.45557 0.4176
vt 0.4646 0.43795
vt 0.45096 0.43382
vt 0.44021 0.41443
vt 0.43478 0.42851
vt 0.41815 0.42331
vt 0.42395 0.41024
vt 0.40679 0.40608
vt 0.40056 0.41893
vt 0.38838 0.40254
vt 0.38186 0.4157
vt 0.36955 0.39965
vt 0.36333 0.41301
vt 0.34491 0.40963
vt 0.33888 0.42397
vt 0.35689 0.42686
vt 0.32005 0.4221
vt 0.3325 0.43918
vt 0.31395 0.43748
vt 0.29338 0.4365
vt 0.30685 0.45234
vt 0.28726 0.45138
vt 0.26604 0.45206
vt 0.28069 0.46777
vt 0.26015 0.46894
vt 0.2403 0.46818
vt 0.25473 0.48732
vt 0.23516 0.4885
vt 0.25096 0.5068
vt 0.23151 0.51021
vt 0.2489 0.52784
vt 0.23042 0.53239
vt 0.25012 0.54927
vt 0.2331 0.55507
vt 0.21545 0.56144
vt 0.23933 0.57695
vt 0.22401 0.58345
vt 0.20952 0.59137
vt 0.19772 0.56713
vt 0.22122 0.61328
vt 0.23533 0.60556
vt 0.24633 0.62573
vt 0.23362 0.63375
vt 0.22062 0.64214
vt 0.23911 0.66002
vt 0.25162 0.65051
vt 0.22743 0.66995
vt 0.20749 0.65067
vt 0.21454 0.67944
vt 0.19326 0.65784
vt 0.19938 0.68642
vt 0.17993 0.66302
vt 0.1856 0.6942
vt 0.16785 0.66887
vt 0.15367 0.63848
vt 0.1565 0.67574
vt 0.14447 0.64319
vt 0.14199 0.60515
vt 0.13283 0.60833
vt 0.13333 0.57523
vt 0.12414 0.57902
vt 0.12615 0.54941
vt 0.1172 0.55312
vt 0.13732 0.54396
vt 0.14817 0.53908
vt 0.13029 0.52086
vt 0.12106 0.52555
vt 0.14083 0.51562
vt 0.1365 0.49133
vt 0.12543 0.49614
vt 0.12204 0.4697
vt 0.1116 0.47458
vt 0.11642 0.50056
vt 0.11726 0.44285
vt 0.10646 0.44904
vt 0.09712 0.45282
vt 0.10261 0.47913
vt 0.8241 0.02855
vt 0.84279 0.01836
vt 0.84606 0.02856
vt 0.82035 0.01725
vt 0.80175 0.03008
vt 0.79909 0.01818
vt 0.8087 0.04485
vt 0.82941 0.04157
vt 0.79298 0.05205
vt 0.80279 0.06736
vt 0.82065 0.06119
vt 0.77492 0.06125
vt 0.78567 0.07598
vt 0.76852 0.08645
vt 0.75725 0.07173
vt 0.79422 0.08956
vt 0.77914 0.09954
vt 0.7654 0.11152
vt 0.7785 0.1239
vt 0.79014 0.11346
vt 0.76795 0.13656
vt 0.75452 0.12663
vt 0.74559 0.14186
vt 0.75796 0.15156
vt 0.72167 0.1422
vt 0.09673 0.67485
vt 0.08747 0.66707
vt 0.10501 0.6593
vt 0.09404 0.65368
vt 0.7028 0.13202
vt 0.109 0.643
vt 0.09671 0.6397
vt 0.68523 0.12642
vt 0.09819 0.62544
vt 0.11078 0.62728
vt 0.08338 0.63545
vt 0.08399 0.62375
vt 0.09861 0.61182
vt 0.08448 0.6116
vt 0.11134 0.61188
vt 0.08469 0.60099
vt 0.09871 0.59988
vt 0.11021 0.59839
vt 0.08496 0.58909
vt 0.09774 0.58564
vt 0.10886 0.58244
vt 0.08403 0.57558
vt 0.09539 0.571
vt 0.10463 0.56647
vt 0.6388 0.16802
vt 0.0984 0.7346
vt 0.08282 0.73814
vt 0.06843 0.57815
vt 0.0693 0.59042
vt 0.06443 0.56331
vt 0.05241 0.5791
vt 0.05123 0.56541
vt 0.05953 0.5494
vt 0.0472 0.55024
vt 0.04444 0.53667
vt 0.03181 0.53786
vt 0.03473 0.55013
vt 0.04068 0.52434
vt 0.02866 0.52672
vt 0.03182 0.69748
vt 0.04482 0.68655
vt 0.04397 0.70084
vt 0.03312 0.68487
vt 0.05659 0.68828
vt 0.05433 0.70403
vt 0.04746 0.673
vt 0.0602 0.67402
vt 0.04988 0.65835
vt 0.0645 0.65972
vt 0.07902 0.66228
vt 0.06709 0.64618
vt 0.08264 0.64858
vt 0.06767 0.63387
vt 0.05139 0.64497
vt 0.05095 0.63303
vt 0.05091 0.62239
vt 0.06793 0.6229
vt 0.05131 0.61126
vt 0.06848 0.61159
vt 0.05187 0.6015
vt 0.06881 0.60155
vt 0.05251 0.59098
vt 0.03597 0.5901
vt 0.03471 0.60134
vt 0.03723 0.57828
vt 0.03748 0.5646
vt 0.03437 0.61099
vt 0.01944 0.61027
vt 0.03401 0.62221
vt 0.01888 0.62283
vt 0.00633 0.60952
vt 0.0059 0.62357
vt 0.03167 0.4348
vt 0.04358 0.43518
vt 0.04291 0.45024
vt 0.03185 0.45078
vt 0.04268 0.46872
vt 0.03005 0.46899
vt 0.01205 0.54163
vt 0.00857 0.52933
vt 0.01758 0.52899
vt 0.02037 0.53958
vt 0.0129 0.68912
vt 0.02077 0.6939
vt 0.03478 0.63342
vt 0.03619 0.64535
vt 0.03636 0.65813
vt 0.03521 0.6723
vt 0.76886 0.15927
vt 0.78055 0.14707
vt 0.77878 0.16753
vt 0.79169 0.1584
vt 0.76587 0.17913
vt 0.75718 0.19095
vt 0.75323 0.20339
vt 0.76575 0.20923
vt 0.75062 0.21453
vt 0.76383 0.21935
vt 0.7808 0.21433
vt 0.77904 0.22484
vt 0.76316 0.22388
vt 0.77795 0.23039
vt 0.79581 0.22975
vt 0.79795 0.21764
vt 0.79432 0.23727
vt 0.19874 0.78267
vt 0.21081 0.79744
vt 0.18823 0.79345
vt 0.19934 0.80761
vt 0.81143 0.24337
vt 0.81456 0.23169
vt 0.22195 0.81247
vt 0.20941 0.82148
vt 0.18546 0.81726
vt 0.19416 0.83044
vt 0.23447 0.82841
vt 0.22144 0.83463
vt 0.20402 0.84262
vt 0.18525 0.85144
vt 0.1749 0.83975
vt 0.21282 0.85626
vt 0.22965 0.84997
vt 0.19685 0.86343
vt 0.18194 0.87287
vt 0.16862 0.8617
vt 0.22067 0.86985
vt 0.23581 0.8654
vt 0.23886 0.88161
vt 0.22633 0.88427
vt 0.23925 0.89864
vt 0.22565 0.90191
vt 0.22252 0.91889
vt 0.20542 0.92013
vt 0.23872 0.91514
vt 0.23754 0.9303
vt 0.21967 0.93533
vt 0.20054 0.9369
vt 0.22123 0.95041
vt 0.20119 0.95462
vt 0.23832 0.94444
vt 0.24102 0.95634
vt 0.22367 0.96398
vt 0.25221 0.9414
vt 0.25497 0.95237
vt 0.31232 0.86961
vt 0.29704 0.8452
vt 0.31891 0.85842
vt 0.29012 0.85847
vt 0.25952 0.93856
vt 0.26512 0.94939
vt 0.27493 0.8488
vt 0.27942 0.83296
vt 0.28482 0.81818
vt 0.30174 0.83214
vt 0.26618 0.80356
vt 0.25741 0.81955
vt 0.27503 0.7926
vt 0.29403 0.8068
vt 0.23695 0.79861
vt 0.24658 0.78459
vt 0.25845 0.77414
vt 0.28563 0.78057
vt 0.27089 0.76374
vt 0.24209 0.75213
vt 0.22878 0.76271
vt 0.25497 0.74242
vt 0.28217 0.75224
vt 0.2676 0.73187
vt 0.23909 0.72309
vt 0.22426 0.73337
vt 0.25299 0.71324
vt 0.28115 0.72131
vt 0.26605 0.70318
vt 0.23482 0.69647
vt 0.21982 0.70681
vt 0.24844 0.68612
vt 0.26002 0.67608
vt 0.27841 0.69393
vt 0.28975 0.68564
vt 0.29478 0.71331
vt 0.30535 0.70503
vt 0.27135 0.66744
vt 0.28304 0.65972
vt 0.30046 0.67698
vt 0.26484 0.64213
vt 0.27647 0.63434
vt 0.29414 0.6517
vt 0.25965 0.61706
vt 0.27235 0.60857
vt 0.28702 0.62579
vt 0.24837 0.59813
vt 0.262 0.59021
vt 0.27568 0.58187
vt 0.28465 0.59914
vt 0.25462 0.57013
vt 0.26972 0.56319
vt 0.29069 0.57351
vt 0.28595 0.55697
vt 0.26682 0.5435
vt 0.28391 0.53912
vt 0.30159 0.53498
vt 0.3031 0.5507
vt 0.26675 0.52387
vt 0.28478 0.52085
vt 0.30255 0.51842
vt 0.32122 0.51553
vt 0.3203 0.53014
vt 0.30526 0.5021
vt 0.28739 0.50277
vt 0.32409 0.50069
vt 0.34335 0.49841
vt 0.34016 0.512
vt 0.32917 0.48576
vt 0.31061 0.48593
vt 0.34805 0.48497
vt 0.36759 0.48495
vt 0.36261 0.49774
vt 0.35457 0.471
vt 0.3357 0.47094
vt 0.37347 0.47208
vt 0.39045 0.47512
vt 0.3852 0.48783
vt 0.37977 0.45836
vt 0.36137 0.45703
vt 0.39656 0.46147
vt 0.41278 0.46664
vt 0.40704 0.47949
vt 0.40352 0.44857
vt 0.38638 0.44463
vt 0.41978 0.45393
vt 0.43582 0.45971
vt 0.42849 0.47211
vt 0.42768 0.44125
vt 0.41124 0.43603
vt 0.44324 0.44682
vt 0.45808 0.45313
vt 0.45084 0.46636
vt 0.46432 0.47282
vt 0.44356 0.47905
vt 0.45687 0.48658
vt 0.47164 0.45866
vt 0.43639 0.49205
vt 0.44823 0.50003
vt 0.4225 0.48528
vt 0.41589 0.49874
vt 0.42756 0.50584
vt 0.40135 0.49179
vt 0.39595 0.50544
vt 0.40807 0.51188
vt 0.38029 0.50035
vt 0.38948 0.51947
vt 0.37612 0.5129
vt 0.35859 0.51067
vt 0.33948 0.52595
vt 0.34017 0.53868
vt 0.3214 0.54377
vt 0.32441 0.55679
vt 0.34216 0.55131
vt 0.30727 0.56536
vt 0.31253 0.57948
vt 0.32879 0.56985
vt 0.29774 0.58931
vt 0.3075 0.60471
vt 0.32001 0.59266
vt 0.29706 0.61588
vt 0.3123 0.63192
vt 0.32036 0.61861
vt 0.30403 0.64258
vt 0.32164 0.65689
vt 0.33062 0.64494
vt 0.31143 0.66703
vt 0.32661 0.67993
vt 0.33798 0.66843
vt 0.31537 0.69268
vt 0.3398 0.6918
vt 0.32905 0.70388
vt 0.32139 0.71963
vt 0.34327 0.71614
vt 0.33465 0.72998
vt 0.30816 0.73155
vt 0.3232 0.74273
vt 0.29283 0.74055
vt 0.30979 0.75428
vt 0.29699 0.76755
vt 0.31256 0.77842
vt 0.32571 0.76608
vt 0.30225 0.79295
vt 0.32918 0.78865
vt 0.31964 0.80324
vt 0.31029 0.81828
vt 0.32963 0.82871
vt 0.33862 0.81361
vt 0.32338 0.84464
vt 0.35472 0.83871
vt 0.35032 0.85457
vt 0.34583 0.86906
vt 0.37562 0.86708
vt 0.37109 0.88036
vt 0.36906 0.88753
vt 0.34027 0.87857
vt 0.20218 0.97107
vt 0.17994 0.9502
vt 0.15753 0.94399
vt 0.16446 0.92745
vt 0.18191 0.93387
vt 0.17458 0.91007
vt 0.18927 0.91685
vt 0.15938 0.90155
vt 0.1504 0.91823
vt 0.16834 0.88495
vt 0.14505 0.89095
vt 0.15557 0.87469
vt 0.13263 0.87858
vt 0.14458 0.86273
vt 0.15811 0.84991
vt 0.149 0.8367
vt 0.13525 0.84968
vt 0.16564 0.82699
vt 0.14054 0.82263
vt 0.15752 0.81315
vt 0.17616 0.80372
vt 0.15001 0.7984
vt 0.16543 0.78955
vt 0.17613 0.77987
vt 0.16481 0.76765
vt 0.15419 0.77678
vt 0.17628 0.7566
vt 0.18666 0.76875
vt 0.75029 0.21955
vt 0.74007 0.21778
vt 0.13978 0.78634
vt 0.12177 0.79911
vt 0.13179 0.80981
vt 0.10922 0.81394
vt 0.11881 0.82446
vt 0.1271 0.83663
vt 0.1081 0.84032
vt 0.11465 0.85261
vt 0.12258 0.86543
vt 0.10082 0.8682
vt 0.11028 0.88139
vt 0.12213 0.89476
vt 0.09769 0.8964
vt 0.1114 0.91052
vt 0.13588 0.90742
vt 0.12515 0.92334
vt 0.10126 0.92477
vt 0.11541 0.93802
vt 0.1393 0.93481
vt 0.08531 0.90855
vt 0.10761 0.94816
vt 0.09823 0.95811
vt 0.0911 0.96724
vt 0.07532 0.95613
vt 0.0853 0.97822
vt 0.06634 0.96881
vt 0.05025 0.9546
vt 0.03952 0.93698
vt 0.57632 0.88251
vt 0.55603 0.87191
vt 0.57991 0.87181
vt 0.55236 0.88148
vt 0.60353 0.8801
vt 0.60453 0.86871
vt 0.62877 0.86753
vt 0.629 0.87804
vt 0.60572 0.85279
vt 0.58264 0.85503
vt 0.62809 0.85185
vt 0.65118 0.85054
vt 0.65308 0.8649
vt 0.62719 0.83387
vt 0.60499 0.83421
vt 0.64913 0.83278
vt 0.66923 0.82852
vt 0.64816 0.81402
vt 0.62765 0.81534
vt 0.66735 0.80981
vt 0.68704 0.80216
vt 0.68943 0.81968
vt 0.64842 0.7949
vt 0.66701 0.79013
vt 0.68563 0.78335
vt 0.70597 0.77443
vt 0.70802 0.79165
vt 0.66785 0.7712
vt 0.68626 0.76532
vt 0.70499 0.75625
vt 0.72545 0.74412
vt 0.72662 0.76165
vt 0.68753 0.74624
vt 0.70464 0.73811
vt 0.72476 0.72687
vt 0.70446 0.71966
vt 0.72266 0.71017
vt 0.72072 0.6943
vt 0.70253 0.70158
vt 0.74137 0.68323
vt 0.76206 0.67077
vt 0.7383 0.6695
vt 0.71946 0.67935
vt 0.75704 0.65761
vt 0.73488 0.65573
vt 0.75225 0.64496
vt 0.7695 0.63355
vt 0.74617 0.63157
vt 0.76184 0.62047
vt 0.75159 0.60673
vt 0.73821 0.61708
vt 0.76415 0.59557
vt 0.77556 0.58405
vt 0.75064 0.58103
vt 0.73975 0.59154
vt 0.76106 0.56994
vt 0.77133 0.55868
vt 0.78614 0.57263
vt 0.74693 0.55525
vt 0.73677 0.56557
vt 0.75801 0.54435
vt 0.76847 0.53295
vt 0.78158 0.54699
vt 0.74344 0.52964
vt 0.7327 0.54035
vt 0.7549 0.51858
vt 0.76673 0.50712
vt 0.77936 0.52114
vt 0.74294 0.50418
vt 0.73094 0.51495
vt 0.75465 0.4927
vt 0.76584 0.48057
vt 0.7781 0.49519
vt 0.74327 0.477
vt 0.73209 0.48808
vt 0.75403 0.46529
vt 0.76482 0.45317
vt 0.77662 0.46858
vt 0.73242 0.45929
vt 0.74284 0.44818
vt 0.75408 0.437
vt 0.76652 0.42564
vt 0.77648 0.44142
vt 0.73169 0.43038
vt 0.74397 0.41996
vt 0.75737 0.40938
vt 0.77171 0.39909
vt 0.78051 0.41526
vt 0.73439 0.40252
vt 0.74853 0.39245
vt 0.76345 0.38309
vt 0.77901 0.37343
vt 0.78715 0.39001
vt 0.74 0.37521
vt 0.75505 0.36601
vt 0.77116 0.35749
vt 0.7889 0.34836
vt 0.79585 0.3653
vt 0.74691 0.349
vt 0.73122 0.35746
vt 0.72275 0.33932
vt 0.74031 0.33143
vt 0.73659 0.31462
vt 0.71585 0.32195
vt 0.71199 0.30778
vt 0.73485 0.30117
vt 0.71005 0.29512
vt 0.73293 0.288
vt 0.69718 0.33162
vt 0.70651 0.34927
vt 0.67966 0.3435
vt 0.68978 0.3602
vt 0.661 0.35683
vt 0.67207 0.37237
vt 0.64238 0.36973
vt 0.65539 0.38548
vt 0.62733 0.38533
vt 0.64231 0.4006
vt 0.61728 0.40226
vt 0.63203 0.41619
vt 0.60745 0.41844
vt 0.62163 0.43079
vt 0.61142 0.44546
vt 0.59776 0.4347
vt 0.60013 0.46098
vt 0.61305 0.47089
vt 0.62578 0.45684
vt 0.59966 0.48599
vt 0.61235 0.49502
vt 0.62693 0.48149
vt 0.5979 0.50877
vt 0.58522 0.5004
vt 0.58364 0.5224
vt 0.57019 0.5145
vt 0.56999 0.53487
vt 0.55583 0.52756
vt 0.55681 0.54733
vt 0.54193 0.54223
vt 0.52752 0.53842
vt 0.53193 0.55729
vt 0.51734 0.55557
vt 0.50386 0.55342
vt 0.50947 0.57322
vt 0.49516 0.57323
vt 0.49134 0.55093
vt 0.4816 0.57323
vt 0.47233 0.56886
vt 0.48127 0.54901
vt 0.4597 0.56234
vt 0.47 0.54568
vt 0.44946 0.5561
vt 0.4603 0.54013
vt 0.45283 0.53097
vt 0.44018 0.54717
vt 0.46946 0.51579
vt 0.44632 0.52231
vt 0.45899 0.50786
vt 0.46873 0.49347
vt 0.43758 0.51354
vt 0.42611 0.52823
vt 0.43311 0.5374
vt 0.41839 0.52053
vt 0.40841 0.5352
vt 0.41536 0.54413
vt 0.39978 0.52674
vt 0.39028 0.54001
vt 0.39736 0.54929
vt 0.37861 0.5516
vt 0.38419 0.56128
vt 0.36238 0.56023
vt 0.36789 0.56977
vt 0.34552 0.56456
vt 0.35144 0.57624
vt 0.33489 0.58235
vt 0.36059 0.58732
vt 0.34434 0.59377
vt 0.33089 0.60459
vt 0.3458 0.61588
vt 0.3355 0.62877
vt 0.34575 0.65328
vt 0.35887 0.65887
vt 0.35203 0.67752
vt 0.37212 0.66711
vt 0.36336 0.68502
vt 0.35226 0.7007
vt 0.36463 0.7101
vt 0.37408 0.69355
vt 0.35695 0.72575
vt 0.37809 0.71914
vt 0.37267 0.73615
vt 0.34929 0.74034
vt 0.36603 0.75178
vt 0.35645 0.76479
vt 0.33861 0.75361
vt 0.34102 0.77561
vt 0.35981 0.78809
vt 0.37507 0.77512
vt 0.34776 0.80004
vt 0.36882 0.81074
vt 0.37956 0.79789
vt 0.36079 0.82419
vt 0.38493 0.83486
vt 0.39109 0.82046
vt 0.38027 0.85021
vt 0.40515 0.86085
vt 0.40898 0.84418
vt 0.40246 0.8761
vt 0.43097 0.86702
vt 0.43315 0.85013
vt 0.4293 0.88165
vt 0.45867 0.85154
vt 0.45736 0.86829
vt 0.45589 0.88253
vt 0.48363 0.85313
vt 0.4809 0.86881
vt 0.48083 0.88346
vt 0.50454 0.86983
vt 0.50872 0.85682
vt 0.50399 0.88268
vt 0.53081 0.87044
vt 0.53351 0.85784
vt 0.52813 0.88206
vt 0.55928 0.85589
vt 0.55913 0.83678
vt 0.53561 0.83836
vt 0.58208 0.83548
vt 0.58425 0.81672
vt 0.60618 0.81605
vt 0.60982 0.79817
vt 0.59052 0.7983
vt 0.62951 0.79703
vt 0.61508 0.77826
vt 0.6326 0.77797
vt 0.65016 0.77567
vt 0.63624 0.75805
vt 0.65292 0.75626
vt 0.66989 0.7522
vt 0.65547 0.7372
vt 0.67188 0.7333
vt 0.68775 0.72689
vt 0.67152 0.71386
vt 0.68685 0.70819
vt 0.67061 0.69715
vt 0.68564 0.69084
vt 0.70159 0.68605
vt 0.68604 0.67711
vt 0.70157 0.67071
vt 0.71795 0.66462
vt 0.71473 0.64986
vt 0.69891 0.65613
vt 0.73051 0.64163
vt 0.72424 0.62636
vt 0.70994 0.63415
vt 0.716 0.61028
vt 0.70328 0.61724
vt 0.72832 0.60152
vt 0.71644 0.58502
vt 0.70577 0.59322
vt 0.72689 0.5755
vt 0.71272 0.55941
vt 0.70247 0.56853
vt 0.72227 0.54992
vt 0.70748 0.53465
vt 0.69728 0.54402
vt 0.71877 0.52501
vt 0.69524 0.51903
vt 0.70823 0.50911
vt 0.72044 0.49886
vt 0.69977 0.49047
vt 0.71125 0.48033
vt 0.72214 0.47006
vt 0.70065 0.46114
vt 0.7103 0.45071
vt 0.72019 0.44085
vt 0.69664 0.43215
vt 0.70802 0.42232
vt 0.72082 0.41265
vt 0.69687 0.40409
vt 0.71069 0.39451
vt 0.72514 0.38485
vt 0.69994 0.37658
vt 0.71597 0.36689
vt 0.68433 0.38721
vt 0.68307 0.41428
vt 0.66975 0.39945
vt 0.65761 0.41323
vt 0.67185 0.42717
vt 0.64723 0.42903
vt 0.66305 0.44197
vt 0.65253 0.45563
vt 0.63744 0.44338
vt 0.6403 0.46872
vt 0.65359 0.48031
vt 0.66659 0.46801
vt 0.63971 0.49219
vt 0.65106 0.50502
vt 0.66467 0.4937
vt 0.63677 0.51597
vt 0.62543 0.50456
vt 0.62358 0.52758
vt 0.61113 0.51792
vt 0.61079 0.53938
vt 0.59731 0.53026
vt 0.59883 0.55093
vt 0.58456 0.54251
vt 0.58797 0.5622
vt 0.57259 0.55396
vt 0.57857 0.57296
vt 0.56257 0.56615
vt 0.54721 0.5606
vt 0.55536 0.57922
vt 0.54004 0.57506
vt 0.52395 0.57381
vt 0.5333 0.59171
vt 0.51873 0.59116
vt 0.50407 0.59233
vt 0.51536 0.61064
vt 0.50111 0.61288
vt 0.48952 0.5943
vt 0.48597 0.61444
vt 0.47181 0.6118
vt 0.4764 0.59355
vt 0.45803 0.60533
vt 0.46414 0.5877
vt 0.44512 0.59757
vt 0.45346 0.58039
vt 0.43346 0.58849
vt 0.44219 0.5734
vt 0.4311 0.56322
vt 0.42128 0.57772
vt 0.4118 0.56788
vt 0.42262 0.55349
vt 0.40403 0.55853
vt 0.39065 0.57081
vt 0.39937 0.58054
vt 0.37612 0.57995
vt 0.40989 0.59087
vt 0.42318 0.60212
vt 0.41485 0.61601
vt 0.43035 0.62726
vt 0.4371 0.61321
vt 0.40764 0.63026
vt 0.42514 0.64131
vt 0.40578 0.64751
vt 0.42147 0.65721
vt 0.40179 0.66564
vt 0.41491 0.67413
vt 0.38822 0.65742
vt 0.38345 0.67544
vt 0.39576 0.68349
vt 0.38612 0.70167
vt 0.40788 0.6912
vt 0.39996 0.70834
vt 0.39379 0.72644
vt 0.41575 0.7146
vt 0.41185 0.73167
vt 0.39037 0.74438
vt 0.40974 0.74848
vt 0.385 0.76038
vt 0.40415 0.7657
vt 0.39291 0.78282
vt 0.41087 0.78988
vt 0.42122 0.77225
vt 0.40035 0.80603
vt 0.42046 0.81289
vt 0.42945 0.79613
vt 0.41353 0.82856
vt 0.43686 0.83385
vt 0.44191 0.81833
vt 0.46222 0.83562
vt 0.46644 0.82015
vt 0.48786 0.83716
vt 0.49149 0.81998
vt 0.5126 0.8387
vt 0.49282 0.8039
vt 0.4683 0.80374
vt 0.4971 0.78842
vt 0.47555 0.78619
vt 0.44819 0.80149
vt 0.45617 0.78223
vt 0.46283 0.76522
vt 0.48121 0.7694
vt 0.43849 0.7778
vt 0.44566 0.75942
vt 0.46719 0.74731
vt 0.44959 0.74186
vt 0.42804 0.75417
vt 0.43082 0.73676
vt 0.45191 0.72486
vt 0.43342 0.72024
vt 0.47356 0.71305
vt 0.4693 0.72943
vt 0.45548 0.70869
vt 0.43807 0.70421
vt 0.46041 0.69322
vt 0.44416 0.68788
vt 0.42213 0.69838
vt 0.42917 0.68195
vt 0.45001 0.67216
vt 0.43476 0.6648
vt 0.4723 0.66383
vt 0.46612 0.67827
vt 0.45621 0.65765
vt 0.44097 0.64972
vt 0.46253 0.6432
vt 0.44647 0.6355
vt 0.46683 0.62861
vt 0.47866 0.64887
vt 0.48312 0.63224
vt 0.45161 0.62145
vt 0.49398 0.65121
vt 0.49818 0.63249
vt 0.48866 0.66767
vt 0.50441 0.66897
vt 0.50894 0.65075
vt 0.48309 0.68286
vt 0.49931 0.68572
vt 0.4783 0.69802
vt 0.49477 0.70192
vt 0.49017 0.71818
vt 0.50734 0.71982
vt 0.51112 0.70303
vt 0.48639 0.73415
vt 0.50435 0.73614
vt 0.48408 0.75156
vt 0.50172 0.7533
vt 0.49988 0.77092
vt 0.51931 0.76967
vt 0.52036 0.75186
vt 0.53878 0.74834
vt 0.55665 0.74474
vt 0.54047 0.7312
vt 0.55757 0.72717
vt 0.52254 0.73503
vt 0.52479 0.7179
vt 0.54222 0.7138
vt 0.55881 0.70954
vt 0.54504 0.69612
vt 0.56119 0.69201
vt 0.52797 0.70058
vt 0.53173 0.68301
vt 0.54837 0.67864
vt 0.51538 0.68584
vt 0.53538 0.66547
vt 0.51964 0.66801
vt 0.53828 0.64736
vt 0.55193 0.66127
vt 0.55377 0.64381
vt 0.52353 0.64953
vt 0.52676 0.62946
vt 0.54103 0.62776
vt 0.51265 0.63128
vt 0.52965 0.60943
vt 0.54503 0.6096
vt 0.54962 0.5936
vt 0.56079 0.61147
vt 0.56658 0.59761
vt 0.55667 0.62743
vt 0.57322 0.62934
vt 0.57759 0.61565
vt 0.57082 0.64374
vt 0.58729 0.64793
vt 0.58999 0.63456
vt 0.56797 0.65871
vt 0.58366 0.66122
vt 0.56433 0.67487
vt 0.57906 0.67433
vt 0.57623 0.68959
vt 0.59082 0.68846
vt 0.59472 0.67649
vt 0.57457 0.70625
vt 0.5893 0.70456
vt 0.57347 0.7241
vt 0.58854 0.72311
vt 0.57267 0.74248
vt 0.58829 0.74162
vt 0.58693 0.76016
vt 0.59782 0.77909
vt 0.60289 0.7597
vt 0.60442 0.74144
vt 0.6214 0.74047
vt 0.61962 0.75882
vt 0.60425 0.72375
vt 0.62116 0.72396
vt 0.64021 0.72159
vt 0.63955 0.73868
vt 0.62063 0.70761
vt 0.60397 0.70536
vt 0.63761 0.70669
vt 0.65485 0.70222
vt 0.65653 0.71805
vt 0.62359 0.69526
vt 0.63948 0.69468
vt 0.65542 0.69036
vt 0.67109 0.68437
vt 0.64212 0.68176
vt 0.65634 0.67668
vt 0.67058 0.67042
vt 0.6842 0.66265
vt 0.65711 0.6615
vt 0.66981 0.65427
vt 0.68186 0.64653
vt 0.69597 0.6404
vt 0.66631 0.63785
vt 0.67828 0.62969
vt 0.69107 0.62344
vt 0.672 0.61309
vt 0.68254 0.60613
vt 0.69406 0.59993
vt 0.68199 0.58253
vt 0.6715 0.58937
vt 0.6923 0.57579
vt 0.67646 0.55916
vt 0.6662 0.56646
vt 0.68693 0.5518
vt 0.6726 0.53514
vt 0.66143 0.54345
vt 0.6838 0.52689
vt 0.66112 0.51929
vt 0.67415 0.50945
vt 0.68747 0.4999
vt 0.67827 0.48265
vt 0.69019 0.47174
vt 0.67779 0.45547
vt 0.68732 0.44298
vt 0.6485 0.52885
vt 0.65055 0.55166
vt 0.63643 0.53887
vt 0.64003 0.56029
vt 0.62459 0.54915
vt 0.6305 0.56937
vt 0.61383 0.55978
vt 0.62165 0.5793
vt 0.60423 0.56992
vt 0.61451 0.58924
vt 0.59681 0.58094
vt 0.60774 0.59925
vt 0.59024 0.59143
vt 0.57212 0.5851
vt 0.58401 0.60276
vt 0.60057 0.6096
vt 0.59463 0.62142
vt 0.60662 0.63997
vt 0.60356 0.65324
vt 0.61894 0.65626
vt 0.6001 0.66691
vt 0.61645 0.67157
vt 0.61118 0.68396
vt 0.60673 0.69164
vt 0.62742 0.68464
vt 0.63051 0.67101
vt 0.64412 0.66753
vt 0.63211 0.65497
vt 0.64411 0.65085
vt 0.65615 0.64528
vt 0.64213 0.63527
vt 0.65187 0.62861
vt 0.66199 0.62091
vt 0.63616 0.62068
vt 0.64533 0.61228
vt 0.65315 0.60415
vt 0.66164 0.59657
vt 0.63802 0.5904
vt 0.6311 0.59912
vt 0.64703 0.5816
vt 0.65608 0.57399
vt 0.62423 0.60805
vt 0.80551 0.34116
vt 0.81908 0.31848
vt 0.81337 0.30064
vt 0.84065 0.29954
vt 0.81068 0.28033
vt 0.84207 0.28246
vt 0.86976 0.2878
vt 0.7893 0.48325
vt 0.80186 0.49732
vt 0.79062 0.50909
vt 0.80293 0.52374
vt 0.81384 0.51297
vt 0.79205 0.53534
vt 0.79528 0.56113
vt 0.81468 0.57289
vt 0.83641 0.57554
vt 0.86024 0.57255
vt 0.85775 0.56307
vt 0.8552 0.55191
vt 0.87722 0.54801
vt 0.84963 0.54115
vt 0.83676 0.52254
vt 0.88211 0.5554
vt 0.86015 0.6605
vt 0.86833 0.65268
vt 0.83923 0.63976
vt 0.8489 0.63212
vt 0.83167 0.65411
vt 0.85018 0.67013
vt 0.82209 0.6691
vt 0.83656 0.6831
vt 0.83601 0.70895
vt 0.85072 0.69632
vt 0.86581 0.68458
vt 0.74698 0.75024
vt 0.7293 0.7797
vt 0.71057 0.80879
vt 0.65439 0.87557
vt 0.03404 0.89322
vt 0.01725 0.87395
vt 0.02906 0.87038
vt 0.02209 0.89713
vt 0.03019 0.91812
vt 0.04731 0.88604
vt 0.04358 0.86611
vt 0.06366 0.87754
vt 0.06044 0.85942
vt 0.07052 0.89382
vt 0.08629 0.88245
vt 0.07847 0.8679
vt 0.09372 0.85546
vt 0.05834 0.84058
vt 0.04366 0.8445
vt 0.04737 0.82351
vt 0.06218 0.81976
vt 0.05209 0.80307
vt 0.03152 0.82292
vt 0.02824 0.84739
vt 0.01544 0.84812
vt 0.40292 0.89055
vt 0.39383 0.43152
vt 0.36873 0.44301
vt 0.37515 0.42906
vt 0.35017 0.44161
vt 0.34274 0.4558
vt 0.32494 0.45414
vt 0.31784 0.46998
vt 0.30065 0.46832
vt 0.29267 0.48478
vt 0.27458 0.48529
vt 0.26966 0.50404
vt 0.2057 0.71553
vt 0.21076 0.74367
vt 0.19236 0.72384
vt 0.17307 0.70167
vt 0.1808 0.73267
vt 0.15783 0.70777
vt 0.95422 0.1038
vt 0.95184 0.13026
vt 0.94259 0.11067
vt 0.96352 0.12831
vt 0.93709 0.08458
vt 0.92944 0.09036
vt 0.14737 0.67623
vt 0.9222 0.06435
vt 0.91486 0.07301
vt 0.94478 0.08032
vt 0.93086 0.05732
vt 0.89755 0.06016
vt 0.90705 0.04968
vt 0.91491 0.03872
vt 0.8754 0.04507
vt 0.88919 0.07349
vt 0.90374 0.08599
vt 0.87222 0.06308
vt 0.86772 0.08482
vt 0.88121 0.09299
vt 0.85387 0.0572
vt 0.85099 0.0412
vt 0.83531 0.0584
vt 0.87262 0.11136
vt 0.86014 0.10358
vt 0.86062 0.12617
vt 0.84914 0.11667
vt 0.84854 0.13804
vt 0.83723 0.12626
vt 0.82523 0.1143
vt 0.82568 0.13444
vt 0.81367 0.12043
vt 0.81492 0.09875
vt 0.80254 0.10489
vt 0.80963 0.08176
vt 0.80233 0.12797
vt 0.81448 0.14234
vt 0.80335 0.15017
vt 0.79132 0.13676
vt 0.81384 0.1643
vt 0.8257 0.15672
vt 0.80118 0.17108
vt 0.80902 0.18537
vt 0.82273 0.17954
vt 0.81452 0.20157
vt 0.82982 0.19635
vt 0.81643 0.21792
vt 0.84377 0.1882
vt 0.83546 0.17188
vt 0.8563 0.17708
vt 0.84725 0.16237
vt 0.8371 0.14805
vt 0.8589 0.15069
vt 0.87111 0.13687
vt 0.8811 0.1479
vt 0.86832 0.16326
vt 0.89016 0.15918
vt 0.87701 0.17514
vt 0.89833 0.17077
vt 0.88501 0.18635
vt 0.90527 0.18304
vt 0.89314 0.19795
vt 0.92393 0.18751
vt 0.9189 0.17164
vt 0.9114 0.15678
vt 0.93196 0.16273
vt 0.9247 0.14534
vt 0.90278 0.14354
vt 0.91597 0.12907
vt 0.93973 0.13784
vt 0.93103 0.11902
vt 0.89402 0.1316
vt 0.90528 0.11551
vt 0.91788 0.10115
vt 0.89371 0.10392
vt 0.88441 0.12117
vt 0.95816 0.15111
vt 0.94644 0.15553
vt 0.96156 0.17064
vt 0.95017 0.17436
vt 0.93667 0.18027
vt 0.95145 0.19341
vt 0.9393 0.19788
vt 0.92722 0.20296
vt 0.95116 0.21324
vt 0.9513 0.23171
vt 0.96304 0.2249
vt 0.96265 0.20827
vt 0.96258 0.18965
vt 0.97008 0.20568
vt 0.97085 0.18657
vt 0.96979 0.16833
vt 0.19802 0.75542
vt 0.21629 0.77779
vt 0.96564 0.14971
vt 0.97132 0.22169
vt 0.25253 0.87915
vt 0.2493 0.86302
vt 0.89161 0.23613
vt 0.89024 0.25067
vt 0.90766 0.24766
vt 0.90671 0.23941
vt 0.24325 0.84587
vt 0.83112 0.24841
vt 0.10818 0.50473
vt 0.11249 0.52853
vt 0.96293 0.38012
vt 0.94024 0.37133
vt 0.95034 0.39084
vt 0.97684 0.36355
vt 0.92838 0.38157
vt 0.93744 0.39968
vt 0.91723 0.36463
vt 0.89554 0.36251
vt 0.88844 0.37885
vt 0.87686 0.37142
vt 0.875 0.39052
vt 0.88503 0.39582
vt 0.88246 0.4139
vt 0.87193 0.40862
vt 0.86482 0.42207
vt 0.87662 0.42877
vt 0.89102 0.43245
vt 0.8933 0.4181
vt 0.88986 0.44699
vt 0.88996 0.46009
vt 0.91131 0.43516
vt 0.91044 0.44913
vt 0.9098 0.46308
vt 0.93045 0.45285
vt 0.9307 0.43698
vt 0.94616 0.43616
vt 0.94648 0.45594
vt 0.96329 0.45251
vt 0.96191 0.43087
vt 0.92896 0.42138
vt 0.94334 0.41721
vt 0.95833 0.41074
vt 0.91117 0.42245
vt 0.973 0.40187
vt 0.98711 0.38745
vt 0.87141 0.78097
vt 0.85331 0.78238
vt 0.86547 0.79289
vt 0.84818 0.79503
vt 0.85906 0.80459
vt 0.83503 0.78196
vt 0.82774 0.79765
vt 0.84055 0.80765
vt 0.81265 0.78968
vt 0.81027 0.80395
vt 0.82295 0.81228
vt 0.79428 0.80331
vt 0.79547 0.82035
vt 0.78252 0.82258
vt 0.78875 0.84114
vt 0.80089 0.8402
vt 0.77768 0.84488
vt 0.79098 0.86361
vt 0.80252 0.85981
vt 0.78269 0.86851
vt 0.79943 0.88823
vt 0.79401 0.89304
vt 0.81265 0.85544
vt 0.82859 0.86668
vt 0.84655 0.87346
vt 0.85054 0.8624
vt 0.8346 0.8592
vt 0.86729 0.88
vt 0.88624 0.87296
vt 0.88884 0.8824
vt 0.86705 0.88816
vt 0.89121 0.89108
vt 0.87005 0.89742
vt 0.58825 0.11123
vt 0.60156 0.09785
vt 0.59538 0.11402
vt 0.58216 0.12539
vt 0.58872 0.1295
vt 0.60221 0.11699
vt 0.59523 0.1342
vt 0.58176 0.14244
vt 0.58755 0.14935
vt 0.57455 0.1371
vt 0.02679 0.74382
vt 0.01822 0.7567
vt 0.01804 0.74094
vt 0.61061 0.09956
vt 0.60347 0.08285
vt 0.61449 0.08347
vt 0.61294 0.06779
vt 0.60211 0.069
vt 0.60856 0.05439
vt 0.59762 0.05689
vt 0.60264 0.04182
vt 0.59296 0.04628
vt 0.59655 0.02976
vt 0.5852 0.03639
vt 0.95294 0.8861
vt 0.95496 0.87683
vt 0.9669 0.87831
vt 0.96062 0.86371
vt 0.97365 0.86557
vt 0.97513 0.84852
vt 0.96603 0.84931
vt 0.11804 0.12562
vt 0.13481 0.11593
vt 0.13514 0.12838
vt 0.11627 0.11469
vt 0.13321 0.10262
vt 0.11322 0.10206
vt 0.15299 0.0973
vt 0.09514 0.09461
vt 0.097 0.10921
vt 0.07669 0.09062
vt 0.079 0.10642
vt 0.08231 0.12079
vt 0.06523 0.12043
vt 0.09955 0.12295
vt 0.08559 0.13219
vt 0.10179 0.13231
vt 0.07122 0.14098
vt 0.06877 0.13214
vt 0.96582 0.83183
vt 0.96746 0.81244
vt 0.0537 0.1349
vt 0.05769 0.14461
vt 0.04908 0.12289
vt 0.03402 0.12862
vt 0.03914 0.14003
vt 0.04737 0.15056
vt 0.96068 0.79148
vt 0.59676 0.0832
vt 0.59416 0.09634
vt 0.90928 0.88689
vt 0.90237 0.86393
vt 0.85311 0.85295
vt 0.83924 0.85064
vt 0.84179 0.84071
vt 0.8537 0.84329
vt 0.84522 0.82934
vt 0.83484 0.82076
vt 0.85119 0.81709
vt 0.87753 0.8006
vt 0.88589 0.7901
vt 0.88842 0.80795
vt 0.89978 0.79568
vt 0.89735 0.81671
vt 0.90832 0.79912
vt 0.91702 0.80707
vt 0.91873 0.77897
vt 0.90454 0.77704
vt 0.39342 0.29618
vt 0.34261 0.31054
vt 0.25357 0.16062
vt 0.26771 0.16289
vt 0.2627 0.1395
vt 0.27494 0.14214
vt 0.26596 0.12
vt 0.27868 0.12226
vt 0.29348 0.12281
vt 0.29222 0.1019
vt 0.27826 0.10262
vt 0.30816 0.09831
vt 0.27371 0.08397
vt 0.26545 0.10149
vt 0.2623 0.08389
vt 0.26565 0.06634
vt 0.2557 0.06854
vt 0.12668 0.1506
vt 0.14847 0.15016
vt 0.14434 0.16094
vt 0.12428 0.16076
vt 0.16474 0.16426
vt 0.1702 0.15357
vt 0.19117 0.1614
vt 0.16787 0.10175
vt 0.18212 0.10645
vt 0.19124 0.09131
vt 0.07883 0.71748
vt 0.92425 0.24645
vt 0.93944 0.24623
vt 0.96495 0.24151
vt 0.9531 0.24507
vt 0.635 0.01842
vt 0.58643 0.04869
vt 0.57269 0.0409
vt 0.59214 0.05829
vt 0.59495 0.0698
usemtl mat0
f 1/1/1 2/2/2 3/3/3
f 2/2/2 1/1/1 4/4/4
f 3/3/3 5/5/5 6/6/6
f 6/6/6 1/1/1 3/3/3
f 5/5/5 7/7/7 8/8/8
f 7/7/7 5/5/5 3/3/3
f 9/9/9 7/7/7 3/3/3
f 7/7/7 9/9/9 10/10/10
f 9/9/9 2/2/2 11/11/11
f 2/2/2 9/9/9 3/3/3
f 12/12/12 13/13/13 14/14/14
f 12/12/12 14/14/14 15/15/15
f 15/15/15 16/16/16 17/17/17
f 16/16/16 15/15/15 14/14/14
f 18/18/18 16/16/16 14/14/14
f 16/16/16 18/18/18 19/19/19
f 18/18/18 14/14/14 20/20/20
f 20/20/20 14/14/14 21/21/21
f 13/13/13 21/21/21 14/14/14
f 21/21/21 13/13/13 22/22/22
f 23/23/23 24/24/24 25/25/25
f 24/24/24 23/23/23 26/26/26
f 23/23/23 27/27/27 28/28/28
f 27/27/27 23/23/23 25/25/25
f 28/28/28 26/26/26 23/23/23
f 26/26/26 28/28/28 29/29/29
f 30/30/30 31/31/31 32/32/32
f 31/31/31 33/33/33 32/32/32
f 32/32/32 34/34/34 35/35/35
f 35/35/35 30/30/30 32/32/32
f 33/33/33 34/34/34 32/32/32
f 34/34/34 33/33/33 36/36/36
f 37/37/37 38/38/38 39/39/39
f 38/38/38 37/37/37 40/40/40
f 37/37/37 41/41/41 42/42/42
f 41/41/41 37/37/37 39/39/39
f 37/37/37 43/43/43 40/40/40
f 43/43/43 37/37/37 42/42/42
f 44/44/44 45/45/45 46/46/46
f 44/44/44 46/46/46 47/47/47
f 48/48/48 47/47/47 49/49/49
f 47/47/47 48/48/48 44/44/44
f 48/48/48 50/50/50 44/44/44
f 50/50/50 48/48/48 51/51/51
f 45/45/45 52/52/52 53/53/53
f 52/52/52 45/45/45 44/44/44
f 50/50/50 52/52/52 44/44/44
f 52/52/52 50/50/50 54/54/54
f 55/55/55 56/56/56 57/57/57
f 55/55/55 57/57/57 58/58/58
f 59/59/59 58/58/58 60/60/60
f 58/58/58 59/59/59 55/55/55
f 59/59/59 61/61/61 55/55/55
f 61/61/61 62/62/62 55/55/55
f 63/63/63 64/64/64 65/65/65
f 64/64/64 66/66/66 65/65/65
f 67/67/67 68/68/68 69/69/69
f 68/68/68 67/67/67 65/65/65
f 68/68/68 66/66/66 70/70/70
f 66/66/66 68/68/68 65/65/65
f 71/71/71 72/72/72 73/73/73
f 72/72/72 71/71/71 74/74/74
f 75/75/75 76/76/76 73/73/73
f 75/75/75 73/73/73 77/77/77
f 77/77/77 72/72/72 78/78/78
f 72/72/72 77/77/77 73/73/73
f 79/79/79 80/80/80 81/81/81
f 81/81/81 80/80/80 82/82/82
f 82/82/82 80/80/80 83/83/83
f 84/84/84 83/83/83 80/80/80
f 84/84/84 79/79/79 85/85/85
f 79/79/79 84/84/84 80/80/80
f 86/86/86 87/87/87 88/88/88
f 87/87/87 86/86/86 89/89/89
f 90/90/90 91/91/91 92/92/92
f 91/91/91 90/90/90 93/93/93
f 90/90/90 94/94/94 93/93/93
f 94/94/94 90/90/90 95/95/95
f 95/95/95 90/90/90 96/96/96
f 96/96/96 90/90/90 92/92/92
f 97/97/97 98/98/98 99/99/99
f 99/99/99 100/100/100 97/97/97
f 101/101/101 98/98/98 97/97/97
f 98/98/98 101/101/101 102/102/102
f 103/103/103 101/101/101 97/97/97
f 103/103/103 97/97/97 100/100/100
f 104/104/104 105/105/105 106/106/106
f 105/105/105 104/104/104 107/107/107
f 108/108/108 105/105/105 109/109/109
f 105/105/105 108/108/108 106/106/106
f 110/110/110 105/105/105 107/107/107
f 105/105/105 110/110/110 109/109/109
f 111/111/111 112/112/112 113/113/113
f 112/112/112 111/111/111 114/114/114
f 113/113/113 115/115/115 116/116/116
f 115/115/115 113/113/113 112/112/112
f 117/117/117 118/118/118 119/119/119
f 118/118/118 120/120/120 119/119/119
f 121/121/121 117/117/117 119/119/119
f 117/117/117 121/121/121 122/122/122
f 120/120/120 123/123/123 119/119/119
f 123/123/123 121/121/121 119/119/119
f 124/124/124 125/125/125 126/126/126
f 125/125/125 124/124/124 127/127/127
f 128/128/125 129/129/128 130/130/129
f 129/129/128 128/128/125 131/131/127
f 132/132/130 133/133/131 134/134/132
f 133/133/131 132/132/130 127/127/127
f 135/135/130 129/129/128 131/131/127
f 129/129/128 135/135/130 136/136/113
f 127/127/127 124/124/124 137/137/133
f 127/127/127 137/137/133 133/133/131
f 138/138/134 139/139/135 140/140/136
f 139/139/135 138/138/134 141/141/137
f 142/142/138 139/139/135 143/143/139
f 139/139/135 142/142/138 140/140/136
f 141/141/137 143/143/139 139/139/135
f 143/143/139 141/141/137 144/144/140
f 145/145/141 146/146/142 147/147/143
f 148/148/144 147/147/143 146/146/142
f 146/146/142 149/149/145 150/150/146
f 149/149/145 146/146/142 145/145/141
f 146/146/142 151/151/147 148/148/144
f 151/151/147 146/146/142 150/150/146
f 152/152/148 153/153/149 154/154/150
f 154/154/150 155/155/151 152/152/148
f 156/156/152 153/153/149 152/152/148
f 153/153/149 156/156/152 157/157/153
f 152/152/148 155/155/151 158/158/154
f 158/158/154 156/156/152 152/152/148
f 52/52/52 159/159/155 53/53/53
f 159/159/155 52/52/52 54/54/54
f 160/160/156 161/161/157 162/162/158
f 162/162/158 163/163/159 160/160/156
f 163/163/159 164/164/160 160/160/156
f 164/164/160 163/163/159 165/165/161
f 164/164/160 166/166/162 160/160/156
f 166/166/162 161/161/157 160/160/156
f 167/167/163 168/168/164 169/169/165
f 167/167/163 170/170/166 168/168/164
f 171/171/167 172/172/168 173/173/169
f 172/172/168 171/171/167 174/174/170
f 171/171/167 175/175/171 174/174/170
f 175/175/171 171/171/167 176/176/172
f 173/173/169 176/176/172 171/171/167
f 176/176/172 173/173/169 177/177/173
f 178/178/174 179/179/175 180/180/176
f 179/179/175 178/178/174 181/181/177
f 179/179/175 182/182/178 180/180/176
f 182/182/178 183/183/179 180/180/176
f 183/183/179 184/184/180 180/180/176
f 184/184/180 178/178/174 180/180/176
f 185/185/181 186/186/182 187/187/183
f 185/185/181 187/187/183 188/188/184
f 188/188/184 189/189/185 190/190/186
f 189/189/185 188/188/184 187/187/183
f 191/191/187 192/192/188 187/187/183
f 192/192/188 189/189/185 187/187/183
f 193/193/189 194/194/190 195/195/191
f 194/194/190 196/196/192 195/195/191
f 197/197/193 198/198/194 195/195/191
f 198/198/194 193/193/189 195/195/191
f 196/196/192 199/199/195 195/195/191
f 199/199/195 197/197/193 195/195/191
f 200/200/196 4/4/4 1/1/1
f 4/4/4 200/200/196 201/201/197
f 202/202/198 200/200/196 203/203/199
f 203/203/199 200/200/196 204/204/200
f 201/201/197 202/202/198 205/205/201
f 202/202/198 201/201/197 200/200/196
f 206/206/202 207/207/203 208/208/204
f 207/207/203 209/209/205 208/208/204
f 210/210/206 206/206/202 208/208/204
f 206/206/202 210/210/206 211/211/207
f 208/208/204 209/209/205 212/212/208
f 212/212/208 210/210/206 208/208/204
f 213/213/209 214/214/210 215/215/211
f 214/214/210 213/213/209 216/216/212
f 213/213/209 217/217/213 216/216/212
f 217/217/213 218/218/214 216/216/212
f 214/214/210 216/216/212 219/219/215
f 218/218/214 219/219/215 216/216/212
f 220/220/114 221/221/216 222/222/217
f 221/221/216 220/220/114 223/223/218
f 224/224/219 221/221/216 225/225/220
f 221/221/216 224/224/219 222/222/217
f 226/226/221 224/224/219 227/227/222
f 224/224/219 226/226/221 222/222/217
f 228/228/217 229/229/221 230/230/223
f 228/228/217 230/230/223 231/231/224
f 114/114/114 231/231/224 112/112/112
f 231/231/224 114/114/114 228/228/217
f 232/232/225 233/233/226 234/234/227
f 233/233/226 232/232/225 235/235/228
f 236/236/229 237/237/230 235/235/228
f 236/236/229 235/235/228 232/232/225
f 235/235/228 238/238/231 239/239/232
f 238/238/231 235/235/228 237/237/230
f 235/235/228 240/240/233 241/241/234
f 235/235/228 241/241/234 233/233/226
f 242/242/235 243/243/236 244/244/237
f 243/243/236 242/242/235 245/245/238
f 245/245/238 242/242/235 246/246/239
f 245/245/238 246/246/239 247/247/240
f 248/248/241 247/247/240 249/249/242
f 247/247/240 248/248/241 245/245/238
f 245/245/238 250/250/243 243/243/236
f 250/250/243 245/245/238 251/251/244
f 248/248/241 251/251/244 245/245/238
f 251/251/244 248/248/241 252/252/245
f 253/253/246 254/254/247 255/255/248
f 253/253/246 255/255/248 256/256/249
f 257/257/250 258/258/251 253/253/246
f 257/257/250 253/253/246 256/256/249
f 259/259/252 254/254/247 253/253/246
f 254/254/247 259/259/252 260/260/253
f 259/259/252 261/261/254 262/262/255
f 261/261/254 259/259/252 253/253/246
f 258/258/251 261/261/254 253/253/246
f 261/261/254 258/258/251 263/263/256
f 264/264/257 265/265/258 266/266/259
f 265/265/258 264/264/257 267/267/260
f 264/264/257 268/268/261 267/267/260
f 268/268/261 264/264/257 269/269/262
f 264/264/257 270/270/263 269/269/262
f 270/270/263 264/264/257 266/266/259
f 271/271/264 272/272/265 273/273/266
f 274/274/267 273/273/266 272/272/265
f 275/275/268 276/276/269 277/277/270
f 276/276/269 275/275/268 272/272/265
f 271/271/264 276/276/269 272/272/265
f 276/276/269 271/271/264 278/278/271
f 275/275/268 279/279/272 272/272/265
f 279/279/272 275/275/268 280/280/273
f 274/274/267 279/279/272 281/281/274
f 279/279/272 274/274/267 272/272/265
f 282/282/275 283/283/276 284/284/277
f 283/283/276 282/282/275 285/285/278
f 282/282/275 286/286/279 285/285/278
f 286/286/279 282/282/275 287/287/280
f 282/282/275 288/288/281 287/287/280
f 288/288/281 282/282/275 284/284/277
f 209/209/205 289/289/282 212/212/208
f 207/207/203 290/290/283 209/209/205
f 209/209/205 290/290/283 291/291/284
f 292/292/285 293/293/286 294/294/287
f 292/292/285 295/295/288 293/293/286
f 296/296/289 297/297/290 292/292/285
f 297/297/290 296/296/289 298/298/291
f 292/292/285 297/297/290 299/299/292
f 295/295/288 299/299/292 300/300/293
f 299/299/292 295/295/288 292/292/285
f 296/296/289 294/294/287 301/301/294
f 294/294/287 296/296/289 292/292/285
f 220/220/114 302/302/111 303/303/295
f 220/220/114 303/303/295 223/223/218
f 304/304/111 132/132/130 134/134/132
f 304/304/111 134/134/132 305/305/296
f 306/306/297 307/307/298 308/308/299
f 307/307/298 306/306/297 309/309/300
f 306/306/297 310/310/301 311/311/302
f 310/310/301 306/306/297 308/308/299
f 308/308/299 312/312/303 310/310/301
f 312/312/303 308/308/299 313/313/304
f 314/314/305 313/313/304 315/315/306
f 308/308/299 315/315/306 313/313/304
f 315/315/306 307/307/298 316/316/307
f 307/307/298 315/315/306 308/308/299
f 317/317/308 41/41/41 39/39/39
f 41/41/41 317/317/308 318/318/309
f 319/319/310 38/38/38 320/320/311
f 38/38/38 319/319/310 39/39/39
f 317/317/308 319/319/310 321/321/312
f 319/319/310 317/317/308 39/39/39
f 322/322/313 323/323/314 324/324/315
f 323/323/314 322/322/313 325/325/316
f 326/326/317 324/324/315 327/327/318
f 324/324/315 326/326/317 322/322/313
f 323/323/314 328/328/319 324/324/315
f 328/328/319 327/327/318 324/324/315
f 329/329/320 330/330/321 331/331/322
f 330/330/321 329/329/320 332/332/323
f 332/332/323 333/333/324 334/334/325
f 333/333/324 332/332/323 329/329/320
f 335/335/326 334/334/325 336/336/327
f 334/334/325 335/335/326 332/332/323
f 335/335/326 219/219/215 332/332/323
f 219/219/215 335/335/326 337/337/328
f 330/330/321 332/332/323 218/218/214
f 218/218/214 332/332/323 219/219/215
f 338/338/329 339/339/330 340/340/331
f 339/339/330 338/338/329 341/341/332
f 338/338/329 342/342/333 341/341/332
f 342/342/333 338/338/329 343/343/334
f 338/338/329 344/344/335 343/343/334
f 344/344/335 338/338/329 340/340/331
f 345/345/336 346/346/337 347/347/338
f 346/346/337 348/348/339 347/347/338
f 348/348/339 349/349/340 347/347/338
f 349/349/340 348/348/339 350/350/341
f 349/349/340 351/351/342 347/347/338
f 351/351/342 345/345/336 347/347/338
f 72/72/72 352/352/343 353/353/344
f 352/352/343 72/72/72 74/74/74
f 354/354/345 355/355/346 356/356/347
f 355/355/346 357/357/348 356/356/347
f 356/356/347 358/358/349 359/359/350
f 356/356/347 359/359/350 354/354/345
f 360/360/347 361/361/348 362/362/351
f 360/360/347 362/362/351 363/363/349
f 364/364/352 365/365/353 366/366/354
f 365/365/353 364/364/352 367/367/355
f 368/368/356 369/369/357 365/365/353
f 368/368/356 365/365/353 367/367/355
f 370/370/358 365/365/353 369/369/357
f 365/365/353 370/370/358 366/366/354
f 82/82/82 51/51/51 81/81/81
f 51/51/51 82/82/82 371/371/359
f 372/372/360 82/82/82 83/83/83
f 82/82/82 372/372/360 371/371/359
f 373/373/361 374/374/362 371/371/359
f 373/373/361 371/371/359 372/372/360
f 375/375/363 376/376/364 377/377/365
f 376/376/364 375/375/363 378/378/366
f 375/375/363 379/379/367 378/378/366
f 379/379/367 375/375/363 380/380/368
f 381/381/369 382/382/370 378/378/366
f 382/382/370 381/381/369 383/383/371
f 376/376/364 378/378/366 384/384/372
f 384/384/372 378/378/366 382/382/370
f 381/381/369 379/379/367 385/385/373
f 379/379/367 381/381/369 378/378/366
f 258/258/251 386/386/374 387/387/375
f 386/386/374 258/258/251 257/257/250
f 257/257/250 388/388/376 386/386/374
f 388/388/376 257/257/250 256/256/249
f 389/389/377 390/390/378 391/391/379
f 391/391/379 392/392/380 389/389/377
f 389/389/377 393/393/381 394/394/382
f 394/394/382 390/390/378 389/389/377
f 389/389/377 392/392/380 395/395/383
f 395/395/383 393/393/381 389/389/377
f 396/396/384 397/397/385 398/398/386
f 397/397/385 396/396/384 399/399/387
f 400/400/388 398/398/386 397/397/385
f 398/398/386 400/400/388 401/401/389
f 269/269/262 402/402/390 403/403/391
f 402/402/390 269/269/262 270/270/263
f 62/62/62 404/404/392 405/405/393
f 404/404/392 62/62/62 61/61/61
f 61/61/61 406/406/394 404/404/392
f 406/406/394 61/61/61 59/59/59
f 407/407/395 408/408/396 409/409/397
f 408/408/396 410/410/398 409/409/397
f 409/409/397 411/411/399 412/412/400
f 412/412/400 407/407/395 409/409/397
f 410/410/398 411/411/399 409/409/397
f 411/411/399 410/410/398 413/413/401
f 414/414/402 415/415/403 416/416/404
f 415/415/403 414/414/402 417/417/405
f 416/416/404 418/418/406 414/414/402
f 418/418/406 416/416/404 419/419/407
f 418/418/406 420/420/408 414/414/402
f 420/420/408 417/417/405 414/414/402
f 421/421/409 422/422/410 423/423/411
f 422/422/410 424/424/412 423/423/411
f 425/425/413 426/426/414 423/423/411
f 426/426/414 425/425/413 427/427/415
f 421/421/409 426/426/414 428/428/416
f 426/426/414 421/421/409 423/423/411
f 429/429/417 430/430/418 431/431/419
f 430/430/418 432/432/420 431/431/419
f 433/433/419 434/434/421 435/435/417
f 436/436/422 434/434/421 433/433/419
f 431/431/419 437/437/423 438/438/422
f 437/437/423 431/431/419 432/432/420
f 92/92/92 439/439/424 440/440/425
f 439/439/424 92/92/92 91/91/91
f 440/440/425 441/441/426 442/442/427
f 441/441/426 440/440/425 439/439/424
f 443/443/428 440/440/425 444/444/429
f 444/444/429 440/440/425 442/442/427
f 440/440/425 443/443/428 445/445/430
f 92/92/92 445/445/430 96/96/96
f 445/445/430 92/92/92 440/440/425
f 446/446/431 447/447/432 448/448/433
f 446/446/431 448/448/433 449/449/434
f 450/450/435 449/449/434 451/451/436
f 449/449/434 450/450/435 446/446/431
f 446/446/431 450/450/435 452/452/437
f 446/446/431 452/452/437 453/453/438
f 454/454/439 455/455/440 456/456/441
f 455/455/440 454/454/439 457/457/442
f 454/454/439 458/458/443 457/457/442
f 458/458/443 454/454/439 459/459/444
f 454/454/439 460/460/445 459/459/444
f 460/460/445 454/454/439 456/456/441
f 461/461/446 462/462/447 463/463/448
f 462/462/447 461/461/446 464/464/449
f 465/465/450 461/461/446 466/466/451
f 461/461/446 465/465/450 464/464/449
f 464/464/449 465/465/450 467/467/452
f 464/464/449 467/467/452 468/468/453
f 469/469/454 470/470/455 471/471/456
f 470/470/455 469/469/454 472/472/457
f 469/469/454 473/473/458 472/472/457
f 473/473/458 469/469/454 474/474/459
f 469/469/454 475/475/460 474/474/459
f 475/475/460 469/469/454 471/471/456
f 476/476/461 175/175/171 477/477/462
f 175/175/171 478/478/463 477/477/462
f 479/479/464 476/476/461 477/477/462
f 476/476/461 479/479/464 480/480/465
f 477/477/462 478/478/463 481/481/466
f 481/481/466 479/479/464 477/477/462
f 482/482/467 483/483/468 484/484/469
f 483/483/468 482/482/467 485/485/470
f 482/482/467 484/484/469 486/486/471
f 486/486/471 484/484/469 487/487/472
f 488/488/279 487/487/472 484/484/469
f 487/487/472 488/488/279 489/489/293
f 488/488/279 490/490/473 491/491/278
f 490/490/473 488/488/279 484/484/469
f 492/492/474 493/493/475 494/494/476
f 493/493/475 495/495/477 494/494/476
f 496/496/478 497/497/479 494/494/476
f 497/497/479 492/492/474 494/494/476
f 495/495/477 496/496/478 494/494/476
f 496/496/478 495/495/477 498/498/480
f 499/499/481 500/500/482 501/501/483
f 500/500/482 499/499/481 502/502/484
f 503/503/305 500/500/482 504/504/304
f 500/500/482 503/503/305 501/501/483
f 505/505/485 501/501/483 506/506/486
f 501/501/483 503/503/305 507/507/487
f 507/507/487 506/506/486 501/501/483
f 508/508/488 509/509/489 510/510/490
f 511/511/491 510/510/490 509/509/489
f 509/509/489 508/508/488 430/430/418
f 509/509/489 430/430/418 429/429/417
f 512/512/489 434/434/421 513/513/491
f 434/434/421 512/512/489 435/435/417
f 395/395/383 514/514/492 393/393/381
f 514/514/492 395/395/383 515/515/493
f 516/516/494 517/517/495 393/393/381
f 517/517/495 394/394/382 393/393/381
f 516/516/494 514/514/492 518/518/496
f 514/514/492 516/516/494 393/393/381
f 519/519/497 520/520/498 521/521/499
f 520/520/498 519/519/497 522/522/500
f 522/522/500 523/523/501 524/524/502
f 523/523/501 522/522/500 519/519/497
f 522/522/500 43/43/43 520/520/498
f 522/522/500 525/525/503 43/43/43
f 526/526/504 527/527/505 528/528/506
f 527/527/505 526/526/504 529/529/507
f 363/363/349 362/362/351 530/530/507
f 362/362/351 531/531/505 530/530/507
f 529/529/507 359/359/350 358/358/349
f 359/359/350 529/529/507 526/526/504
f 532/532/508 88/88/88 533/533/509
f 88/88/88 532/532/508 534/534/510
f 535/535/511 532/532/508 536/536/512
f 532/532/508 535/535/511 534/534/510
f 534/534/510 537/537/513 86/86/86
f 534/534/510 86/86/86 88/88/88
f 537/537/513 538/538/514 539/539/515
f 538/538/514 537/537/513 534/534/510
f 535/535/511 538/538/514 534/534/510
f 538/538/514 535/535/511 540/540/516
f 194/194/190 541/541/517 211/211/207
f 194/194/190 211/211/207 210/210/206
f 541/541/517 193/193/189 542/542/518
f 193/193/189 541/541/517 194/194/190
f 543/543/519 210/210/206 212/212/208
f 210/210/206 543/543/519 194/194/190
f 544/544/520 545/545/521 546/546/522
f 545/545/521 544/544/520 547/547/523
f 544/544/520 548/548/524 549/549/525
f 544/544/520 550/550/526 548/548/524
f 550/550/526 546/546/522 551/551/527
f 546/546/522 550/550/526 544/544/520
f 552/552/528 553/553/529 554/554/530
f 553/553/529 552/552/528 555/555/531
f 552/552/528 11/11/11 555/555/531
f 11/11/11 552/552/528 9/9/9
f 556/556/532 557/557/533 558/558/534
f 557/557/533 559/559/535 558/558/534
f 556/556/532 558/558/534 560/560/536
f 273/273/266 561/561/537 562/562/538
f 561/561/537 273/273/266 563/563/539
f 192/192/188 563/563/539 564/564/540
f 563/563/539 192/192/188 561/561/537
f 561/561/537 191/191/187 562/562/538
f 191/191/187 561/561/537 192/192/188
f 427/427/415 428/428/416 426/426/414
f 428/428/416 427/427/415 565/565/541
f 566/566/542 567/567/543 568/568/544
f 567/567/543 566/566/542 569/569/545
f 569/569/545 570/570/546 567/567/543
f 570/570/546 569/569/545 571/571/547
f 566/566/542 572/572/548 569/569/545
f 572/572/548 566/566/542 573/573/549
f 574/574/550 575/575/551 576/576/552
f 575/575/551 574/574/550 577/577/553
f 574/574/550 525/525/503 577/577/553
f 525/525/503 574/574/550 578/578/554
f 574/574/550 579/579/555 578/578/554
f 579/579/555 574/574/550 576/576/552
f 408/408/396 580/580/556 581/581/557
f 580/580/556 408/408/396 407/407/395
f 407/407/395 412/412/400 582/582/558
f 582/582/558 583/583/559 407/407/395
f 583/583/559 580/580/556 407/407/395
f 580/580/556 583/583/559 584/584/560
f 585/585/561 586/586/562 587/587/563
f 588/588/564 587/587/563 586/586/562
f 589/589/565 590/590/566 586/586/562
f 590/590/566 588/588/564 586/586/562
f 591/591/567 168/168/164 592/592/568
f 168/168/164 591/591/567 593/593/569
f 594/594/448 595/595/570 593/593/569
f 595/595/570 594/594/448 596/596/571
f 594/594/448 591/591/567 597/597/446
f 591/591/567 594/594/448 593/593/569
f 598/598/572 599/599/573 600/600/574
f 599/599/573 601/601/575 600/600/574
f 602/602/576 598/598/572 600/600/574
f 598/598/572 602/602/576 603/603/577
f 600/600/574 601/601/575 604/604/578
f 604/604/578 602/602/576 600/600/574
f 605/605/579 606/606/580 607/607/581
f 606/606/580 608/608/582 607/607/581
f 448/448/433 607/607/581 449/449/434
f 449/449/434 607/607/581 608/608/582
f 605/605/579 448/448/433 609/609/583
f 448/448/433 605/605/579 607/607/581
f 610/610/584 611/611/585 612/612/586
f 610/610/584 612/612/586 613/613/587
f 612/612/586 611/611/585 614/614/588
f 614/614/588 615/615/589 612/612/586
f 612/612/586 615/615/589 616/616/590
f 616/616/590 613/613/587 612/612/586
f 617/617/591 618/618/592 619/619/593
f 618/618/592 617/617/591 620/620/594
f 620/620/594 540/540/516 618/618/592
f 540/540/516 620/620/594 621/621/595
f 618/618/592 535/535/511 619/619/593
f 535/535/511 618/618/592 540/540/516
f 621/621/595 620/620/594 622/622/596
f 621/621/595 622/622/596 623/623/597
f 624/624/598 623/623/597 625/625/599
f 623/623/597 624/624/598 621/621/595
f 621/621/595 538/538/514 540/540/516
f 538/538/514 621/621/595 624/624/598
f 625/625/599 626/626/600 624/624/598
f 626/626/600 625/625/599 627/627/601
f 624/624/598 539/539/515 538/538/514
f 539/539/515 624/624/598 626/626/600
f 627/627/601 628/628/602 626/626/600
f 628/628/602 627/627/601 629/629/603
f 539/539/515 626/626/600 630/630/604
f 630/630/604 626/626/600 628/628/602
f 631/631/605 539/539/515 630/630/604
f 539/539/515 631/631/605 537/537/513
f 632/632/606 633/633/607 630/630/604
f 632/632/606 630/630/604 628/628/602
f 631/631/605 633/633/607 634/634/608
f 633/633/607 631/631/605 630/630/604
f 634/634/608 318/318/309 89/89/89
f 634/634/608 89/89/89 631/631/605
f 634/634/608 635/635/609 636/636/610
f 635/635/609 634/634/608 633/633/607
f 318/318/309 636/636/610 41/41/41
f 636/636/610 318/318/309 634/634/608
f 637/637/611 636/636/610 638/638/612
f 638/638/612 636/636/610 635/635/609
f 41/41/41 636/636/610 42/42/42
f 42/42/42 636/636/610 637/637/611
f 637/637/611 521/521/499 520/520/498
f 521/521/499 637/637/611 638/638/612
f 42/42/42 637/637/611 43/43/43
f 43/43/43 637/637/611 520/520/498
f 635/635/609 639/639/613 638/638/612
f 639/639/613 635/635/609 640/640/614
f 521/521/499 638/638/612 641/641/615
f 641/641/615 638/638/612 639/639/613
f 639/639/613 642/642/616 641/641/615
f 642/642/616 639/639/613 643/643/617
f 644/644/618 641/641/615 645/645/619
f 645/645/619 641/641/615 642/642/616
f 521/521/499 644/644/618 519/519/497
f 644/644/618 521/521/499 641/641/615
f 646/646/620 645/645/619 647/647/621
f 645/645/619 646/646/620 644/644/618
f 646/646/620 519/519/497 644/644/618
f 519/519/497 646/646/620 523/523/501
f 648/648/622 646/646/620 649/649/623
f 649/649/623 646/646/620 647/647/621
f 648/648/622 523/523/501 646/646/620
f 523/523/501 648/648/622 650/650/624
f 651/651/625 650/650/624 652/652/626
f 648/648/622 652/652/626 650/650/624
f 653/653/627 650/650/624 651/651/625
f 650/650/624 653/653/627 654/654/628
f 523/523/501 650/650/624 524/524/502
f 654/654/628 524/524/502 650/650/624
f 655/655/629 653/653/627 656/656/630
f 653/653/627 655/655/629 654/654/628
f 524/524/502 655/655/629 657/657/631
f 655/655/629 524/524/502 654/654/628
f 657/657/631 658/658/632 659/659/633
f 658/658/632 657/657/631 655/655/629
f 660/660/634 659/659/633 661/661/635
f 659/659/633 660/660/634 657/657/631
f 657/657/631 660/660/634 522/522/500
f 522/522/500 524/524/502 657/657/631
f 661/661/635 577/577/553 660/660/634
f 577/577/553 661/661/635 575/575/551
f 525/525/503 660/660/634 577/577/553
f 660/660/634 525/525/503 522/522/500
f 662/662/636 661/661/635 663/663/637
f 663/663/637 661/661/635 659/659/633
f 575/575/551 662/662/636 664/664/638
f 662/662/636 575/575/551 661/661/635
f 490/490/473 664/664/638 665/665/639
f 665/665/639 664/664/638 662/662/636
f 490/490/473 484/484/469 664/664/638
f 484/484/469 483/483/468 664/664/638
f 483/483/468 576/576/552 664/664/638
f 576/576/552 575/575/551 664/664/638
f 666/666/640 662/662/636 663/663/637
f 662/662/636 666/666/640 665/665/639
f 667/667/276 666/666/640 668/668/641
f 666/666/640 667/667/276 665/665/639
f 665/665/639 667/667/276 491/491/278
f 491/491/278 490/490/473 665/665/639
f 668/668/641 669/669/642 670/670/643
f 669/669/642 668/668/641 666/666/640
f 325/325/316 671/671/643 323/323/314
f 671/671/643 325/325/316 672/672/641
f 325/325/316 284/284/277 672/672/641
f 284/284/277 283/283/276 672/672/641
f 670/670/643 673/673/644 674/674/645
f 673/673/644 670/670/643 669/669/642
f 323/323/314 675/675/645 676/676/646
f 675/675/645 323/323/314 671/671/643
f 676/676/646 677/677/647 678/678/648
f 677/677/647 676/676/646 675/675/645
f 679/679/649 678/678/648 680/680/650
f 678/678/648 679/679/649 676/676/646
f 679/679/649 323/323/314 676/676/646
f 323/323/314 679/679/649 328/328/319
f 680/680/650 592/592/568 679/679/649
f 592/592/568 680/680/650 591/591/567
f 679/679/649 592/592/568 170/170/166
f 679/679/649 170/170/166 328/328/319
f 681/681/651 682/682/451 680/680/650
f 681/681/651 680/680/650 678/678/648
f 591/591/567 682/682/451 597/597/446
f 682/682/451 591/591/567 680/680/650
f 683/683/652 684/684/653 685/685/651
f 684/684/653 686/686/654 685/685/651
f 686/686/654 466/466/451 685/685/651
f 466/466/451 686/686/654 465/465/450
f 678/678/648 687/687/652 681/681/651
f 687/687/652 678/678/648 677/677/647
f 686/686/654 684/684/653 475/475/460
f 475/475/460 688/688/655 686/686/654
f 465/465/450 688/688/655 467/467/452
f 688/688/655 465/465/450 686/686/654
f 475/475/460 689/689/656 688/688/655
f 689/689/656 475/475/460 471/471/456
f 467/467/452 689/689/656 36/36/36
f 689/689/656 467/467/452 688/688/655
f 689/689/656 470/470/455 690/690/657
f 470/470/455 689/689/656 471/471/456
f 36/36/36 690/690/657 34/34/34
f 690/690/657 36/36/36 689/689/656
f 34/34/34 691/691/658 35/35/35
f 691/691/658 34/34/34 690/690/657
f 691/691/658 470/470/455 692/692/659
f 470/470/455 691/691/658 690/690/657
f 693/693/660 694/694/661 692/692/659
f 694/694/661 691/691/658 692/692/659
f 692/692/659 472/472/457 695/695/662
f 472/472/457 692/692/659 470/470/455
f 693/693/660 695/695/662 696/696/663
f 695/695/662 693/693/660 692/692/659
f 697/697/664 698/698/665 696/696/663
f 698/698/665 693/693/660 696/696/663
f 699/699/666 696/696/663 700/700/667
f 700/700/667 696/696/663 695/695/662
f 697/697/664 699/699/666 701/701/668
f 699/699/666 697/697/664 696/696/663
f 697/697/664 702/702/669 703/703/670
f 702/702/669 697/697/664 701/701/668
f 701/701/668 704/704/671 705/705/672
f 704/704/671 701/701/668 699/699/666
f 702/702/669 705/705/672 706/706/673
f 705/705/672 702/702/669 701/701/668
f 702/702/669 707/707/674 708/708/675
f 707/707/674 702/702/669 706/706/673
f 709/709/676 705/705/672 710/710/677
f 705/705/672 709/709/676 706/706/673
f 709/709/676 707/707/674 706/706/673
f 707/707/674 709/709/676 711/711/678
f 711/711/678 712/712/679 707/707/674
f 712/712/679 711/711/678 713/713/680
f 709/709/676 714/714/681 711/711/678
f 714/714/681 709/709/676 715/715/682
f 713/713/680 714/714/681 716/716/683
f 714/714/681 713/713/680 711/711/678
f 713/713/680 716/716/683 717/717/684
f 717/717/684 716/716/683 718/718/685
f 719/719/686 714/714/681 652/652/626
f 714/714/681 719/719/686 716/716/683
f 716/716/683 720/720/687 718/718/685
f 720/720/687 716/716/683 719/719/686
f 718/718/685 721/721/688 722/722/689
f 721/721/688 718/718/685 720/720/687
f 719/719/686 723/723/690 720/720/687
f 723/723/690 719/719/686 649/649/623
f 720/720/687 724/724/691 721/721/688
f 724/724/691 720/720/687 723/723/690
f 721/721/688 725/725/692 726/726/693
f 725/725/692 721/721/688 724/724/691
f 723/723/690 727/727/694 724/724/691
f 727/727/694 723/723/690 728/728/695
f 724/724/691 729/729/696 725/725/692
f 729/729/696 724/724/691 727/727/694
f 725/725/692 730/730/697 731/731/698
f 730/730/697 725/725/692 729/729/696
f 727/727/694 334/334/325 729/729/696
f 334/334/325 727/727/694 336/336/327
f 729/729/696 334/334/325 333/333/324
f 729/729/696 333/333/324 730/730/697
f 732/732/699 350/350/341 348/348/339
f 350/350/341 732/732/699 731/731/698
f 732/732/699 726/726/693 731/731/698
f 726/726/693 725/725/692 731/731/698
f 731/731/698 730/730/697 733/733/700
f 731/731/698 733/733/700 350/350/341
f 734/734/701 735/735/702 733/733/700
f 735/735/702 736/736/703 733/733/700
f 736/736/703 350/350/341 733/733/700
f 350/350/341 736/736/703 349/349/340
f 730/730/697 734/734/701 733/733/700
f 734/734/701 730/730/697 333/333/324
f 735/735/702 737/737/704 736/736/703
f 737/737/704 738/738/705 736/736/703
f 738/738/705 349/349/340 736/736/703
f 349/349/340 738/738/705 351/351/342
f 737/737/704 739/739/706 738/738/705
f 739/739/706 740/740/707 738/738/705
f 740/740/707 351/351/342 738/738/705
f 351/351/342 740/740/707 741/741/708
f 740/740/707 742/742/709 741/741/708
f 742/742/709 743/743/710 741/741/708
f 743/743/710 744/744/711 741/741/708
f 744/744/711 743/743/710 745/745/712
f 741/741/708 345/345/336 351/351/342
f 741/741/708 744/744/711 345/345/336
f 745/745/712 746/746/713 744/744/711
f 746/746/713 747/747/714 744/744/711
f 747/747/714 345/345/336 744/744/711
f 345/345/336 747/747/714 346/346/337
f 746/746/713 748/748/715 747/747/714
f 748/748/715 749/749/716 747/747/714
f 749/749/716 346/346/337 747/747/714
f 346/346/337 749/749/716 750/750/717
f 749/749/716 751/751/718 750/750/717
f 751/751/718 752/752/719 750/750/717
f 752/752/719 732/732/699 750/750/717
f 732/732/699 752/752/719 726/726/693
f 750/750/717 348/348/339 346/346/337
f 750/750/717 732/732/699 348/348/339
f 751/751/718 753/753/720 752/752/719
f 753/753/720 722/722/689 752/752/719
f 722/722/689 726/726/693 752/752/719
f 726/726/693 722/722/689 721/721/688
f 754/754/721 751/751/718 755/755/722
f 751/751/718 754/754/721 753/753/720
f 753/753/720 754/754/721 756/756/723
f 756/756/723 717/717/684 753/753/720
f 717/717/684 718/718/685 753/753/720
f 753/753/720 718/718/685 722/722/689
f 757/757/724 756/756/723 758/758/725
f 758/758/725 756/756/723 754/754/721
f 712/712/679 757/757/724 759/759/726
f 757/757/724 712/712/679 756/756/723
f 712/712/679 713/713/680 756/756/723
f 756/756/723 713/713/680 717/717/684
f 760/760/727 759/759/726 761/761/728
f 761/761/728 759/759/726 757/757/724
f 760/760/727 708/708/675 759/759/726
f 708/708/675 760/760/727 762/762/729
f 708/708/675 707/707/674 759/759/726
f 707/707/674 712/712/679 759/759/726
f 763/763/730 760/760/727 764/764/731
f 760/760/727 763/763/730 762/762/729
f 763/763/730 703/703/670 762/762/729
f 703/703/670 763/763/730 765/765/732
f 703/703/670 702/702/669 762/762/729
f 702/702/669 708/708/675 762/762/729
f 766/766/733 767/767/734 765/765/732
f 766/766/733 765/765/732 763/763/730
f 767/767/734 698/698/665 765/765/732
f 698/698/665 767/767/734 768/768/735
f 698/698/665 703/703/670 765/765/732
f 703/703/670 698/698/665 697/697/664
f 769/769/736 770/770/737 768/768/735
f 769/769/736 768/768/735 767/767/734
f 770/770/737 694/694/661 768/768/735
f 694/694/661 770/770/737 771/771/738
f 698/698/665 768/768/735 693/693/660
f 693/693/660 768/768/735 694/694/661
f 770/770/737 772/772/739 771/771/738
f 772/772/739 773/773/740 771/771/738
f 773/773/740 35/35/35 771/771/738
f 35/35/35 773/773/740 30/30/30
f 771/771/738 691/691/658 694/694/661
f 691/691/658 771/771/738 35/35/35
f 772/772/739 774/774/741 773/773/740
f 774/774/741 775/775/742 773/773/740
f 775/775/742 30/30/30 773/773/740
f 30/30/30 775/775/742 31/31/31
f 774/774/741 776/776/743 775/775/742
f 776/776/743 774/774/741 777/777/744
f 775/775/742 776/776/743 778/778/745
f 778/778/745 31/31/31 775/775/742
f 779/779/746 776/776/743 780/780/747
f 776/776/743 779/779/746 778/778/745
f 779/779/746 468/468/453 778/778/745
f 468/468/453 779/779/746 464/464/449
f 778/778/745 33/33/33 31/31/31
f 778/778/745 468/468/453 33/33/33
f 781/781/748 780/780/747 782/782/749
f 780/780/747 781/781/748 779/779/746
f 779/779/746 462/462/447 464/464/449
f 462/462/447 779/779/746 781/781/748
f 783/783/750 782/782/749 784/784/751
f 782/782/749 783/783/750 781/781/748
f 462/462/447 783/783/750 785/785/752
f 783/783/750 462/462/447 781/781/748
f 785/785/752 783/783/750 786/786/7
f 785/785/752 786/786/7 787/787/10
f 785/785/752 787/787/10 788/788/571
f 785/785/752 463/463/448 462/462/447
f 463/463/448 785/785/752 788/788/571
f 786/786/7 784/784/751 789/789/8
f 784/784/751 786/786/7 783/783/750
f 790/790/753 789/789/8 784/784/751
f 789/789/8 790/790/753 791/791/754
f 790/790/753 782/782/749 792/792/755
f 782/782/749 790/790/753 784/784/751
f 792/792/755 793/793/756 794/794/757
f 794/794/757 790/790/753 792/792/755
f 782/782/749 795/795/758 792/792/755
f 795/795/758 782/782/749 780/780/747
f 793/793/756 795/795/758 796/796/759
f 795/795/758 793/793/756 792/792/755
f 796/796/759 342/342/333 797/797/760
f 796/796/759 797/797/760 793/793/756
f 798/798/761 795/795/758 777/777/744
f 795/795/758 798/798/761 796/796/759
f 798/798/761 342/342/333 796/796/759
f 342/342/333 798/798/761 341/341/332
f 798/798/761 774/774/741 799/799/762
f 774/774/741 798/798/761 777/777/744
f 341/341/332 799/799/762 339/339/330
f 799/799/762 341/341/332 798/798/761
f 799/799/762 772/772/739 800/800/763
f 772/772/739 799/799/762 774/774/741
f 339/339/330 800/800/763 801/801/764
f 800/800/763 339/339/330 799/799/762
f 802/802/765 340/340/331 801/801/764
f 340/340/331 339/339/330 801/801/764
f 801/801/764 769/769/736 803/803/766
f 769/769/736 801/801/764 800/800/763
f 802/802/765 803/803/766 804/804/767
f 803/803/766 802/802/765 801/801/764
f 805/805/768 802/802/765 804/804/767
f 805/805/768 804/804/767 806/806/769
f 807/807/770 804/804/767 766/766/733
f 766/766/733 804/804/767 803/803/766
f 806/806/769 807/807/770 808/808/771
f 807/807/770 806/806/769 804/804/767
f 806/806/769 809/809/772 810/810/773
f 809/809/772 806/806/769 808/808/771
f 807/807/770 811/811/774 808/808/771
f 811/811/774 807/807/770 764/764/731
f 809/809/772 811/811/774 812/812/775
f 811/811/774 809/809/772 808/808/771
f 809/809/772 812/812/775 813/813/776
f 813/813/776 812/812/775 814/814/777
f 812/812/775 811/811/774 761/761/728
f 761/761/728 815/815/778 812/812/775
f 815/815/778 814/814/777 812/812/775
f 814/814/777 815/815/778 816/816/779
f 814/814/777 816/816/779 817/817/780
f 817/817/780 816/816/779 818/818/781
f 816/816/779 815/815/778 758/758/725
f 758/758/725 819/819/782 816/816/779
f 819/819/782 818/818/781 816/816/779
f 818/818/781 819/819/782 820/820/783
f 818/818/781 821/821/784 822/822/785
f 821/821/784 818/818/781 820/820/783
f 819/819/782 748/748/715 820/820/783
f 748/748/715 819/819/782 755/755/722
f 820/820/783 746/746/713 821/821/784
f 746/746/713 820/820/783 748/748/715
f 823/823/786 824/824/787 573/573/549
f 824/824/787 823/823/786 822/822/785
f 823/823/786 818/818/781 822/822/785
f 818/818/781 823/823/786 817/817/780
f 822/822/785 825/825/788 824/824/787
f 825/825/788 822/822/785 821/821/784
f 824/824/787 826/826/789 827/827/790
f 826/826/789 824/824/787 825/825/788
f 821/821/784 745/745/712 825/825/788
f 745/745/712 821/821/784 746/746/713
f 825/825/788 743/743/710 826/826/789
f 743/743/710 825/825/788 745/745/712
f 572/572/548 828/828/791 829/829/792
f 828/828/791 572/572/548 827/827/790
f 572/572/548 573/573/549 827/827/790
f 573/573/549 824/824/787 827/827/790
f 828/828/791 827/827/790 830/830/793
f 830/830/793 827/827/790 826/826/789
f 831/831/794 828/828/791 830/830/793
f 828/828/791 831/831/794 832/832/795
f 826/826/789 742/742/709 830/830/793
f 742/742/709 826/826/789 743/743/710
f 831/831/794 830/830/793 833/833/796
f 833/833/796 830/830/793 742/742/709
f 834/834/797 835/835/798 833/833/796
f 835/835/798 831/831/794 833/833/796
f 833/833/796 740/740/707 739/739/706
f 740/740/707 833/833/796 742/742/709
f 834/834/797 739/739/706 836/836/799
f 739/739/706 834/834/797 833/833/796
f 837/837/800 838/838/801 836/836/799
f 838/838/801 834/834/797 836/836/799
f 836/836/799 737/737/704 839/839/802
f 737/737/704 836/836/799 739/739/706
f 837/837/800 839/839/802 840/840/803
f 839/839/802 837/837/800 836/836/799
f 841/841/804 842/842/805 840/840/803
f 842/842/805 837/837/800 840/840/803
f 840/840/803 843/843/806 844/844/807
f 843/843/806 840/840/803 839/839/802
f 841/841/804 844/844/807 845/845/808
f 844/844/807 841/841/804 840/840/803
f 846/846/809 847/847/810 845/845/808
f 847/847/810 841/841/804 845/845/808
f 848/848/811 844/844/807 849/849/812
f 844/844/807 848/848/811 845/845/808
f 848/848/811 850/850/813 845/845/808
f 850/850/813 846/846/809 845/845/808
f 851/851/814 852/852/815 850/850/813
f 852/852/815 846/846/809 850/850/813
f 853/853/816 848/848/811 854/854/817
f 848/848/811 853/853/816 850/850/813
f 855/855/818 851/851/814 850/850/813
f 855/855/818 850/850/813 853/853/816
f 856/856/819 857/857/820 855/855/818
f 857/857/820 851/851/814 855/855/818
f 858/858/821 853/853/816 859/859/822
f 853/853/816 858/858/821 855/855/818
f 856/856/819 858/858/821 860/860/823
f 858/858/821 856/856/819 855/855/818
f 861/861/824 862/862/825 860/860/823
f 862/862/825 856/856/819 860/860/823
f 860/860/823 863/863/826 252/252/245
f 863/863/826 860/860/823 858/858/821
f 861/861/824 252/252/245 248/248/241
f 252/252/245 861/861/824 860/860/823
f 858/858/821 864/864/827 863/863/826
f 864/864/827 858/858/821 859/859/822
f 863/863/826 865/865/828 866/866/829
f 865/865/828 863/863/826 864/864/827
f 252/252/245 866/866/829 251/251/244
f 866/866/829 252/252/245 863/863/826
f 866/866/829 867/867/830 868/868/831
f 867/867/830 866/866/829 865/865/828
f 251/251/244 868/868/831 250/250/243
f 868/868/831 251/251/244 866/866/829
f 250/250/243 869/869/832 870/870/833
f 869/869/832 250/250/243 868/868/831
f 868/868/831 871/871/834 869/869/832
f 871/871/834 868/868/831 867/867/830
f 869/869/832 872/872/835 873/873/836
f 872/872/835 869/869/832 871/871/834
f 867/867/830 874/874/837 871/871/834
f 874/874/837 867/867/830 215/215/211
f 871/871/834 875/875/838 872/872/835
f 875/875/838 871/871/834 874/874/837
f 872/872/835 876/876/839 629/629/603
f 876/876/839 872/872/835 875/875/838
f 875/875/838 877/877/840 878/878/841
f 877/877/840 875/875/838 874/874/837
f 876/876/839 878/878/841 879/879/842
f 878/878/841 876/876/839 875/875/838
f 876/876/839 640/640/614 632/632/606
f 640/640/614 876/876/839 879/879/842
f 878/878/841 643/643/617 879/879/842
f 643/643/617 878/878/841 880/880/843
f 640/640/614 879/879/842 639/639/613
f 639/639/613 879/879/842 643/643/617
f 878/878/841 337/337/328 880/880/843
f 337/337/328 878/878/841 877/877/840
f 880/880/843 335/335/326 881/881/844
f 335/335/326 880/880/843 337/337/328
f 643/643/617 881/881/844 642/642/616
f 881/881/844 643/643/617 880/880/843
f 882/882/845 335/335/326 336/336/327
f 335/335/326 882/882/845 881/881/844
f 882/882/845 645/645/619 881/881/844
f 645/645/619 642/642/616 881/881/844
f 728/728/695 336/336/327 727/727/694
f 336/336/327 728/728/695 882/882/845
f 728/728/695 647/647/621 882/882/845
f 647/647/621 645/645/619 882/882/845
f 874/874/837 215/215/211 877/877/840
f 215/215/211 214/214/210 877/877/840
f 337/337/328 214/214/210 219/219/215
f 214/214/210 337/337/328 877/877/840
f 629/629/603 632/632/606 628/628/602
f 632/632/606 629/629/603 876/876/839
f 883/883/846 627/627/601 625/625/599
f 627/627/601 883/883/846 873/873/836
f 883/883/846 870/870/833 873/873/836
f 870/870/833 869/869/832 873/873/836
f 873/873/836 629/629/603 627/627/601
f 629/629/603 873/873/836 872/872/835
f 625/625/599 884/884/847 883/883/846
f 884/884/847 625/625/599 623/623/597
f 883/883/846 884/884/847 885/885/848
f 885/885/848 870/870/833 883/883/846
f 884/884/847 886/886/849 885/885/848
f 886/886/849 884/884/847 887/887/850
f 885/885/848 886/886/849 244/244/237
f 244/244/237 243/243/236 885/885/848
f 243/243/236 870/870/833 885/885/848
f 870/870/833 243/243/236 250/250/243
f 887/887/850 888/888/851 886/886/849
f 888/888/851 887/887/850 889/889/852
f 886/886/849 888/888/851 890/890/853
f 886/886/849 890/890/853 244/244/237
f 888/888/851 891/891/854 890/890/853
f 891/891/854 892/892/855 890/890/853
f 890/890/853 892/892/855 893/893/856
f 890/890/853 893/893/856 894/894/857
f 244/244/237 894/894/857 242/242/235
f 894/894/857 244/244/237 890/890/853
f 893/893/856 895/895/858 894/894/857
f 895/895/858 893/893/856 896/896/859
f 242/242/235 895/895/858 246/246/239
f 895/895/858 242/242/235 894/894/857
f 896/896/859 897/897/860 895/895/858
f 897/897/860 896/896/859 898/898/861
f 895/895/858 899/899/862 246/246/239
f 899/899/862 895/895/858 897/897/860
f 897/897/860 518/518/496 899/899/862
f 518/518/496 897/897/860 516/516/494
f 899/899/862 900/900/863 901/901/864
f 900/900/863 899/899/862 518/518/496
f 246/246/239 901/901/864 247/247/240
f 901/901/864 246/246/239 899/899/862
f 902/902/865 900/900/863 903/903/866
f 900/900/863 902/902/865 901/901/864
f 902/902/865 249/249/242 901/901/864
f 249/249/242 247/247/240 901/901/864
f 904/904/867 903/903/866 905/905/868
f 903/903/866 904/904/867 902/902/865
f 904/904/867 249/249/242 902/902/865
f 249/249/242 904/904/867 906/906/869
f 142/142/138 904/904/867 140/140/136
f 904/904/867 142/142/138 906/906/869
f 142/142/138 861/861/824 906/906/869
f 861/861/824 142/142/138 862/862/825
f 906/906/869 861/861/824 248/248/241
f 906/906/869 248/248/241 249/249/242
f 140/140/136 905/905/868 138/138/134
f 905/905/868 140/140/136 904/904/867
f 905/905/868 903/903/866 907/907/870
f 905/905/868 907/907/870 908/908/871
f 138/138/134 908/908/871 909/909/872
f 908/908/871 138/138/134 905/905/868
f 909/909/872 908/908/871 910/910/873
f 909/909/872 910/910/873 911/911/874
f 911/911/874 912/912/875 909/909/872
f 912/912/875 911/911/874 913/913/876
f 138/138/134 909/909/872 141/141/137
f 141/141/137 909/909/872 912/912/875
f 914/914/877 913/913/876 915/915/878
f 913/913/876 914/914/877 912/912/875
f 141/141/137 914/914/877 144/144/140
f 914/914/877 141/141/137 912/912/875
f 916/916/879 915/915/878 917/917/880
f 915/915/878 916/916/879 914/914/877
f 914/914/877 918/918/881 144/144/140
f 918/918/881 914/914/877 916/916/879
f 916/916/879 919/919/882 918/918/881
f 919/919/882 916/916/879 920/920/883
f 918/918/881 857/857/820 921/921/884
f 857/857/820 918/918/881 919/919/882
f 144/144/140 921/921/884 143/143/139
f 921/921/884 144/144/140 918/918/881
f 921/921/884 856/856/819 862/862/825
f 856/856/819 921/921/884 857/857/820
f 143/143/139 862/862/825 142/142/138
f 862/862/825 143/143/139 921/921/884
f 922/922/885 919/919/882 920/920/883
f 919/919/882 922/922/885 852/852/815
f 857/857/820 852/852/815 851/851/814
f 852/852/815 857/857/820 919/919/882
f 922/922/885 920/920/883 923/923/886
f 923/923/886 924/924/887 922/922/885
f 924/924/887 847/847/810 922/922/885
f 847/847/810 924/924/887 925/925/888
f 852/852/815 847/847/810 846/846/809
f 847/847/810 852/852/815 922/922/885
f 925/925/888 924/924/887 926/926/889
f 926/926/889 927/927/890 925/925/888
f 927/927/890 842/842/805 925/925/888
f 842/842/805 927/927/890 928/928/891
f 925/925/888 841/841/804 847/847/810
f 841/841/804 925/925/888 842/842/805
f 928/928/891 927/927/890 929/929/892
f 928/928/891 929/929/892 930/930/893
f 930/930/893 838/838/801 928/928/891
f 838/838/801 930/930/893 931/931/894
f 928/928/891 837/837/800 842/842/805
f 837/837/800 928/928/891 838/838/801
f 931/931/894 930/930/893 932/932/895
f 932/932/895 933/933/896 931/931/894
f 933/933/896 835/835/798 931/931/894
f 835/835/798 933/933/896 934/934/897
f 931/931/894 834/834/797 838/838/801
f 834/834/797 931/931/894 835/835/798
f 934/934/897 933/933/896 935/935/898
f 935/935/898 936/936/899 934/934/897
f 936/936/899 832/832/795 934/934/897
f 832/832/795 936/936/899 937/937/900
f 835/835/798 832/832/795 831/831/794
f 832/832/795 835/835/798 934/934/897
f 936/936/899 938/938/901 937/937/900
f 938/938/901 939/939/902 937/937/900
f 937/937/900 939/939/902 940/940/903
f 937/937/900 940/940/903 829/829/792
f 832/832/795 829/829/792 828/828/791
f 829/829/792 832/832/795 937/937/900
f 939/939/902 941/941/904 940/940/903
f 941/941/904 939/939/902 942/942/905
f 940/940/903 941/941/904 571/571/547
f 571/571/547 569/569/545 940/940/903
f 569/569/545 829/829/792 940/940/903
f 829/829/792 569/569/545 572/572/548
f 942/942/905 943/943/906 941/941/904
f 943/943/906 942/942/905 944/944/907
f 941/941/904 945/945/908 571/571/547
f 941/941/904 943/943/906 945/945/908
f 943/943/906 83/83/83 945/945/908
f 83/83/83 943/943/906 372/372/360
f 945/945/908 84/84/84 946/946/909
f 945/945/908 83/83/83 84/84/84
f 571/571/547 946/946/909 570/570/546
f 946/946/909 571/571/547 945/945/908
f 946/946/909 85/85/85 947/947/910
f 85/85/85 946/946/909 84/84/84
f 570/570/546 947/947/910 948/948/911
f 947/947/910 570/570/546 946/946/909
f 948/948/911 949/949/912 950/950/913
f 949/949/912 948/948/911 947/947/910
f 951/951/914 950/950/913 952/952/915
f 950/950/913 951/951/914 948/948/911
f 951/951/914 567/567/543 948/948/911
f 567/567/543 570/570/546 948/948/911
f 953/953/916 952/952/915 954/954/917
f 952/952/915 953/953/916 951/951/914
f 951/951/914 953/953/916 568/568/544
f 568/568/544 567/567/543 951/951/914
f 955/955/918 954/954/917 17/17/17
f 954/954/917 955/955/918 953/953/916
f 953/953/916 955/955/918 956/956/919
f 956/956/919 568/568/544 953/953/916
f 955/955/918 957/957/920 956/956/919
f 957/957/920 955/955/918 958/958/921
f 957/957/920 959/959/922 956/956/919
f 959/959/922 957/957/920 960/960/923
f 959/959/922 568/568/544 956/956/919
f 568/568/544 959/959/922 566/566/542
f 960/960/923 823/823/786 959/959/922
f 823/823/786 960/960/923 817/817/780
f 566/566/542 823/823/786 573/573/549
f 823/823/786 566/566/542 959/959/922
f 957/957/920 813/813/776 960/960/923
f 813/813/776 957/957/920 961/961/924
f 813/813/776 817/817/780 960/960/923
f 817/817/780 813/813/776 814/814/777
f 962/962/925 961/961/924 958/958/921
f 958/958/921 961/961/924 957/957/920
f 962/962/925 963/963/926 961/961/924
f 963/963/926 810/810/773 961/961/924
f 961/961/924 810/810/773 809/809/772
f 961/961/924 809/809/772 813/813/776
f 964/964/927 962/962/925 19/19/19
f 962/962/925 964/964/927 963/963/926
f 964/964/927 344/344/335 963/963/926
f 344/344/335 805/805/768 963/963/926
f 805/805/768 810/810/773 963/963/926
f 810/810/773 805/805/768 806/806/769
f 965/965/928 19/19/19 18/18/18
f 19/19/19 965/965/928 964/964/927
f 965/965/928 343/343/334 964/964/927
f 343/343/334 344/344/335 964/964/927
f 797/797/760 18/18/18 20/20/20
f 18/18/18 797/797/760 965/965/928
f 342/342/333 343/343/334 965/965/928
f 342/342/333 965/965/928 797/797/760
f 19/19/19 958/958/921 16/16/16
f 958/958/921 19/19/19 962/962/925
f 16/16/16 958/958/921 17/17/17
f 17/17/17 958/958/921 955/955/918
f 966/966/929 954/954/917 967/967/930
f 967/967/930 954/954/917 952/952/915
f 966/966/929 17/17/17 954/954/917
f 17/17/17 966/966/929 15/15/15
f 968/968/931 967/967/930 969/969/932
f 967/967/930 968/968/931 966/966/929
f 968/968/931 12/12/12 966/966/929
f 12/12/12 15/15/15 966/966/929
f 970/970/933 969/969/932 971/971/934
f 969/969/932 970/970/933 968/968/931
f 970/970/933 972/972/935 968/968/931
f 972/972/935 12/12/12 968/968/931
f 973/973/935 974/974/936 975/975/937
f 974/974/936 973/973/935 976/976/933
f 975/975/937 977/977/938 973/973/935
f 977/977/938 975/975/937 978/978/939
f 972/972/935 13/13/13 12/12/12
f 13/13/13 972/972/935 979/979/938
f 978/978/939 980/980/940 977/977/938
f 980/980/940 978/978/939 385/385/373
f 13/13/13 979/979/938 22/22/22
f 22/22/22 979/979/938 981/981/940
f 982/982/941 385/385/373 379/379/367
f 385/385/373 982/982/941 980/980/940
f 981/981/940 983/983/942 22/22/22
f 984/984/943 985/985/942 986/986/944
f 982/982/941 986/986/944 985/985/942
f 983/983/942 791/791/754 987/987/945
f 22/22/22 987/987/945 21/21/21
f 987/987/945 22/22/22 983/983/942
f 987/987/945 790/790/753 794/794/757
f 790/790/753 987/987/945 791/791/754
f 21/21/21 794/794/757 20/20/20
f 794/794/757 21/21/21 987/987/945
f 986/986/944 5/5/5 984/984/943
f 5/5/5 986/986/944 6/6/6
f 984/984/943 5/5/5 8/8/8
f 984/984/943 8/8/8 988/988/754
f 380/380/368 982/982/941 379/379/367
f 982/982/941 380/380/368 986/986/944
f 380/380/368 6/6/6 986/986/944
f 6/6/6 380/380/368 989/989/946
f 989/989/946 380/380/368 375/375/363
f 375/375/363 990/990/947 989/989/946
f 200/200/196 990/990/947 204/204/200
f 990/990/947 200/200/196 989/989/946
f 989/989/946 1/1/1 6/6/6
f 1/1/1 989/989/946 200/200/196
f 377/377/365 991/991/948 990/990/947
f 377/377/365 990/990/947 375/375/363
f 204/204/200 991/991/948 992/992/949
f 991/991/948 204/204/200 990/990/947
f 992/992/949 991/991/948 993/993/950
f 992/992/949 993/993/950 994/994/951
f 992/992/949 995/995/952 996/996/953
f 995/995/952 992/992/949 994/994/951
f 204/204/200 996/996/953 203/203/199
f 996/996/953 204/204/200 992/992/949
f 995/995/952 997/997/954 996/996/953
f 997/997/954 995/995/952 998/998/955
f 996/996/953 997/997/954 999/999/956
f 999/999/956 203/203/199 996/996/953
f 999/999/956 202/202/198 203/203/199
f 202/202/198 999/999/956 1000/1000/957
f 1001/1001/958 999/999/956 1002/1002/959
f 997/997/954 1002/1002/959 999/999/956
f 1001/1001/958 1000/1000/957 999/999/956
f 1000/1000/957 1001/1001/958 1003/1003/960
f 1003/1003/960 1004/1004/961 1000/1000/957
f 1004/1004/961 1003/1003/960 1005/1005/962
f 1006/1006/963 1007/1007/960 548/548/524
f 1008/1008/958 548/548/524 1007/1007/960
f 1009/1009/962 1006/1006/963 1010/1010/964
f 1006/1006/963 1009/1009/962 1007/1007/960
f 1011/1011/965 1009/1009/962 1010/1010/964
f 1009/1009/962 1011/1011/965 1012/1012/966
f 1010/1010/964 1013/1013/967 1014/1014/968
f 1013/1013/967 1010/1010/964 1006/1006/963
f 1015/1015/969 1011/1011/965 1010/1010/964
f 1015/1015/969 1010/1010/964 1014/1014/968
f 1016/1016/970 1011/1011/965 1015/1015/969
f 1011/1011/965 1016/1016/970 1017/1017/971
f 1018/1018/972 1014/1014/968 1019/1019/973
f 1014/1014/968 1018/1018/972 1015/1015/969
f 1016/1016/970 1018/1018/972 1020/1020/974
f 1018/1018/972 1016/1016/970 1015/1015/969
f 1016/1016/970 1020/1020/974 1021/1021/975
f 1022/1022/976 1021/1021/975 1020/1020/974
f 1020/1020/974 1023/1023/977 1024/1024/978
f 1023/1023/977 1020/1020/974 1018/1018/972
f 1020/1020/974 1024/1024/978 1022/1022/976
f 1025/1025/979 1026/1026/980 1027/1027/981
f 1026/1026/980 1028/1028/976 1027/1027/981
f 67/67/67 1029/1029/978 65/65/65
f 1029/1029/978 67/67/67 1027/1027/981
f 1030/1030/982 1025/1025/979 1027/1027/981
f 1030/1030/982 1027/1027/981 67/67/67
f 1031/1031/983 1025/1025/979 1030/1030/982
f 1025/1025/979 1031/1031/983 1032/1032/984
f 67/67/67 1033/1033/985 1030/1030/982
f 1033/1033/985 67/67/67 69/69/69
f 1031/1031/983 1033/1033/985 1034/1034/986
f 1033/1033/985 1031/1031/983 1030/1030/982
f 1031/1031/983 1034/1034/986 1035/1035/987
f 1035/1035/987 1034/1034/986 1036/1036/988
f 1037/1037/989 1034/1034/986 1033/1033/985
f 1036/1036/988 1038/1038/990 1039/1039/991
f 1038/1038/990 1036/1036/988 1034/1034/986
f 1039/1039/991 1040/1040/992 1036/1036/988
f 1040/1040/992 1039/1039/991 1041/1041/993
f 1039/1039/991 1038/1038/990 1042/1042/994
f 1042/1042/994 1043/1043/995 1039/1039/991
f 1044/1044/996 1039/1039/991 1043/1043/995
f 1039/1039/991 1044/1044/996 1041/1041/993
f 1044/1044/996 1045/1045/997 1041/1041/993
f 1045/1045/997 1044/1044/996 1046/1046/998
f 1043/1043/995 1047/1047/999 1044/1044/996
f 1047/1047/999 1043/1043/995 1048/1048/1000
f 1044/1044/996 1049/1049/1001 1046/1046/998
f 1049/1049/1001 1044/1044/996 1047/1047/999
f 1046/1046/998 1050/1050/1002 1051/1051/1003
f 1050/1050/1002 1046/1046/998 1049/1049/1001
f 1047/1047/999 1052/1052/1004 1049/1049/1001
f 1052/1052/1004 1047/1047/999 277/277/270
f 1052/1052/1004 1050/1050/1002 1049/1049/1001
f 1050/1050/1002 1052/1052/1004 1053/1053/1005
f 1050/1050/1002 1054/1054/1006 1055/1055/1007
f 1054/1054/1006 1050/1050/1002 1053/1053/1005
f 1052/1052/1004 1056/1056/1008 1053/1053/1005
f 1056/1056/1008 1057/1057/1009 1053/1053/1005
f 1057/1057/1009 1054/1054/1006 1053/1053/1005
f 1054/1054/1006 1057/1057/1009 1058/1058/1010
f 364/364/352 1054/1054/1006 1058/1058/1010
f 1054/1054/1006 364/364/352 1059/1059/1011
f 1060/1060/1012 1058/1058/1010 1057/1057/1009
f 1058/1058/1010 1060/1060/1012 1061/1061/1013
f 364/364/352 1058/1058/1010 367/367/355
f 367/367/355 1058/1058/1010 1061/1061/1013
f 1062/1062/1014 1061/1061/1013 1060/1060/1012
f 1061/1061/1013 1062/1062/1014 1063/1063/1015
f 367/367/355 1063/1063/1015 368/368/356
f 1063/1063/1015 367/367/355 1061/1061/1013
f 1063/1063/1015 1064/1064/1016 1065/1065/1017
f 1064/1064/1016 1063/1063/1015 1062/1062/1014
f 368/368/356 1065/1065/1017 502/502/484
f 1065/1065/1017 368/368/356 1063/1063/1015
f 1066/1066/1018 1064/1064/1016 1067/1067/1019
f 1064/1064/1016 1066/1066/1018 1065/1065/1017
f 502/502/484 1065/1065/1017 500/500/482
f 500/500/482 1065/1065/1017 1066/1066/1018
f 1068/1068/303 1067/1067/1019 1069/1069/1020
f 1067/1067/1019 1068/1068/303 1066/1066/1018
f 500/500/482 1066/1066/1018 504/504/304
f 504/504/304 1066/1066/1018 1068/1068/303
f 1067/1067/1019 1070/1070/1021 1069/1069/1020
f 1069/1069/1020 1070/1070/1021 1071/1071/1022
f 1072/1072/1023 1073/1073/1024 1074/1074/1020
f 1072/1072/1023 1074/1074/1020 1075/1075/1022
f 1073/1073/1024 310/310/301 1074/1074/1020
f 310/310/301 312/312/303 1074/1074/1020
f 1076/1076/1025 1077/1077/1026 1073/1073/1024
f 1076/1076/1025 1073/1073/1024 1072/1072/1023
f 1077/1077/1026 311/311/302 1073/1073/1024
f 311/311/302 310/310/301 1073/1073/1024
f 1076/1076/1025 27/27/27 1077/1077/1026
f 27/27/27 1076/1076/1025 1078/1078/1027
f 1077/1077/1026 27/27/27 25/25/25
f 25/25/25 311/311/302 1077/1077/1026
f 1079/1079/1028 1076/1076/1025 1080/1080/1029
f 1076/1076/1025 1079/1079/1028 1078/1078/1027
f 1079/1079/1028 1081/1081/1030 1078/1078/1027
f 1081/1081/1030 1079/1079/1028 1082/1082/1031
f 1078/1078/1027 1081/1081/1030 28/28/28
f 1078/1078/1027 28/28/28 27/27/27
f 1082/1082/1031 1083/1083/1032 1081/1081/1030
f 1083/1083/1032 1082/1082/1031 1084/1084/1033
f 1081/1081/1030 1083/1083/1032 29/29/29
f 1081/1081/1030 29/29/29 28/28/28
f 1084/1084/1033 101/101/101 1083/1083/1032
f 101/101/101 1084/1084/1033 1085/1085/1034
f 1083/1083/1032 101/101/101 103/103/103
f 103/103/103 29/29/29 1083/1083/1032
f 1084/1084/1033 1086/1086/1035 1085/1085/1034
f 1086/1086/1035 1087/1087/1036 1085/1085/1034
f 1087/1087/1036 1088/1088/1037 1085/1085/1034
f 1088/1088/1037 1087/1087/1036 1089/1089/1038
f 1085/1085/1034 102/102/102 101/101/101
f 102/102/102 1085/1085/1034 1088/1088/1037
f 1089/1089/1038 1090/1090/1039 1088/1088/1037
f 1090/1090/1039 1089/1089/1038 1091/1091/1040
f 1088/1088/1037 1092/1092/1041 102/102/102
f 1092/1092/1041 1088/1088/1037 1090/1090/1039
f 102/102/102 1093/1093/1042 98/98/98
f 1093/1093/1042 102/102/102 1092/1092/1041
f 1090/1090/1039 1094/1094/1043 1092/1092/1041
f 1094/1094/1043 1090/1090/1039 1095/1095/1044
f 1092/1092/1041 1096/1096/1045 1093/1093/1042
f 1096/1096/1045 1092/1092/1041 1094/1094/1043
f 1093/1093/1042 1097/1097/1046 1098/1098/1047
f 1097/1097/1046 1093/1093/1042 1096/1096/1045
f 1094/1094/1043 1099/1099/1048 1096/1096/1045
f 1099/1099/1048 1094/1094/1043 1100/1100/1049
f 1096/1096/1045 1101/1101/1050 1097/1097/1046
f 1101/1101/1050 1096/1096/1045 1099/1099/1048
f 1097/1097/1046 157/157/153 156/156/152
f 157/157/153 1097/1097/1046 1101/1101/1050
f 1099/1099/1048 1102/1102/1051 1101/1101/1050
f 1102/1102/1051 1099/1099/1048 1103/1103/1052
f 1101/1101/1050 1104/1104/1053 157/157/153
f 1104/1104/1053 1101/1101/1050 1102/1102/1051
f 157/157/153 1105/1105/1054 153/153/149
f 1105/1105/1054 157/157/153 1104/1104/1053
f 1102/1102/1051 1106/1106/1055 1104/1104/1053
f 1106/1106/1055 1102/1102/1051 1107/1107/1056
f 1108/1108/1057 1104/1104/1053 1106/1106/1055
f 1104/1104/1053 1108/1108/1057 1105/1105/1054
f 1105/1105/1054 1109/1109/1058 1110/1110/1059
f 1109/1109/1058 1105/1105/1054 1108/1108/1057
f 1106/1106/1055 1111/1111/1060 1108/1108/1057
f 1111/1111/1060 1106/1106/1055 1112/1112/1061
f 1113/1113/1062 1108/1108/1057 1111/1111/1060
f 1108/1108/1057 1113/1113/1062 1109/1109/1058
f 1113/1113/1062 1114/1114/1063 1109/1109/1058
f 1114/1114/1063 1113/1113/1062 1115/1115/1064
f 1111/1111/1060 1116/1116/1065 1113/1113/1062
f 1116/1116/1065 1111/1111/1060 1117/1117/1066
f 1116/1116/1065 1115/1115/1064 1113/1113/1062
f 1115/1115/1064 1116/1116/1065 1118/1118/1067
f 1118/1118/1067 1119/1119/1068 1115/1115/1064
f 1119/1119/1068 1118/1118/1067 1120/1120/1069
f 1116/1116/1065 1121/1121/1070 1118/1118/1067
f 1121/1121/1070 1116/1116/1065 1122/1122/1071
f 1118/1118/1067 1121/1121/1070 1123/1123/1072
f 1118/1118/1067 1123/1123/1072 1120/1120/1069
f 1124/1124/1073 1120/1120/1069 1123/1123/1072
f 1120/1120/1069 1124/1124/1073 1125/1125/1074
f 1121/1121/1070 1126/1126/1075 1123/1123/1072
f 1126/1126/1075 1121/1121/1070 1127/1127/1076
f 1123/1123/1072 1126/1126/1075 1128/1128/1077
f 1128/1128/1077 1124/1124/1073 1123/1123/1072
f 1129/1129/471 1124/1124/1073 1128/1128/1077
f 1124/1124/1073 1129/1129/471 1130/1130/1078
f 1131/1131/1075 1132/1132/1079 1133/1133/1077
f 1132/1132/1079 1131/1131/1075 1134/1134/1080
f 1133/1133/1077 1132/1132/1079 482/482/467
f 1133/1133/1077 482/482/467 486/486/471
f 1134/1134/1080 320/320/311 1132/1132/1079
f 320/320/311 1134/1134/1080 319/319/310
f 1132/1132/1079 320/320/311 485/485/470
f 1132/1132/1079 485/485/470 482/482/467
f 1135/1135/1081 1131/1131/1075 1136/1136/1076
f 1131/1131/1075 1135/1135/1081 1134/1134/1080
f 1135/1135/1081 319/319/310 1134/1134/1080
f 319/319/310 1135/1135/1081 321/321/312
f 1137/1137/1082 1136/1136/1076 1138/1138/1083
f 1136/1136/1076 1137/1137/1082 1135/1135/1081
f 1137/1137/1082 321/321/312 1135/1135/1081
f 321/321/312 1137/1137/1082 1139/1139/1084
f 533/533/509 1137/1137/1082 1140/1140/1085
f 1137/1137/1082 533/533/509 1139/1139/1084
f 1139/1139/1084 533/533/509 88/88/88
f 88/88/88 87/87/87 1139/1139/1084
f 321/321/312 87/87/87 317/317/308
f 87/87/87 321/321/312 1139/1139/1084
f 1140/1140/1085 1138/1138/1083 1141/1141/1086
f 1138/1138/1083 1140/1140/1085 1137/1137/1082
f 1142/1142/1087 1141/1141/1086 1143/1143/1088
f 1141/1141/1086 1142/1142/1087 1140/1140/1085
f 1142/1142/1087 533/533/509 1140/1140/1085
f 533/533/509 1142/1142/1087 532/532/508
f 1142/1142/1087 1143/1143/1088 1144/1144/1089
f 1142/1142/1087 1144/1144/1089 536/536/512
f 536/536/512 532/532/508 1142/1142/1087
f 1145/1145/1090 424/424/412 422/422/410
f 424/424/412 1145/1145/1090 1146/1146/1089
f 1147/1147/1090 536/536/512 1144/1144/1089
f 536/536/512 1147/1147/1090 1148/1148/1091
f 1149/1149/1092 1148/1148/1091 1150/1150/1093
f 1147/1147/1090 1150/1150/1093 1148/1148/1091
f 1148/1148/1091 617/617/591 619/619/593
f 617/617/591 1148/1148/1091 1149/1149/1092
f 619/619/593 536/536/512 1148/1148/1091
f 536/536/512 619/619/593 535/535/511
f 1150/1150/1093 1151/1151/1094 1149/1149/1092
f 1151/1151/1094 1150/1150/1093 1152/1152/1095
f 1149/1149/1092 1153/1153/1096 617/617/591
f 1153/1153/1096 1149/1149/1092 1151/1151/1094
f 1151/1151/1094 889/889/852 1153/1153/1096
f 889/889/852 1151/1151/1094 1154/1154/1097
f 622/622/596 889/889/852 887/887/850
f 889/889/852 622/622/596 1153/1153/1096
f 617/617/591 622/622/596 620/620/594
f 622/622/596 617/617/591 1153/1153/1096
f 1154/1154/1097 1151/1151/1094 1152/1152/1095
f 1152/1152/1095 1155/1155/1098 1154/1154/1097
f 1155/1155/1098 891/891/854 1154/1154/1097
f 891/891/854 1155/1155/1098 1156/1156/1099
f 1154/1154/1097 888/888/851 889/889/852
f 888/888/851 1154/1154/1097 891/891/854
f 1157/1157/1098 1158/1158/1100 1159/1159/1099
f 1158/1158/1100 1157/1157/1098 1160/1160/1101
f 1161/1161/1102 1159/1159/1099 1158/1158/1100
f 1159/1159/1099 1161/1161/1102 1162/1162/1103
f 1156/1156/1099 892/892/855 891/891/854
f 892/892/855 1156/1156/1099 1163/1163/1103
f 1162/1162/1103 1161/1161/1102 1164/1164/1104
f 1162/1162/1103 1164/1164/1104 1165/1165/1105
f 1163/1163/1103 893/893/856 892/892/855
f 893/893/856 1163/1163/1103 1166/1166/1105
f 1164/1164/1104 1167/1167/1106 1165/1165/1105
f 1167/1167/1106 1164/1164/1104 1168/1168/1107
f 1166/1166/1105 896/896/859 893/893/856
f 896/896/859 1166/1166/1105 1167/1167/1106
f 1168/1168/1107 1169/1169/1108 1167/1167/1106
f 1169/1169/1108 1168/1168/1107 1170/1170/1109
f 1167/1167/1106 898/898/861 896/896/859
f 898/898/861 1167/1167/1106 1169/1169/1108
f 1170/1170/1109 1171/1171/1110 1169/1169/1108
f 1171/1171/1110 1170/1170/1109 1172/1172/1111
f 1169/1169/1108 517/517/495 898/898/861
f 517/517/495 1169/1169/1108 1171/1171/1110
f 1172/1172/1111 1173/1173/1112 1171/1171/1110
f 1173/1173/1112 1172/1172/1111 1174/1174/1113
f 1171/1171/1110 394/394/382 517/517/495
f 394/394/382 1171/1171/1110 1173/1173/1112
f 1174/1174/1113 1175/1175/1114 1173/1173/1112
f 1175/1175/1114 1174/1174/1113 1176/1176/1115
f 1173/1173/1112 390/390/378 394/394/382
f 390/390/378 1173/1173/1112 1175/1175/1114
f 1175/1175/1114 1176/1176/1115 1177/1177/1116
f 1175/1175/1114 1177/1177/1116 1178/1178/1117
f 1175/1175/1114 391/391/379 390/390/378
f 391/391/379 1175/1175/1114 1178/1178/1117
f 1178/1178/1117 1177/1177/1116 56/56/56
f 56/56/56 55/55/55 1178/1178/1117
f 1178/1178/1117 55/55/55 62/62/62
f 1178/1178/1117 62/62/62 391/391/379
f 1176/1176/1115 1179/1179/1118 1177/1177/1116
f 1179/1179/1118 1176/1176/1115 1180/1180/1119
f 1177/1177/1116 1179/1179/1118 1181/1181/1120
f 1177/1177/1116 1181/1181/1120 56/56/56
f 1182/1182/1121 1179/1179/1118 1183/1183/1122
f 1179/1179/1118 1182/1182/1121 1181/1181/1120
f 1181/1181/1120 1182/1182/1121 1184/1184/1123
f 1181/1181/1120 1184/1184/1123 1185/1185/1124
f 56/56/56 1185/1185/1124 57/57/57
f 1185/1185/1124 56/56/56 1181/1181/1120
f 1185/1185/1124 1186/1186/1125 1187/1187/1126
f 1185/1185/1124 1184/1184/1123 1186/1186/1125
f 57/57/57 1187/1187/1126 1188/1188/1127
f 1187/1187/1126 57/57/57 1185/1185/1124
f 1188/1188/1127 1189/1189/1128 1190/1190/1129
f 1188/1188/1127 1187/1187/1126 1189/1189/1128
f 1191/1191/1130 1190/1190/1129 1192/1192/1131
f 1190/1190/1129 1191/1191/1130 1188/1188/1127
f 57/57/57 1188/1188/1127 58/58/58
f 58/58/58 1188/1188/1127 1191/1191/1130
f 1193/1193/1132 1192/1192/1131 1194/1194/1133
f 1192/1192/1131 1193/1193/1132 1191/1191/1130
f 58/58/58 1191/1191/1130 60/60/60
f 60/60/60 1191/1191/1130 1193/1193/1132
f 1195/1195/1134 1194/1194/1133 1196/1196/1135
f 1194/1194/1133 1195/1195/1134 1193/1193/1132
f 60/60/60 1193/1193/1132 1197/1197/1136
f 1197/1197/1136 1193/1193/1132 1195/1195/1134
f 1198/1198/1137 1195/1195/1134 1199/1199/1138
f 1195/1195/1134 1198/1198/1137 1197/1197/1136
f 406/406/394 1197/1197/1136 1200/1200/1139
f 1200/1200/1139 1197/1197/1136 1198/1198/1137
f 406/406/394 60/60/60 1197/1197/1136
f 60/60/60 406/406/394 59/59/59
f 1201/1201/1140 1198/1198/1137 1202/1202/1141
f 1198/1198/1137 1201/1201/1140 1200/1200/1139
f 1203/1203/1142 1201/1201/1140 1204/1204/1143
f 1201/1201/1140 1203/1203/1142 1200/1200/1139
f 1200/1200/1139 1203/1203/1142 404/404/392
f 404/404/392 406/406/394 1200/1200/1139
f 1205/1205/1144 1204/1204/1143 1206/1206/1145
f 1204/1204/1143 1205/1205/1144 1203/1203/1142
f 1205/1205/1144 405/405/393 1203/1203/1142
f 405/405/393 404/404/392 1203/1203/1142
f 1205/1205/1144 515/515/493 395/395/383
f 515/515/493 1205/1205/1144 1206/1206/1145
f 392/392/380 405/405/393 1205/1205/1144
f 392/392/380 1205/1205/1144 395/395/383
f 1206/1206/1145 1207/1207/1146 1208/1208/1147
f 1207/1207/1146 1206/1206/1145 1204/1204/1143
f 515/515/493 1206/1206/1145 1209/1209/1148
f 1209/1209/1148 1206/1206/1145 1208/1208/1147
f 1210/1210/1149 1208/1208/1147 1211/1211/1150
f 1208/1208/1147 1210/1210/1149 1209/1209/1148
f 1212/1212/1151 1209/1209/1148 907/907/870
f 907/907/870 1209/1209/1148 1210/1210/1149
f 515/515/493 1212/1212/1151 514/514/492
f 1212/1212/1151 515/515/493 1209/1209/1148
f 900/900/863 1212/1212/1151 903/903/866
f 903/903/866 1212/1212/1151 907/907/870
f 900/900/863 514/514/492 1212/1212/1151
f 514/514/492 900/900/863 518/518/496
f 910/910/873 1211/1211/1150 1213/1213/1152
f 1211/1211/1150 910/910/873 1210/1210/1149
f 907/907/870 1210/1210/1149 908/908/871
f 908/908/871 1210/1210/1149 910/910/873
f 1214/1214/1153 1213/1213/1152 1211/1211/1150
f 1213/1213/1152 1214/1214/1153 1215/1215/1154
f 1216/1216/1155 1215/1215/1154 1217/1217/1156
f 1215/1215/1154 1216/1216/1155 1213/1213/1152
f 910/910/873 1213/1213/1152 911/911/874
f 911/911/874 1213/1213/1152 1216/1216/1155
f 1216/1216/1155 1218/1218/1157 1219/1219/1158
f 1218/1218/1157 1216/1216/1155 1217/1217/1156
f 911/911/874 1216/1216/1155 913/913/876
f 913/913/876 1216/1216/1155 1219/1219/1158
f 1220/1220/1159 1218/1218/1157 1221/1221/1160
f 1218/1218/1157 1220/1220/1159 1219/1219/1158
f 913/913/876 1219/1219/1158 915/915/878
f 915/915/878 1219/1219/1158 1220/1220/1159
f 1222/1222/1161 1221/1221/1160 1223/1223/1162
f 1221/1221/1160 1222/1222/1161 1220/1220/1159
f 1220/1220/1159 917/917/880 915/915/878
f 917/917/880 1220/1220/1159 1222/1222/1161
f 1224/1224/1163 1223/1223/1162 1225/1225/1164
f 1223/1223/1162 1224/1224/1163 1222/1222/1161
f 917/917/880 1222/1222/1161 923/923/886
f 923/923/886 1222/1222/1161 1224/1224/1163
f 1224/1224/1163 1226/1226/1165 926/926/889
f 1226/1226/1165 1224/1224/1163 1225/1225/1164
f 1224/1224/1163 924/924/887 923/923/886
f 924/924/887 1224/1224/1163 926/926/889
f 1225/1225/1164 1227/1227/1166 1226/1226/1165
f 1227/1227/1166 1225/1225/1164 1228/1228/1167
f 1227/1227/1166 929/929/892 1226/1226/1165
f 929/929/892 1227/1227/1166 1229/1229/1168
f 926/926/889 929/929/892 927/927/890
f 929/929/892 926/926/889 1226/1226/1165
f 1229/1229/1168 1227/1227/1166 1230/1230/1169
f 1229/1229/1168 1230/1230/1169 1231/1231/1170
f 932/932/895 1231/1231/1170 1232/1232/1171
f 1231/1231/1170 932/932/895 1229/1229/1168
f 929/929/892 1229/1229/1168 930/930/893
f 930/930/893 1229/1229/1168 932/932/895
f 1232/1232/1171 1231/1231/1170 1233/1233/1172
f 1233/1233/1172 1234/1234/1173 1232/1232/1171
f 1234/1234/1173 935/935/898 1232/1232/1171
f 935/935/898 1234/1234/1173 1235/1235/1174
f 1232/1232/1171 933/933/896 932/932/895
f 933/933/896 1232/1232/1171 935/935/898
f 1235/1235/1174 1234/1234/1173 1236/1236/1175
f 1236/1236/1175 1237/1237/1176 1235/1235/1174
f 1237/1237/1176 938/938/901 1235/1235/1174
f 938/938/901 1237/1237/1176 1238/1238/1177
f 1235/1235/1174 936/936/899 935/935/898
f 936/936/899 1235/1235/1174 938/938/901
f 1238/1238/1177 1237/1237/1176 1239/1239/1178
f 1239/1239/1178 1240/1240/1179 1238/1238/1177
f 1240/1240/1179 942/942/905 1238/1238/1177
f 942/942/905 1240/1240/1179 944/944/907
f 938/938/901 942/942/905 939/939/902
f 942/942/905 938/938/901 1238/1238/1177
f 1240/1240/1179 1239/1239/1178 1241/1241/1180
f 1241/1241/1180 1242/1242/1181 1240/1240/1179
f 1242/1242/1181 944/944/907 1240/1240/1179
f 944/944/907 1242/1242/1181 373/373/361
f 1242/1242/1181 1241/1241/1180 1243/1243/1182
f 1243/1243/1182 1244/1244/1183 1242/1242/1181
f 1244/1244/1183 373/373/361 1242/1242/1181
f 373/373/361 1244/1244/1183 374/374/362
f 1244/1244/1183 1243/1243/1182 1245/1245/1184
f 1244/1244/1183 1245/1245/1184 1246/1246/1185
f 374/374/362 1246/1246/1185 1247/1247/1186
f 1246/1246/1185 374/374/362 1244/1244/1183
f 1247/1247/1186 1246/1246/1185 1248/1248/1187
f 1247/1247/1186 1248/1248/1187 1249/1249/1188
f 1247/1247/1186 1250/1250/1189 1251/1251/1190
f 1250/1250/1189 1247/1247/1186 1249/1249/1188
f 374/374/362 1251/1251/1190 371/371/359
f 1251/1251/1190 374/374/362 1247/1247/1186
f 1251/1251/1190 54/54/54 50/50/50
f 54/54/54 1251/1251/1190 1250/1250/1189
f 371/371/359 1251/1251/1190 51/51/51
f 51/51/51 1251/1251/1190 50/50/50
f 1249/1249/1188 1252/1252/1191 1250/1250/1189
f 1252/1252/1191 1249/1249/1188 1253/1253/1192
f 54/54/54 1252/1252/1191 159/159/155
f 1252/1252/1191 54/54/54 1250/1250/1189
f 1252/1252/1191 1253/1253/1192 1254/1254/1193
f 1252/1252/1191 1254/1254/1193 1255/1255/1194
f 1252/1252/1191 1256/1256/1195 159/159/155
f 1256/1256/1195 1252/1252/1191 1255/1255/1194
f 1255/1255/1194 1257/1257/1196 1256/1256/1195
f 1257/1257/1196 1255/1255/1194 1258/1258/1197
f 1256/1256/1195 1259/1259/1198 1260/1260/1199
f 1259/1259/1198 1256/1256/1195 1257/1257/1196
f 159/159/155 1260/1260/1199 53/53/53
f 1260/1260/1199 159/159/155 1256/1256/1195
f 1260/1260/1199 1261/1261/1200 1262/1262/1201
f 1261/1261/1200 1260/1260/1199 1259/1259/1198
f 53/53/53 1262/1262/1201 45/45/45
f 1262/1262/1201 53/53/53 1260/1260/1199
f 1262/1262/1201 1263/1263/1202 1264/1264/1203
f 1262/1262/1201 1261/1261/1200 1263/1263/1202
f 45/45/45 1264/1264/1203 46/46/46
f 1264/1264/1203 45/45/45 1262/1262/1201
f 1264/1264/1203 1263/1263/1202 1265/1265/1204
f 1265/1265/1204 1266/1266/1205 1264/1264/1203
f 1266/1266/1205 46/46/46 1264/1264/1203
f 46/46/46 1266/1266/1205 1267/1267/1206
f 1267/1267/1206 1266/1266/1205 1268/1268/1207
f 1268/1268/1207 1269/1269/1208 1267/1267/1206
f 1270/1270/1209 1269/1269/1208 1271/1271/1210
f 1269/1269/1208 1270/1270/1209 1267/1267/1206
f 47/47/47 46/46/46 1267/1267/1206
f 47/47/47 1267/1267/1206 1270/1270/1209
f 1272/1272/1211 1271/1271/1210 1273/1273/1212
f 1271/1271/1210 1272/1272/1211 1270/1270/1209
f 49/49/49 47/47/47 1270/1270/1209
f 49/49/49 1270/1270/1209 1272/1272/1211
f 1274/1274/1213 1272/1272/1211 1275/1275/384
f 1275/1275/384 1272/1272/1211 1273/1273/1212
f 49/49/49 1274/1274/1213 1276/1276/1214
f 1274/1274/1213 49/49/49 1272/1272/1211
f 1277/1277/1215 48/48/48 1276/1276/1214
f 48/48/48 49/49/49 1276/1276/1214
f 1278/1278/1216 1276/1276/1214 1279/1279/1217
f 1279/1279/1217 1276/1276/1214 1274/1274/1213
f 1277/1277/1215 1278/1278/1216 1280/1280/1218
f 1278/1278/1216 1277/1277/1215 1276/1276/1214
f 1281/1281/1219 1280/1280/1218 1282/1282/1220
f 1282/1282/1220 1280/1280/1218 1278/1278/1216
f 79/79/79 1281/1281/1219 85/85/85
f 1281/1281/1219 79/79/79 1280/1280/1218
f 79/79/79 1277/1277/1215 1280/1280/1218
f 1277/1277/1215 79/79/79 81/81/81
f 949/949/912 1281/1281/1219 1283/1283/1221
f 1283/1283/1221 1281/1281/1219 1282/1282/1220
f 949/949/912 85/85/85 1281/1281/1219
f 85/85/85 949/949/912 947/947/910
f 1284/1284/1222 1282/1282/1220 1285/1285/1223
f 1282/1282/1220 1284/1284/1222 1283/1283/1221
f 1286/1286/1224 1283/1283/1221 1287/1287/1225
f 1284/1284/1222 1287/1287/1225 1283/1283/1221
f 1286/1286/1224 949/949/912 1283/1283/1221
f 949/949/912 1286/1286/1224 950/950/913
f 967/967/930 1286/1286/1224 969/969/932
f 1287/1287/1225 969/969/932 1286/1286/1224
f 967/967/930 950/950/913 1286/1286/1224
f 950/950/913 967/967/930 952/952/915
f 1288/1288/1226 1284/1284/1222 1289/1289/1227
f 1284/1284/1222 1288/1288/1226 1287/1287/1225
f 1288/1288/1226 971/971/934 1287/1287/1225
f 971/971/934 969/969/932 1287/1287/1225
f 1290/1290/1228 1291/1291/1227 1292/1292/1229
f 1291/1291/1227 1290/1290/1228 1293/1293/1226
f 1293/1293/1226 1294/1294/1230 1295/1295/934
f 1294/1294/1230 1293/1293/1226 1290/1290/1228
f 1296/1296/1231 1290/1290/1228 1297/1297/1232
f 1290/1290/1228 1296/1296/1231 1294/1294/1230
f 974/974/936 1296/1296/1231 1298/1298/1233
f 1296/1296/1231 974/974/936 1294/1294/1230
f 974/974/936 976/976/933 1294/1294/1230
f 976/976/933 1295/1295/934 1294/1294/1230
f 1299/1299/1234 1296/1296/1231 1300/1300/1235
f 1296/1296/1231 1299/1299/1234 1298/1298/1233
f 1301/1301/1236 1299/1299/1234 1302/1302/1237
f 1299/1299/1234 1301/1301/1236 1298/1298/1233
f 974/974/936 1298/1298/1233 975/975/937
f 975/975/937 1298/1298/1233 1301/1301/1236
f 1301/1301/1236 1303/1303/1238 1304/1304/1239
f 1303/1303/1238 1301/1301/1236 1302/1302/1237
f 975/975/937 1301/1301/1236 978/978/939
f 978/978/939 1301/1301/1236 1304/1304/1239
f 1304/1304/1239 383/383/371 381/381/369
f 383/383/371 1304/1304/1239 1303/1303/1238
f 1304/1304/1239 385/385/373 978/978/939
f 385/385/373 1304/1304/1239 381/381/369
f 1303/1303/1238 1302/1302/1237 1305/1305/1240
f 1303/1303/1238 1305/1305/1240 1306/1306/1241
f 1303/1303/1238 1307/1307/1242 383/383/371
f 1307/1307/1242 1303/1303/1238 1306/1306/1241
f 1306/1306/1241 1308/1308/1243 1307/1307/1242
f 1308/1308/1243 1306/1306/1241 1309/1309/1244
f 1307/1307/1242 1310/1310/1245 1311/1311/1246
f 1310/1310/1245 1307/1307/1242 1308/1308/1243
f 383/383/371 1311/1311/1246 382/382/370
f 1311/1311/1246 383/383/371 1307/1307/1242
f 1312/1312/1247 1310/1310/1245 1313/1313/1248
f 1310/1310/1245 1312/1312/1247 1311/1311/1246
f 382/382/370 1312/1312/1247 384/384/372
f 1312/1312/1247 382/382/370 1311/1311/1246
f 126/126/126 1313/1313/1248 124/124/124
f 1313/1313/1248 126/126/126 1312/1312/1247
f 384/384/372 1312/1312/1247 1314/1314/1249
f 1314/1314/1249 1312/1312/1247 126/126/126
f 1315/1315/1249 128/128/125 1316/1316/1250
f 1317/1317/1251 1316/1316/1250 1318/1318/1252
f 1316/1316/1250 1317/1317/1251 1315/1315/1249
f 1319/1319/1251 384/384/372 1314/1314/1249
f 384/384/372 1319/1319/1251 376/376/364
f 1320/1320/1253 1318/1318/1252 1321/1321/1254
f 1318/1318/1252 1320/1320/1253 1317/1317/1251
f 377/377/365 376/376/364 1319/1319/1251
f 377/377/365 1319/1319/1251 1322/1322/1253
f 1320/1320/1253 1323/1323/1255 1324/1324/950
f 1323/1323/1255 1320/1320/1253 1321/1321/1254
f 377/377/365 1322/1322/1253 991/991/948
f 991/991/948 1322/1322/1253 993/993/950
f 1323/1323/1255 1321/1321/1254 1325/1325/1256
f 1323/1323/1255 1325/1325/1256 1326/1326/1257
f 1327/1327/1258 1326/1326/1257 1328/1328/1259
f 1326/1326/1257 1327/1327/1258 1323/1323/1255
f 1324/1324/950 1323/1323/1255 1329/1329/951
f 1329/1329/951 1323/1323/1255 1327/1327/1258
f 1327/1327/1258 1330/1330/1260 1331/1331/1261
f 1330/1330/1260 1327/1327/1258 1328/1328/1259
f 1329/1329/951 1331/1331/1261 1332/1332/952
f 1331/1331/1261 1329/1329/951 1327/1327/1258
f 1331/1331/1261 1330/1330/1260 1333/1333/1262
f 1331/1331/1261 1333/1333/1262 1334/1334/1263
f 1332/1332/952 1334/1334/1263 1335/1335/955
f 1334/1334/1263 1332/1332/952 1331/1331/1261
f 1334/1334/1263 1336/1336/1264 1337/1337/1265
f 1334/1334/1263 1333/1333/1262 1336/1336/1264
f 1335/1335/955 1337/1337/1265 1338/1338/1266
f 1337/1337/1265 1335/1335/955 1334/1334/1263
f 998/998/955 1002/1002/959 997/997/954
f 1002/1002/959 998/998/955 1339/1339/1266
f 1340/1340/1266 226/226/221 227/227/222
f 227/227/222 1341/1341/959 1340/1340/1266
f 1341/1341/959 227/227/222 549/549/525
f 1337/1337/1265 230/230/223 229/229/221
f 230/230/223 1337/1337/1265 1336/1336/1264
f 1333/1333/1262 1342/1342/1267 1336/1336/1264
f 1342/1342/1267 1333/1333/1262 1343/1343/1268
f 1342/1342/1267 230/230/223 1336/1336/1264
f 230/230/223 1342/1342/1267 1344/1344/1269
f 1342/1342/1267 1345/1345/1270 1344/1344/1269
f 1345/1345/1270 1346/1346/1271 1344/1344/1269
f 1346/1346/1271 1347/1347/1272 1344/1344/1269
f 1347/1347/1272 1346/1346/1271 1348/1348/1273
f 230/230/223 1344/1344/1269 231/231/224
f 231/231/224 1344/1344/1269 1347/1347/1272
f 1348/1348/1273 115/115/115 1347/1347/1272
f 115/115/115 1348/1348/1273 1349/1349/1274
f 1347/1347/1272 115/115/115 112/112/112
f 1347/1347/1272 112/112/112 231/231/224
f 1350/1350/1275 1349/1349/1274 1351/1351/1276
f 1351/1351/1276 1349/1349/1274 1348/1348/1273
f 1350/1350/1275 1352/1352/1277 1349/1349/1274
f 1352/1352/1277 1350/1350/1275 1353/1353/1278
f 1349/1349/1274 1352/1352/1277 116/116/116
f 1349/1349/1274 116/116/116 115/115/115
f 1354/1354/1278 1355/1355/1279 1356/1356/1277
f 1355/1355/1279 1354/1354/1278 1357/1357/1280
f 1356/1356/1277 1355/1355/1279 1358/1358/1281
f 1356/1356/1277 1358/1358/1281 1359/1359/116
f 129/129/128 1359/1359/116 1358/1358/1281
f 1359/1359/116 129/129/128 136/136/113
f 1355/1355/1279 1360/1360/1282 1358/1358/1281
f 1360/1360/1282 1361/1361/1283 1358/1358/1281
f 1361/1361/1283 129/129/128 1358/1358/1281
f 129/129/128 1361/1361/1283 130/130/129
f 1361/1361/1283 1362/1362/1284 1363/1363/1285
f 1362/1362/1284 1361/1361/1283 1360/1360/1282
f 130/130/129 1363/1363/1285 1364/1364/1286
f 1363/1363/1285 130/130/129 1361/1361/1283
f 130/130/129 1316/1316/1250 128/128/125
f 1316/1316/1250 130/130/129 1364/1364/1286
f 1364/1364/1286 1365/1365/1287 1366/1366/1288
f 1365/1365/1287 1364/1364/1286 1363/1363/1285
f 1364/1364/1286 1318/1318/1252 1316/1316/1250
f 1318/1318/1252 1364/1364/1286 1366/1366/1288
f 1325/1325/1256 1365/1365/1287 1367/1367/1289
f 1365/1365/1287 1325/1325/1256 1366/1366/1288
f 1318/1318/1252 1366/1366/1288 1321/1321/1254
f 1325/1325/1256 1321/1321/1254 1366/1366/1288
f 1367/1367/1289 1368/1368/1290 1369/1369/1291
f 1368/1368/1290 1367/1367/1289 1365/1365/1287
f 1367/1367/1289 1370/1370/1292 1371/1371/1293
f 1370/1370/1292 1367/1367/1289 1369/1369/1291
f 1325/1325/1256 1371/1371/1293 1326/1326/1257
f 1371/1371/1293 1325/1325/1256 1367/1367/1289
f 1371/1371/1293 1372/1372/1294 1373/1373/1295
f 1372/1372/1294 1371/1371/1293 1370/1370/1292
f 1326/1326/1257 1373/1373/1295 1328/1328/1259
f 1373/1373/1295 1326/1326/1257 1371/1371/1293
f 1373/1373/1295 1374/1374/1296 1375/1375/1297
f 1374/1374/1296 1373/1373/1295 1372/1372/1294
f 1328/1328/1259 1375/1375/1297 1330/1330/1260
f 1375/1375/1297 1328/1328/1259 1373/1373/1295
f 1375/1375/1297 1374/1374/1296 1376/1376/1298
f 1375/1375/1297 1376/1376/1298 1343/1343/1268
f 1330/1330/1260 1343/1343/1268 1333/1333/1262
f 1343/1343/1268 1330/1330/1260 1375/1375/1297
f 1374/1374/1296 1377/1377/1299 1376/1376/1298
f 1377/1377/1299 1374/1374/1296 1378/1378/1300
f 1377/1377/1299 1345/1345/1270 1376/1376/1298
f 1345/1345/1270 1377/1377/1299 1379/1379/1301
f 1343/1343/1268 1345/1345/1270 1342/1342/1267
f 1345/1345/1270 1343/1343/1268 1376/1376/1298
f 359/359/350 1379/1379/1301 354/354/345
f 1377/1377/1299 354/354/345 1379/1379/1301
f 359/359/350 1380/1380/1302 1379/1379/1301
f 1380/1380/1302 359/359/350 526/526/504
f 1379/1379/1301 1346/1346/1271 1345/1345/1270
f 1346/1346/1271 1379/1379/1301 1380/1380/1302
f 526/526/504 1351/1351/1276 1380/1380/1302
f 1351/1351/1276 526/526/504 528/528/506
f 1380/1380/1302 1348/1348/1273 1346/1346/1271
f 1348/1348/1273 1380/1380/1302 1351/1351/1276
f 1378/1378/1300 354/354/345 1377/1377/1299
f 354/354/345 1378/1378/1300 355/355/346
f 1374/1374/1296 1372/1372/1294 1378/1378/1300
f 1372/1372/1294 1381/1381/1303 1378/1378/1300
f 1381/1381/1303 355/355/346 1378/1378/1300
f 355/355/346 1381/1381/1303 1382/1382/1304
f 1381/1381/1303 1383/1383/1305 1382/1382/1304
f 1383/1383/1305 1384/1384/1306 1382/1382/1304
f 1384/1384/1306 1385/1385/1307 1382/1382/1304
f 1385/1385/1307 1384/1384/1306 1386/1386/1308
f 1382/1382/1304 357/357/348 355/355/346
f 357/357/348 1382/1382/1304 1385/1385/1307
f 1387/1387/1307 1388/1388/1308 1389/1389/1309
f 1387/1387/1307 1389/1389/1309 1390/1390/1310
f 361/361/348 1390/1390/1310 362/362/351
f 1390/1390/1310 361/361/348 1387/1387/1307
f 1390/1390/1310 1389/1389/1309 1391/1391/1311
f 1390/1390/1310 1391/1391/1311 1392/1392/1312
f 362/362/351 1392/1392/1312 531/531/505
f 1392/1392/1312 362/362/351 1390/1390/1310
f 1393/1393/1312 1394/1394/1311 1395/1395/1313
f 1393/1393/1312 1395/1395/1313 1396/1396/1314
f 1396/1396/1314 527/527/505 1393/1393/1312
f 527/527/505 1396/1396/1314 528/528/506
f 528/528/506 1350/1350/1275 1351/1351/1276
f 1350/1350/1275 528/528/506 1396/1396/1314
f 1396/1396/1314 1395/1395/1313 1353/1353/1278
f 1396/1396/1314 1353/1353/1278 1350/1350/1275
f 437/437/423 1397/1397/1311 438/438/422
f 1397/1397/1311 437/437/423 1398/1398/1313
f 1398/1398/1313 437/437/423 1357/1357/1280
f 1398/1398/1313 1357/1357/1280 1354/1354/1278
f 1389/1389/1309 436/436/422 1391/1391/1311
f 436/436/422 1389/1389/1309 434/434/421
f 1388/1388/1308 513/513/491 1389/1389/1309
f 513/513/491 434/434/421 1389/1389/1309
f 1384/1384/1306 511/511/491 1386/1386/1308
f 511/511/491 1384/1384/1306 510/510/490
f 1383/1383/1305 510/510/490 1384/1384/1306
f 510/510/490 1383/1383/1305 1399/1399/1315
f 1369/1369/1291 1400/1400/1316 1399/1399/1315
f 1400/1400/1316 1369/1369/1291 1368/1368/1290
f 1399/1399/1315 1400/1400/1316 508/508/488
f 1399/1399/1315 508/508/488 510/510/490
f 1369/1369/1291 1399/1399/1315 1370/1370/1292
f 1370/1370/1292 1399/1399/1315 1383/1383/1305
f 1400/1400/1316 1368/1368/1290 1362/1362/1284
f 1400/1400/1316 1362/1362/1284 1401/1401/1317
f 508/508/488 1401/1401/1317 430/430/418
f 1401/1401/1317 508/508/488 1400/1400/1316
f 1401/1401/1317 1362/1362/1284 1360/1360/1282
f 1401/1401/1317 1360/1360/1282 1402/1402/1318
f 1401/1401/1317 432/432/420 430/430/418
f 432/432/420 1401/1401/1317 1402/1402/1318
f 1402/1402/1318 1355/1355/1279 1357/1357/1280
f 1355/1355/1279 1402/1402/1318 1360/1360/1282
f 432/432/420 1357/1357/1280 437/437/423
f 1357/1357/1280 432/432/420 1402/1402/1318
f 1370/1370/1292 1381/1381/1303 1372/1372/1294
f 1381/1381/1303 1370/1370/1292 1383/1383/1305
f 1368/1368/1290 1365/1365/1287 1363/1363/1285
f 1368/1368/1290 1363/1363/1285 1362/1362/1284
f 1310/1310/1245 1403/1403/1319 1313/1313/1248
f 1403/1403/1319 1310/1310/1245 1404/1404/1320
f 137/137/133 1313/1313/1248 1403/1403/1319
f 1313/1313/1248 137/137/133 124/124/124
f 1404/1404/1320 1405/1405/1321 1403/1403/1319
f 1405/1405/1321 1404/1404/1320 1406/1406/1322
f 1403/1403/1319 1405/1405/1321 1407/1407/1323
f 1403/1403/1319 1407/1407/1323 137/137/133
f 1405/1405/1321 459/459/444 1407/1407/1323
f 459/459/444 1405/1405/1321 458/458/443
f 1407/1407/1323 460/460/445 1408/1408/1324
f 460/460/445 1407/1407/1323 459/459/444
f 1407/1407/1323 133/133/131 137/137/133
f 133/133/131 1407/1407/1323 1408/1408/1324
f 134/134/132 133/133/131 1408/1408/1324
f 134/134/132 1408/1408/1324 1409/1409/1325
f 1409/1409/1325 460/460/445 1410/1410/1326
f 460/460/445 1409/1409/1325 1408/1408/1324
f 1409/1409/1325 1410/1410/1326 1411/1411/1327
f 1411/1411/1327 1410/1410/1326 1412/1412/1328
f 1410/1410/1326 460/460/445 456/456/441
f 1410/1410/1326 456/456/441 1413/1413/1329
f 1412/1412/1328 1413/1413/1329 1414/1414/1330
f 1413/1413/1329 1412/1412/1328 1410/1410/1326
f 1412/1412/1328 1414/1414/1330 1415/1415/1331
f 1415/1415/1331 1414/1414/1330 1416/1416/1332
f 1413/1413/1329 1417/1417/1333 1414/1414/1330
f 1417/1417/1333 1413/1413/1329 1418/1418/1334
f 1416/1416/1332 1417/1417/1333 1419/1419/1335
f 1417/1417/1333 1416/1416/1332 1414/1414/1330
f 1420/1420/1332 1421/1421/1335 1422/1422/1336
f 1422/1422/1336 1421/1421/1335 1423/1423/1337
f 1417/1417/1333 1424/1424/1338 1419/1419/1335
f 1424/1424/1338 1417/1417/1333 1425/1425/1339
f 1423/1423/1337 1426/1426/1338 1427/1427/1340
f 1426/1426/1338 1423/1423/1337 1421/1421/1335
f 1423/1423/1337 1427/1427/1340 1428/1428/1341
f 1428/1428/1341 1427/1427/1340 1429/1429/1342
f 1430/1430/1343 1427/1427/1340 1426/1426/1338
f 1427/1427/1340 1430/1430/1343 1431/1431/1344
f 1427/1427/1340 1432/1432/1345 1429/1429/1342
f 1432/1432/1345 1427/1427/1340 1431/1431/1344
f 1429/1429/1342 1433/1433/1346 1434/1434/1347
f 1433/1433/1346 1429/1429/1342 1432/1432/1345
f 1431/1431/1344 1435/1435/1348 1432/1432/1345
f 1435/1435/1348 1431/1431/1344 1436/1436/1349
f 1432/1432/1345 1437/1437/1350 1433/1433/1346
f 1437/1437/1350 1432/1432/1345 1435/1435/1348
f 1433/1433/1346 1438/1438/1351 1439/1439/1352
f 1438/1438/1351 1433/1433/1346 1437/1437/1350
f 1435/1435/1348 182/182/178 1437/1437/1350
f 182/182/178 1435/1435/1348 1440/1440/1353
f 1438/1438/1351 1437/1437/1350 179/179/175
f 179/179/175 1437/1437/1350 182/182/178
f 1435/1435/1348 1441/1441/1354 1440/1440/1353
f 1441/1441/1354 1435/1435/1348 1436/1436/1349
f 1440/1440/1353 1441/1441/1354 1442/1442/1355
f 1440/1440/1353 1442/1442/1355 1443/1443/1356
f 1440/1440/1353 183/183/179 182/182/178
f 183/183/179 1440/1440/1353 1443/1443/1356
f 1443/1443/1356 1442/1442/1355 1444/1444/1357
f 1444/1444/1357 1445/1445/1358 1443/1443/1356
f 1445/1445/1358 183/183/179 1443/1443/1356
f 183/183/179 1445/1445/1358 184/184/180
f 1446/1446/1359 184/184/180 1445/1445/1358
f 184/184/180 1446/1446/1359 1447/1447/1360
f 1444/1444/1357 1448/1448/1361 1445/1445/1358
f 1448/1448/1361 1446/1446/1359 1445/1445/1358
f 1449/1449/1362 1446/1446/1359 1448/1448/1361
f 1446/1446/1359 1449/1449/1362 1450/1450/1363
f 558/558/534 1444/1444/1357 560/560/536
f 1444/1444/1357 558/558/534 1448/1448/1361
f 558/558/534 1449/1449/1362 1448/1448/1361
f 1449/1449/1362 558/558/534 559/559/535
f 1451/1451/1364 1452/1452/1365 1453/1453/1366
f 1452/1452/1365 1451/1451/1364 1450/1450/1363
f 1450/1450/1363 1447/1447/1360 1446/1446/1359
f 1447/1447/1360 1450/1450/1363 1451/1451/1364
f 1449/1449/1362 1452/1452/1365 1450/1450/1363
f 1452/1452/1365 1449/1449/1362 1454/1454/1367
f 1452/1452/1365 1455/1455/1368 1456/1456/1369
f 1455/1455/1368 1452/1452/1365 1454/1454/1367
f 1457/1457/1370 1454/1454/1367 559/559/535
f 559/559/535 1454/1454/1367 1449/1449/1362
f 1457/1457/1370 1455/1455/1368 1454/1454/1367
f 1455/1455/1368 1457/1457/1370 1458/1458/1371
f 1459/1459/1368 1460/1460/1372 1461/1461/1373
f 1460/1460/1372 1459/1459/1368 1462/1462/1371
f 1463/1463/1374 1458/1458/1371 1457/1457/1370
f 1458/1458/1371 1463/1463/1374 1464/1464/1375
f 1465/1465/1375 1460/1460/1372 1462/1462/1371
f 1460/1460/1372 1465/1465/1375 1466/1466/1376
f 1460/1460/1372 1467/1467/1377 1468/1468/1378
f 1467/1467/1377 1460/1460/1372 1466/1466/1376
f 1469/1469/1379 1466/1466/1376 1470/1470/1380
f 1466/1466/1376 1469/1469/1379 1467/1467/1377
f 1471/1471/1381 1467/1467/1377 1469/1469/1379
f 1467/1467/1377 1471/1471/1381 1472/1472/1382
f 1470/1470/1380 1473/1473/1383 1469/1469/1379
f 1473/1473/1383 1474/1474/1384 1469/1469/1379
f 1469/1469/1379 1474/1474/1384 1475/1475/1385
f 1469/1469/1379 1475/1475/1385 1471/1471/1381
f 1475/1475/1385 1476/1476/1386 1471/1471/1381
f 1476/1476/1386 1475/1475/1385 1477/1477/1387
f 1478/1478/1388 1475/1475/1385 1479/1479/1389
f 1474/1474/1384 1479/1479/1389 1475/1475/1385
f 1475/1475/1385 1478/1478/1388 1480/1480/1390
f 1475/1475/1385 1480/1480/1390 1477/1477/1387
f 1480/1480/1390 1481/1481/1391 1477/1477/1387
f 1481/1481/1391 1480/1480/1390 1482/1482/1392
f 1478/1478/1388 1483/1483/1393 1480/1480/1390
f 1483/1483/1393 1478/1478/1388 1484/1484/1394
f 1483/1483/1393 1482/1482/1392 1480/1480/1390
f 1482/1482/1392 1483/1483/1393 1485/1485/1395
f 1486/1486/1396 1485/1485/1395 1487/1487/1397
f 1485/1485/1395 1486/1486/1396 1482/1482/1392
f 1483/1483/1393 1488/1488/1398 1485/1485/1395
f 1488/1488/1398 1483/1483/1393 1489/1489/1399
f 1485/1485/1395 1488/1488/1398 1490/1490/1400
f 1485/1485/1395 1490/1490/1400 1487/1487/1397
f 1491/1491/1401 1487/1487/1397 1490/1490/1400
f 1487/1487/1397 1491/1491/1401 1492/1492/1402
f 1259/1259/1198 1488/1488/1398 1261/1261/1200
f 1488/1488/1398 1259/1259/1198 1490/1490/1400
f 1490/1490/1400 1259/1259/1198 1257/1257/1196
f 1490/1490/1400 1257/1257/1196 1491/1491/1401
f 1493/1493/1403 1494/1494/1404 1492/1492/1402
f 1494/1494/1404 1493/1493/1403 1495/1495/1405
f 1492/1492/1402 1486/1486/1396 1487/1487/1397
f 1486/1486/1396 1492/1492/1402 1494/1494/1404
f 1492/1492/1402 1491/1491/1401 1496/1496/1406
f 1496/1496/1406 1493/1493/1403 1492/1492/1402
f 1493/1493/1403 1497/1497/1407 1498/1498/1408
f 1497/1497/1407 1493/1493/1403 1496/1496/1406
f 1491/1491/1401 1258/1258/1197 1496/1496/1406
f 1258/1258/1197 1491/1491/1401 1257/1257/1196
f 1496/1496/1406 1258/1258/1197 1499/1499/1409
f 1499/1499/1409 1497/1497/1407 1496/1496/1406
f 1497/1497/1407 1500/1500/1410 1501/1501/1411
f 1500/1500/1410 1497/1497/1407 1499/1499/1409
f 1254/1254/1193 1258/1258/1197 1255/1255/1194
f 1258/1258/1197 1254/1254/1193 1499/1499/1409
f 1499/1499/1409 1254/1254/1193 1502/1502/1412
f 1502/1502/1412 1500/1500/1410 1499/1499/1409
f 1500/1500/1410 1503/1503/1413 1504/1504/1414
f 1503/1503/1413 1500/1500/1410 1502/1502/1412
f 1505/1505/1415 1254/1254/1193 1253/1253/1192
f 1254/1254/1193 1505/1505/1415 1502/1502/1412
f 1502/1502/1412 1505/1505/1415 1506/1506/1416
f 1502/1502/1412 1506/1506/1416 1503/1503/1413
f 1503/1503/1413 1507/1507/1417 1508/1508/1418
f 1507/1507/1417 1503/1503/1413 1506/1506/1416
f 1509/1509/1419 1505/1505/1415 1248/1248/1187
f 1505/1505/1415 1509/1509/1419 1506/1506/1416
f 1509/1509/1419 1507/1507/1417 1506/1506/1416
f 1507/1507/1417 1509/1509/1419 1510/1510/1420
f 1510/1510/1420 1511/1511/1421 1507/1507/1417
f 1511/1511/1421 1510/1510/1420 1512/1512/1422
f 1513/1513/1423 1510/1510/1420 1245/1245/1184
f 1245/1245/1184 1510/1510/1420 1509/1509/1419
f 1513/1513/1423 1512/1512/1422 1510/1510/1420
f 1512/1512/1422 1513/1513/1423 1514/1514/1424
f 1514/1514/1424 1515/1515/1425 1516/1516/1426
f 1514/1514/1424 1516/1516/1426 1512/1512/1422
f 1514/1514/1424 1517/1517/1427 1518/1518/1428
f 1517/1517/1427 1514/1514/1424 1513/1513/1423
f 1518/1518/1428 1515/1515/1425 1514/1514/1424
f 1515/1515/1425 1518/1518/1428 1519/1519/1429
f 1519/1519/1429 1520/1520/1430 1521/1521/1431
f 1519/1519/1429 1521/1521/1431 1515/1515/1425
f 1522/1522/1432 1519/1519/1429 1523/1523/1433
f 1523/1523/1433 1519/1519/1429 1518/1518/1428
f 1520/1520/1430 1522/1522/1432 1524/1524/1434
f 1522/1522/1432 1520/1520/1430 1519/1519/1429
f 1524/1524/1434 1525/1525/1435 1526/1526/1436
f 1526/1526/1436 1520/1520/1430 1524/1524/1434
f 1527/1527/1437 1524/1524/1434 1528/1528/1438
f 1528/1528/1438 1524/1524/1434 1522/1522/1432
f 1525/1525/1435 1527/1527/1437 1529/1529/1439
f 1527/1527/1437 1525/1525/1435 1524/1524/1434
f 1529/1529/1439 1530/1530/1440 1531/1531/1441
f 1529/1529/1439 1531/1531/1441 1525/1525/1435
f 1532/1532/1442 1529/1529/1439 1533/1533/1443
f 1533/1533/1443 1529/1529/1439 1527/1527/1437
f 1532/1532/1442 1530/1530/1440 1529/1529/1439
f 1530/1530/1440 1532/1532/1442 1534/1534/1444
f 1534/1534/1444 1535/1535/1445 1536/1536/1446
f 1534/1534/1444 1536/1536/1446 1530/1530/1440
f 1537/1537/1447 1532/1532/1442 1538/1538/1448
f 1532/1532/1442 1537/1537/1447 1534/1534/1444
f 1537/1537/1447 1539/1539/1449 1534/1534/1444
f 1539/1539/1449 1535/1535/1445 1534/1534/1444
f 1540/1540/1450 1535/1535/1445 1539/1539/1449
f 1535/1535/1445 1540/1540/1450 1541/1541/1451
f 1542/1542/1452 1537/1537/1447 1543/1543/1453
f 1537/1537/1447 1542/1542/1452 1539/1539/1449
f 1542/1542/1452 1544/1544/1454 1539/1539/1449
f 1544/1544/1454 1540/1540/1450 1539/1539/1449
f 1545/1545/1455 1540/1540/1450 1544/1544/1454
f 1540/1540/1450 1545/1545/1455 1546/1546/1456
f 1547/1547/1457 1542/1542/1452 1548/1548/1458
f 1542/1542/1452 1547/1547/1457 1544/1544/1454
f 1547/1547/1457 1549/1549/1459 1544/1544/1454
f 1549/1549/1459 1545/1545/1455 1544/1544/1454
f 1550/1550/1460 1545/1545/1455 1549/1549/1459
f 1545/1545/1455 1550/1550/1460 1551/1551/1461
f 1215/1215/1154 1547/1547/1457 1217/1217/1156
f 1547/1547/1457 1215/1215/1154 1549/1549/1459
f 1215/1215/1154 1214/1214/1153 1549/1549/1459
f 1214/1214/1153 1550/1550/1460 1549/1549/1459
f 1552/1552/1462 1553/1553/1463 1551/1551/1461
f 1553/1553/1463 1552/1552/1462 1554/1554/1464
f 1545/1545/1455 1553/1553/1463 1546/1546/1456
f 1553/1553/1463 1545/1545/1455 1551/1551/1461
f 1550/1550/1460 1555/1555/1465 1551/1551/1461
f 1555/1555/1465 1552/1552/1462 1551/1551/1461
f 1201/1201/1140 1552/1552/1462 1555/1555/1465
f 1552/1552/1462 1201/1201/1140 1202/1202/1141
f 1207/1207/1146 1550/1550/1460 1214/1214/1153
f 1550/1550/1460 1207/1207/1146 1555/1555/1465
f 1555/1555/1465 1207/1207/1146 1204/1204/1143
f 1204/1204/1143 1201/1201/1140 1555/1555/1465
f 1554/1554/1464 1556/1556/1466 1553/1553/1463
f 1556/1556/1466 1554/1554/1464 1557/1557/1467
f 1553/1553/1463 1558/1558/1468 1546/1546/1456
f 1558/1558/1468 1553/1553/1463 1556/1556/1466
f 1556/1556/1466 1559/1559/1469 1558/1558/1468
f 1559/1559/1469 1556/1556/1466 1560/1560/1470
f 1558/1558/1468 1561/1561/1471 1541/1541/1451
f 1561/1561/1471 1558/1558/1468 1559/1559/1469
f 1546/1546/1456 1541/1541/1451 1540/1540/1450
f 1541/1541/1451 1546/1546/1456 1558/1558/1468
f 1559/1559/1469 1562/1562/1472 1561/1561/1471
f 1562/1562/1472 1559/1559/1469 1563/1563/1473
f 1561/1561/1471 1564/1564/1474 1536/1536/1446
f 1564/1564/1474 1561/1561/1471 1562/1562/1472
f 1541/1541/1451 1536/1536/1446 1535/1535/1445
f 1536/1536/1446 1541/1541/1451 1561/1561/1471
f 1562/1562/1472 1565/1565/1475 1564/1564/1474
f 1565/1565/1475 1566/1566/1476 1564/1564/1474
f 1564/1564/1474 1567/1567/1477 1531/1531/1441
f 1567/1567/1477 1564/1564/1474 1566/1566/1476
f 1536/1536/1446 1564/1564/1474 1530/1530/1440
f 1530/1530/1440 1564/1564/1474 1531/1531/1441
f 1566/1566/1476 419/419/407 1567/1567/1477
f 419/419/407 1566/1566/1476 418/418/406
f 1567/1567/1477 1568/1568/1478 1526/1526/1436
f 1568/1568/1478 1567/1567/1477 419/419/407
f 1525/1525/1435 1531/1531/1441 1567/1567/1477
f 1525/1525/1435 1567/1567/1477 1526/1526/1436
f 1569/1569/1479 419/419/407 416/416/404
f 419/419/407 1569/1569/1479 1568/1568/1478
f 1569/1569/1479 1521/1521/1431 1568/1568/1478
f 1521/1521/1431 1569/1569/1479 1570/1570/1480
f 1568/1568/1478 1520/1520/1430 1526/1526/1436
f 1520/1520/1430 1568/1568/1478 1521/1521/1431
f 1569/1569/1479 1571/1571/1481 1570/1570/1480
f 1571/1571/1481 1569/1569/1479 1572/1572/1482
f 1570/1570/1480 1573/1573/1483 1516/1516/1426
f 1573/1573/1483 1570/1570/1480 1571/1571/1481
f 1521/1521/1431 1516/1516/1426 1515/1515/1425
f 1516/1516/1426 1521/1521/1431 1570/1570/1480
f 1571/1571/1481 1574/1574/1484 1573/1573/1483
f 1574/1574/1484 1571/1571/1481 1575/1575/1485
f 1573/1573/1483 1576/1576/1486 1511/1511/1421
f 1576/1576/1486 1573/1573/1483 1574/1574/1484
f 1516/1516/1426 1511/1511/1421 1512/1512/1422
f 1511/1511/1421 1516/1516/1426 1573/1573/1483
f 1577/1577/1487 1574/1574/1484 1578/1578/1488
f 1574/1574/1484 1577/1577/1487 1576/1576/1486
f 1508/1508/1418 1576/1576/1486 1579/1579/1489
f 1579/1579/1489 1576/1576/1486 1577/1577/1487
f 1508/1508/1418 1511/1511/1421 1576/1576/1486
f 1511/1511/1421 1508/1508/1418 1507/1507/1417
f 1580/1580/1490 1577/1577/1487 1581/1581/1491
f 1577/1577/1487 1580/1580/1490 1579/1579/1489
f 1582/1582/1492 1504/1504/1414 1579/1579/1489
f 1582/1582/1492 1579/1579/1489 1580/1580/1490
f 1504/1504/1414 1508/1508/1418 1579/1579/1489
f 1508/1508/1418 1504/1504/1414 1503/1503/1413
f 1583/1583/1493 1580/1580/1490 1584/1584/1494
f 1580/1580/1490 1583/1583/1493 1582/1582/1492
f 1501/1501/1411 1582/1582/1492 1585/1585/1495
f 1585/1585/1495 1582/1582/1492 1583/1583/1493
f 1501/1501/1411 1504/1504/1414 1582/1582/1492
f 1504/1504/1414 1501/1501/1411 1500/1500/1410
f 1586/1586/1496 1583/1583/1493 1587/1587/1497
f 1583/1583/1493 1586/1586/1496 1585/1585/1495
f 1498/1498/1408 1585/1585/1495 1588/1588/1498
f 1588/1588/1498 1585/1585/1495 1586/1586/1496
f 1498/1498/1408 1501/1501/1411 1585/1585/1495
f 1501/1501/1411 1498/1498/1408 1497/1497/1407
f 1588/1588/1498 1589/1589/1499 1590/1590/1500
f 1589/1589/1499 1588/1588/1498 1586/1586/1496
f 1495/1495/1405 1590/1590/1500 1591/1591/1501
f 1590/1590/1500 1495/1495/1405 1588/1588/1498
f 1495/1495/1405 1493/1493/1403 1588/1588/1498
f 1493/1493/1403 1498/1498/1408 1588/1588/1498
f 1591/1591/1501 1592/1592/1502 1593/1593/1503
f 1592/1592/1502 1591/1591/1501 1590/1590/1500
f 1594/1594/1504 1591/1591/1501 1595/1595/1505
f 1595/1595/1505 1591/1591/1501 1593/1593/1503
f 1495/1495/1405 1594/1594/1504 1494/1494/1404
f 1594/1594/1504 1495/1495/1405 1591/1591/1501
f 1596/1596/1506 1594/1594/1504 1597/1597/1507
f 1597/1597/1507 1594/1594/1504 1595/1595/1505
f 1494/1494/1404 1596/1596/1506 1486/1486/1396
f 1596/1596/1506 1494/1494/1404 1594/1594/1504
f 1596/1596/1506 1598/1598/1508 1481/1481/1391
f 1598/1598/1508 1596/1596/1506 1597/1597/1507
f 1486/1486/1396 1596/1596/1506 1482/1482/1392
f 1482/1482/1392 1596/1596/1506 1481/1481/1391
f 1597/1597/1507 1599/1599/1509 1598/1598/1508
f 1599/1599/1509 1597/1597/1507 1600/1600/1510
f 1476/1476/1386 1598/1598/1508 1601/1601/1511
f 1601/1601/1511 1598/1598/1508 1599/1599/1509
f 1476/1476/1386 1477/1477/1387 1598/1598/1508
f 1477/1477/1387 1481/1481/1391 1598/1598/1508
f 1602/1602/1512 1601/1601/1511 1599/1599/1509
f 1601/1601/1511 1602/1602/1512 1603/1603/1513
f 1472/1472/1382 1603/1603/1513 1604/1604/1514
f 1603/1603/1513 1472/1472/1382 1601/1601/1511
f 1472/1472/1382 1476/1476/1386 1601/1601/1511
f 1476/1476/1386 1472/1472/1382 1471/1471/1381
f 1605/1605/1515 1603/1603/1513 1606/1606/1516
f 1603/1603/1513 1605/1605/1515 1604/1604/1514
f 1468/1468/1378 1605/1605/1515 1607/1607/1517
f 1605/1605/1515 1468/1468/1378 1604/1604/1514
f 1467/1467/1377 1472/1472/1382 1604/1604/1514
f 1467/1467/1377 1604/1604/1514 1468/1468/1378
f 1607/1607/1517 1608/1608/1518 1609/1609/1519
f 1608/1608/1518 1607/1607/1517 1605/1605/1515
f 1461/1461/1373 1609/1609/1519 1610/1610/1520
f 1609/1609/1519 1461/1461/1373 1607/1607/1517
f 1461/1461/1373 1460/1460/1372 1607/1607/1517
f 1460/1460/1372 1468/1468/1378 1607/1607/1517
f 1610/1610/1520 1609/1609/1519 1611/1611/1521
f 1610/1610/1520 1611/1611/1521 1612/1612/1522
f 1610/1610/1520 1613/1613/1523 1614/1614/1369
f 1613/1613/1523 1610/1610/1520 1612/1612/1522
f 1461/1461/1373 1614/1614/1369 1459/1459/1368
f 1614/1614/1369 1461/1461/1373 1610/1610/1520
f 1615/1615/1523 443/443/428 444/444/429
f 1453/1453/1366 444/444/429 1616/1616/1524
f 444/444/429 1453/1453/1366 1615/1615/1523
f 1453/1453/1366 1456/1456/1369 1615/1615/1523
f 1456/1456/1369 1453/1453/1366 1452/1452/1365
f 1616/1616/1524 442/442/427 1617/1617/1525
f 442/442/427 1616/1616/1524 444/444/429
f 1616/1616/1524 1618/1618/1526 1619/1619/1527
f 1618/1618/1526 1616/1616/1524 1617/1617/1525
f 1453/1453/1366 1616/1616/1524 1451/1451/1364
f 1451/1451/1364 1616/1616/1524 1619/1619/1527
f 1619/1619/1527 1620/1620/1528 1621/1621/1529
f 1620/1620/1528 1619/1619/1527 1618/1618/1526
f 1451/1451/1364 1621/1621/1529 1447/1447/1360
f 1621/1621/1529 1451/1451/1364 1619/1619/1527
f 181/181/177 1621/1621/1529 1620/1620/1528
f 1621/1621/1529 181/181/177 178/178/174
f 1447/1447/1360 178/178/174 184/184/180
f 178/178/174 1447/1447/1360 1621/1621/1529
f 1618/1618/1526 1622/1622/1530 1620/1620/1528
f 1622/1622/1530 1618/1618/1526 1623/1623/1531
f 1622/1622/1530 181/181/177 1620/1620/1528
f 181/181/177 1622/1622/1530 1624/1624/1532
f 1622/1622/1530 1625/1625/1533 1624/1624/1532
f 1625/1625/1533 1626/1626/1534 1624/1624/1532
f 1624/1624/1532 1626/1626/1534 1439/1439/1352
f 1439/1439/1352 1438/1438/1351 1624/1624/1532
f 181/181/177 1438/1438/1351 179/179/175
f 1438/1438/1351 181/181/177 1624/1624/1532
f 1625/1625/1533 1627/1627/1535 1626/1626/1534
f 1627/1627/1535 1628/1628/1536 1626/1626/1534
f 1628/1628/1536 1629/1629/1537 1626/1626/1534
f 1629/1629/1537 1439/1439/1352 1626/1626/1534
f 1630/1630/1538 1629/1629/1537 1631/1631/1539
f 1631/1631/1539 1629/1629/1537 1628/1628/1536
f 1630/1630/1538 1632/1632/1540 1629/1629/1537
f 1632/1632/1540 1434/1434/1347 1629/1629/1537
f 1434/1434/1347 1439/1439/1352 1629/1629/1537
f 1439/1439/1352 1434/1434/1347 1433/1433/1346
f 1632/1632/1540 1633/1633/1541 1634/1634/1542
f 1633/1633/1541 1632/1632/1540 1630/1630/1538
f 1634/1634/1542 1635/1635/1543 1632/1632/1540
f 1635/1635/1543 1428/1428/1341 1632/1632/1540
f 1428/1428/1341 1434/1434/1347 1632/1632/1540
f 1434/1434/1347 1428/1428/1341 1429/1429/1342
f 1635/1635/1543 1636/1636/1544 1637/1637/1545
f 1636/1636/1544 1635/1635/1543 1634/1634/1542
f 1637/1637/1545 1422/1422/1336 1635/1635/1543
f 1422/1422/1336 1637/1637/1545 1638/1638/1546
f 1635/1635/1543 1422/1422/1336 1423/1423/1337
f 1635/1635/1543 1423/1423/1337 1428/1428/1341
f 1639/1639/1547 1637/1637/1545 1640/1640/1548
f 1637/1637/1545 1639/1639/1547 1638/1638/1546
f 1639/1639/1547 1641/1641/1549 1638/1638/1546
f 1641/1641/1549 1642/1642/1331 1638/1638/1546
f 1638/1638/1546 1642/1642/1331 1420/1420/1332
f 1638/1638/1546 1420/1420/1332 1422/1422/1336
f 303/303/295 1639/1639/1547 223/223/218
f 1639/1639/1547 303/303/295 1641/1641/1549
f 305/305/296 1643/1643/1549 1644/1644/295
f 1643/1643/1549 305/305/296 1411/1411/1327
f 1411/1411/1327 1412/1412/1328 1643/1643/1549
f 1643/1643/1549 1412/1412/1328 1415/1415/1331
f 223/223/218 1640/1640/1548 221/221/216
f 1640/1640/1548 223/223/218 1639/1639/1547
f 221/221/216 1645/1645/1550 225/225/220
f 1645/1645/1550 221/221/216 1640/1640/1548
f 1640/1640/1548 1636/1636/1544 1645/1645/1550
f 1636/1636/1544 1640/1640/1548 1637/1637/1545
f 225/225/220 1646/1646/1551 547/547/523
f 1646/1646/1551 225/225/220 1645/1645/1550
f 1646/1646/1551 1636/1636/1544 1647/1647/1552
f 1636/1636/1544 1646/1646/1551 1645/1645/1550
f 1646/1646/1551 1647/1647/1552 1648/1648/1553
f 1648/1648/1553 1647/1647/1552 1649/1649/1554
f 1647/1647/1552 1636/1636/1544 1634/1634/1542
f 1647/1647/1552 1634/1634/1542 1633/1633/1541
f 1649/1649/1554 1633/1633/1541 1650/1650/1555
f 1633/1633/1541 1649/1649/1554 1647/1647/1552
f 1649/1649/1554 1650/1650/1555 1651/1651/1556
f 1651/1651/1556 1650/1650/1555 1652/1652/1557
f 1650/1650/1555 1633/1633/1541 1630/1630/1538
f 1650/1650/1555 1630/1630/1538 1631/1631/1539
f 1652/1652/1557 1631/1631/1539 1653/1653/1558
f 1631/1631/1539 1652/1652/1557 1650/1650/1555
f 1652/1652/1557 1653/1653/1558 1654/1654/1559
f 1654/1654/1559 1653/1653/1558 1655/1655/1560
f 1653/1653/1558 1631/1631/1539 1628/1628/1536
f 1653/1653/1558 1628/1628/1536 1627/1627/1535
f 1655/1655/1560 1627/1627/1535 1656/1656/1561
f 1627/1627/1535 1655/1655/1560 1653/1653/1558
f 1655/1655/1560 1656/1656/1561 1657/1657/1562
f 1657/1657/1562 1656/1656/1561 1658/1658/1563
f 1656/1656/1561 1625/1625/1533 1659/1659/1564
f 1625/1625/1533 1656/1656/1561 1627/1627/1535
f 1659/1659/1564 1658/1658/1563 1656/1656/1561
f 1658/1658/1563 1659/1659/1564 1660/1660/1565
f 1658/1658/1563 1660/1660/1565 1661/1661/1566
f 1661/1661/1566 1660/1660/1565 1662/1662/1567
f 1663/1663/1568 1660/1660/1565 1623/1623/1531
f 1623/1623/1531 1660/1660/1565 1659/1659/1564
f 1663/1663/1568 1662/1662/1567 1660/1660/1565
f 1662/1662/1567 1663/1663/1568 441/441/426
f 1617/1617/1525 1623/1623/1531 1618/1618/1526
f 1623/1623/1531 1617/1617/1525 1663/1663/1568
f 1617/1617/1525 441/441/426 1663/1663/1568
f 441/441/426 1617/1617/1525 442/442/427
f 1664/1664/1569 1661/1661/1566 270/270/263
f 270/270/263 1661/1661/1566 402/402/390
f 1658/1658/1563 1664/1664/1569 1657/1657/1562
f 1664/1664/1569 1658/1658/1563 1661/1661/1566
f 1662/1662/1567 402/402/390 1661/1661/1566
f 402/402/390 1662/1662/1567 1665/1665/1570
f 402/402/390 1665/1665/1570 403/403/391
f 1666/1666/1571 403/403/391 1665/1665/1570
f 1665/1665/1570 441/441/426 439/439/424
f 1665/1665/1570 1662/1662/1567 441/441/426
f 439/439/424 1666/1666/1571 1665/1665/1570
f 1666/1666/1571 439/439/424 91/91/91
f 1666/1666/1571 93/93/93 1667/1667/1572
f 1666/1666/1571 91/91/91 93/93/93
f 1666/1666/1571 1668/1668/1573 403/403/391
f 1668/1668/1573 1666/1666/1571 1667/1667/1572
f 403/403/391 268/268/261 269/269/262
f 268/268/261 403/403/391 1668/1668/1573
f 1668/1668/1573 1669/1669/1574 1670/1670/1575
f 1669/1669/1574 1668/1668/1573 1667/1667/1572
f 1668/1668/1573 1671/1671/1576 268/268/261
f 268/268/261 1671/1671/1576 267/267/260
f 267/267/260 1671/1671/1576 1672/1672/1577
f 1673/1673/1576 1674/1674/1578 1675/1675/1579
f 1674/1674/1578 1673/1673/1576 1676/1676/1575
f 1677/1677/1577 1673/1673/1576 1678/1678/1580
f 1678/1678/1580 1673/1673/1576 1675/1675/1579
f 1678/1678/1580 1679/1679/1581 1680/1680/1582
f 1680/1680/1582 1677/1677/1577 1678/1678/1580
f 1681/1681/1583 1678/1678/1580 1682/1682/1584
f 1682/1682/1584 1678/1678/1580 1675/1675/1579
f 1679/1679/1581 1678/1678/1580 1683/1683/1585
f 1683/1683/1585 1678/1678/1580 1681/1681/1583
f 1684/1684/1586 1679/1679/1581 1683/1683/1585
f 1679/1679/1581 1684/1684/1586 1685/1685/1587
f 1681/1681/1583 1686/1686/1588 1683/1683/1585
f 1686/1686/1588 1681/1681/1583 1687/1687/1589
f 1684/1684/1586 1683/1683/1585 1688/1688/1590
f 1688/1688/1590 1683/1683/1585 1686/1686/1588
f 1689/1689/1591 1684/1684/1586 1688/1688/1590
f 1684/1684/1586 1689/1689/1591 70/70/70
f 1686/1686/1588 1690/1690/1592 1688/1688/1590
f 1690/1690/1592 1686/1686/1588 1691/1691/1593
f 1689/1689/1591 1690/1690/1592 1692/1692/1594
f 1690/1690/1592 1689/1689/1591 1688/1688/1590
f 1693/1693/1595 1694/1694/1596 1692/1692/1594
f 1694/1694/1596 1689/1689/1591 1692/1692/1594
f 1692/1692/1594 1695/1695/1597 1696/1696/1598
f 1695/1695/1597 1692/1692/1594 1690/1690/1592
f 1693/1693/1595 1696/1696/1598 1697/1697/1599
f 1696/1696/1598 1693/1693/1595 1692/1692/1594
f 1698/1698/1600 1699/1699/1601 1697/1697/1599
f 1699/1699/1601 1693/1693/1595 1697/1697/1599
f 1697/1697/1599 1700/1700/1602 1701/1701/1603
f 1700/1700/1602 1697/1697/1599 1696/1696/1598
f 1698/1698/1600 1701/1701/1603 1702/1702/1604
f 1701/1701/1603 1698/1698/1600 1697/1697/1599
f 1703/1703/1605 1704/1704/1606 1702/1702/1604
f 1704/1704/1606 1698/1698/1600 1702/1702/1604
f 1702/1702/1604 1705/1705/1607 1706/1706/1608
f 1705/1705/1607 1702/1702/1604 1701/1701/1603
f 1703/1703/1605 1706/1706/1608 1707/1707/1609
f 1706/1706/1608 1703/1703/1605 1702/1702/1604
f 279/279/272 280/280/273 1707/1707/1609
f 280/280/273 1703/1703/1605 1707/1707/1609
f 1707/1707/1609 1708/1708/1610 1709/1709/1611
f 1708/1708/1610 1707/1707/1609 1706/1706/1608
f 279/279/272 1707/1707/1609 281/281/274
f 281/281/274 1707/1707/1609 1709/1709/1611
f 1708/1708/1610 1710/1710/1612 1709/1709/1611
f 1710/1710/1612 1708/1708/1610 1711/1711/1613
f 281/281/274 1709/1709/1611 1712/1712/1614
f 1712/1712/1614 1709/1709/1611 1710/1710/1612
f 1713/1713/1615 281/281/274 1712/1712/1614
f 281/281/274 1713/1713/1615 274/274/267
f 1714/1714/1616 1710/1710/1612 1715/1715/1617
f 1710/1710/1612 1714/1714/1616 1712/1712/1614
f 1713/1713/1615 1712/1712/1614 1716/1716/1618
f 1716/1716/1618 1712/1712/1614 1714/1714/1616
f 564/564/540 1713/1713/1615 1716/1716/1618
f 1713/1713/1615 564/564/540 563/563/539
f 1716/1716/1618 1717/1717/1619 1718/1718/1620
f 1717/1717/1619 1716/1716/1618 1714/1714/1616
f 564/564/540 1716/1716/1618 1719/1719/1621
f 1719/1719/1621 1716/1716/1618 1718/1718/1620
f 189/189/185 564/564/540 1719/1719/1621
f 564/564/540 189/189/185 192/192/188
f 1719/1719/1621 1720/1720/1622 1721/1721/1623
f 1720/1720/1622 1719/1719/1621 1718/1718/1620
f 189/189/185 1719/1719/1621 190/190/186
f 190/190/186 1719/1719/1621 1721/1721/1623
f 1722/1722/1624 1720/1720/1622 1723/1723/1625
f 1720/1720/1622 1722/1722/1624 1721/1721/1623
f 190/190/186 1721/1721/1623 1724/1724/1626
f 1724/1724/1626 1721/1721/1623 1722/1722/1624
f 1725/1725/1627 190/190/186 1724/1724/1626
f 190/190/186 1725/1725/1627 188/188/184
f 1726/1726/1628 1722/1722/1624 1727/1727/1629
f 1722/1722/1624 1726/1726/1628 1724/1724/1626
f 1725/1725/1627 1724/1724/1626 1728/1728/1630
f 1728/1728/1630 1724/1724/1626 1726/1726/1628
f 1729/1729/1631 1725/1725/1627 1728/1728/1630
f 1725/1725/1627 1729/1729/1631 1730/1730/1632
f 1731/1731/1633 1726/1726/1628 1732/1732/1634
f 1726/1726/1628 1731/1731/1633 1728/1728/1630
f 1729/1729/1631 1731/1731/1633 1733/1733/1635
f 1731/1731/1633 1729/1729/1631 1728/1728/1630
f 1729/1729/1631 1734/1734/1636 1735/1735/1637
f 1734/1734/1636 1729/1729/1631 1733/1733/1635
f 1736/1736/1638 1731/1731/1633 1737/1737/1639
f 1731/1731/1633 1736/1736/1638 1733/1733/1635
f 1734/1734/1636 1733/1733/1635 1738/1738/1640
f 1738/1738/1640 1733/1733/1635 1736/1736/1638
f 1734/1734/1636 1739/1739/1641 1740/1740/1642
f 1739/1739/1641 1734/1734/1636 1738/1738/1640
f 1736/1736/1638 1741/1741/1643 1738/1738/1640
f 1741/1741/1643 1736/1736/1638 1742/1742/1644
f 1738/1738/1640 1743/1743/1645 1739/1739/1641
f 1743/1743/1645 1738/1738/1640 1741/1741/1643
f 1739/1739/1641 1744/1744/1646 1745/1745/1647
f 1744/1744/1646 1739/1739/1641 1743/1743/1645
f 1741/1741/1643 1746/1746/1648 1743/1743/1645
f 1746/1746/1648 1741/1741/1643 1747/1747/1649
f 1743/1743/1645 1748/1748/1650 1744/1744/1646
f 1748/1748/1650 1743/1743/1645 1746/1746/1648
f 1744/1744/1646 1749/1749/1651 1750/1750/1652
f 1749/1749/1651 1744/1744/1646 1748/1748/1650
f 1748/1748/1650 1751/1751/1653 1752/1752/1654
f 1751/1751/1653 1748/1748/1650 1746/1746/1648
f 1748/1748/1650 1753/1753/1655 1749/1749/1651
f 1753/1753/1655 1748/1748/1650 1752/1752/1654
f 1749/1749/1651 1754/1754/1656 1755/1755/1657
f 1754/1754/1656 1749/1749/1651 1753/1753/1655
f 1753/1753/1655 1756/1756/1658 1757/1757/1659
f 1756/1756/1658 1753/1753/1655 1752/1752/1654
f 1754/1754/1656 1757/1757/1659 1758/1758/1660
f 1757/1757/1659 1754/1754/1656 1753/1753/1655
f 1754/1754/1656 1759/1759/1661 1760/1760/1662
f 1759/1759/1661 1754/1754/1656 1758/1758/1660
f 1758/1758/1660 1761/1761/1663 1762/1762/1664
f 1761/1761/1663 1758/1758/1660 1757/1757/1659
f 1759/1759/1661 1762/1762/1664 1763/1763/1665
f 1762/1762/1664 1759/1759/1661 1758/1758/1660
f 1759/1759/1661 1764/1764/1666 1765/1765/1667
f 1764/1764/1666 1759/1759/1661 1763/1763/1665
f 1763/1763/1665 1766/1766/1668 1767/1767/1669
f 1766/1766/1668 1763/1763/1665 1762/1762/1664
f 1764/1764/1666 1767/1767/1669 1768/1768/1670
f 1767/1767/1669 1764/1764/1666 1763/1763/1665
f 1769/1769/1671 1770/1770/1672 1768/1768/1670
f 1770/1770/1672 1764/1764/1666 1768/1768/1670
f 1768/1768/1670 1771/1771/1673 565/565/541
f 1771/1771/1673 1768/1768/1670 1767/1767/1669
f 1769/1769/1671 565/565/541 427/427/415
f 565/565/541 1769/1769/1671 1768/1768/1670
f 1767/1767/1669 1772/1772/1674 1771/1771/1673
f 1772/1772/1674 1767/1767/1669 1766/1766/1668
f 1771/1771/1673 1773/1773/1675 1774/1774/1676
f 1773/1773/1675 1771/1771/1673 1772/1772/1674
f 1774/1774/1676 565/565/541 1771/1771/1673
f 565/565/541 1774/1774/1676 428/428/416
f 1773/1773/1675 1775/1775/1677 1774/1774/1676
f 1775/1775/1677 1773/1773/1675 1776/1776/1678
f 1774/1774/1676 1775/1775/1677 421/421/409
f 1774/1774/1676 421/421/409 428/428/416
f 1776/1776/1678 1777/1777/1679 1775/1775/1677
f 1777/1777/1679 1778/1778/1680 1775/1775/1677
f 421/421/409 1778/1778/1680 422/422/410
f 1778/1778/1680 421/421/409 1775/1775/1677
f 1777/1777/1679 1779/1779/1095 1778/1778/1680
f 1779/1779/1095 1780/1780/1093 1778/1778/1680
f 422/422/410 1780/1780/1093 1145/1145/1090
f 1780/1780/1093 422/422/410 1778/1778/1680
f 1776/1776/1678 1160/1160/1101 1777/1777/1679
f 1160/1160/1101 1776/1776/1678 1781/1781/1681
f 1779/1779/1095 1160/1160/1101 1157/1157/1098
f 1160/1160/1101 1779/1779/1095 1777/1777/1679
f 1776/1776/1678 1773/1773/1675 1781/1781/1681
f 1773/1773/1675 1782/1782/1682 1781/1781/1681
f 1782/1782/1682 1783/1783/1683 1781/1781/1681
f 1783/1783/1683 1782/1782/1682 1784/1784/1684
f 1781/1781/1681 1158/1158/1100 1160/1160/1101
f 1158/1158/1100 1781/1781/1681 1783/1783/1683
f 1784/1784/1684 1785/1785/1685 1783/1783/1683
f 1785/1785/1685 1784/1784/1684 1786/1786/1686
f 1783/1783/1683 1161/1161/1102 1158/1158/1100
f 1161/1161/1102 1783/1783/1683 1785/1785/1685
f 1786/1786/1686 1787/1787/1687 1785/1785/1685
f 1787/1787/1687 1786/1786/1686 1788/1788/1688
f 1785/1785/1685 1164/1164/1104 1161/1161/1102
f 1164/1164/1104 1785/1785/1685 1787/1787/1687
f 1788/1788/1688 1789/1789/1689 1787/1787/1687
f 1789/1789/1689 1788/1788/1688 1790/1790/1690
f 1787/1787/1687 1168/1168/1107 1164/1164/1104
f 1168/1168/1107 1787/1787/1687 1789/1789/1689
f 1790/1790/1690 1791/1791/1691 1789/1789/1689
f 1791/1791/1691 1790/1790/1690 1792/1792/1692
f 1789/1789/1689 1170/1170/1109 1168/1168/1107
f 1170/1170/1109 1789/1789/1689 1791/1791/1691
f 1792/1792/1692 1793/1793/1693 1791/1791/1691
f 1793/1793/1693 1792/1792/1692 1794/1794/1694
f 1791/1791/1691 1172/1172/1111 1170/1170/1109
f 1172/1172/1111 1791/1791/1691 1793/1793/1693
f 1793/1793/1693 1794/1794/1694 1795/1795/1695
f 1793/1793/1693 1795/1795/1695 1796/1796/1696
f 1172/1172/1111 1796/1796/1696 1174/1174/1113
f 1796/1796/1696 1172/1172/1111 1793/1793/1693
f 1796/1796/1696 1795/1795/1695 1797/1797/1697
f 1796/1796/1696 1797/1797/1697 1180/1180/1119
f 1796/1796/1696 1176/1176/1115 1174/1174/1113
f 1176/1176/1115 1796/1796/1696 1180/1180/1119
f 1795/1795/1695 1798/1798/1698 1797/1797/1697
f 1798/1798/1698 1795/1795/1695 1799/1799/1699
f 1797/1797/1697 1798/1798/1698 1800/1800/1700
f 1797/1797/1697 1800/1800/1700 1183/1183/1122
f 1180/1180/1119 1183/1183/1122 1179/1179/1118
f 1183/1183/1122 1180/1180/1119 1797/1797/1697
f 1798/1798/1698 1801/1801/1701 1800/1800/1700
f 1801/1801/1701 1798/1798/1698 1802/1802/1702
f 1800/1800/1700 1801/1801/1701 1803/1803/1703
f 1800/1800/1700 1803/1803/1703 1804/1804/1704
f 1804/1804/1704 1183/1183/1122 1800/1800/1700
f 1183/1183/1122 1804/1804/1704 1182/1182/1121
f 1804/1804/1704 1803/1803/1703 1805/1805/1705
f 1804/1804/1704 1805/1805/1705 1806/1806/1706
f 1182/1182/1121 1806/1806/1706 1184/1184/1123
f 1806/1806/1706 1182/1182/1121 1804/1804/1704
f 1806/1806/1706 1807/1807/1707 1808/1808/1708
f 1806/1806/1706 1805/1805/1705 1807/1807/1707
f 1184/1184/1123 1808/1808/1708 1186/1186/1125
f 1808/1808/1708 1184/1184/1123 1806/1806/1706
f 1808/1808/1708 1807/1807/1707 1809/1809/1709
f 1809/1809/1709 1810/1810/1710 1808/1808/1708
f 1810/1810/1710 1186/1186/1125 1808/1808/1708
f 1186/1186/1125 1810/1810/1710 1811/1811/1711
f 1811/1811/1711 1812/1812/1712 1813/1813/1713
f 1812/1812/1712 1811/1811/1711 1810/1810/1710
f 1189/1189/1128 1813/1813/1713 1814/1814/1714
f 1813/1813/1713 1189/1189/1128 1811/1811/1711
f 1186/1186/1125 1811/1811/1711 1187/1187/1126
f 1187/1187/1126 1811/1811/1711 1189/1189/1128
f 1814/1814/1714 1815/1815/1715 1816/1816/1716
f 1815/1815/1715 1814/1814/1714 1813/1813/1713
f 1817/1817/1717 1816/1816/1716 1818/1818/1718
f 1816/1816/1716 1817/1817/1717 1814/1814/1714
f 1189/1189/1128 1814/1814/1714 1190/1190/1129
f 1817/1817/1717 1190/1190/1129 1814/1814/1714
f 1817/1817/1717 1819/1819/1719 1820/1820/1720
f 1819/1819/1719 1817/1817/1717 1818/1818/1718
f 1190/1190/1129 1817/1817/1717 1192/1192/1131
f 1192/1192/1131 1817/1817/1717 1820/1820/1720
f 1820/1820/1720 1821/1821/1721 1822/1822/1722
f 1821/1821/1721 1820/1820/1720 1819/1819/1719
f 1192/1192/1131 1822/1822/1722 1194/1194/1133
f 1822/1822/1722 1192/1192/1131 1820/1820/1720
f 1822/1822/1722 1823/1823/1723 1824/1824/1724
f 1823/1823/1723 1822/1822/1722 1821/1821/1721
f 1194/1194/1133 1822/1822/1722 1196/1196/1135
f 1196/1196/1135 1822/1822/1722 1824/1824/1724
f 1825/1825/1725 1823/1823/1723 1826/1826/1726
f 1823/1823/1723 1825/1825/1725 1824/1824/1724
f 1824/1824/1724 1827/1827/1727 1196/1196/1135
f 1827/1827/1727 1824/1824/1724 1825/1825/1725
f 1199/1199/1138 1196/1196/1135 1827/1827/1727
f 1196/1196/1135 1199/1199/1138 1195/1195/1134
f 1828/1828/1728 1827/1827/1727 1825/1825/1725
f 1827/1827/1727 1828/1828/1728 1829/1829/1729
f 1199/1199/1138 1829/1829/1729 1830/1830/1730
f 1829/1829/1729 1199/1199/1138 1827/1827/1727
f 1830/1830/1730 1557/1557/1467 1554/1554/1464
f 1557/1557/1467 1830/1830/1730 1829/1829/1729
f 1202/1202/1141 1554/1554/1464 1552/1552/1462
f 1554/1554/1464 1202/1202/1141 1830/1830/1730
f 1202/1202/1141 1198/1198/1137 1830/1830/1730
f 1198/1198/1137 1199/1199/1138 1830/1830/1730
f 1829/1829/1729 1831/1831/1731 1557/1557/1467
f 1829/1829/1729 1828/1828/1728 1831/1831/1731
f 1828/1828/1728 1832/1832/1732 1831/1831/1731
f 1832/1832/1732 1828/1828/1728 1833/1833/1733
f 1831/1831/1731 1834/1834/1734 1560/1560/1470
f 1834/1834/1734 1831/1831/1731 1832/1832/1732
f 1557/1557/1467 1560/1560/1470 1556/1556/1466
f 1560/1560/1470 1557/1557/1467 1831/1831/1731
f 1832/1832/1732 1835/1835/1735 1834/1834/1734
f 1835/1835/1735 1832/1832/1732 1836/1836/1736
f 1834/1834/1734 1837/1837/1737 1563/1563/1473
f 1837/1837/1737 1834/1834/1734 1835/1835/1735
f 1560/1560/1470 1563/1563/1473 1559/1559/1469
f 1563/1563/1473 1560/1560/1470 1834/1834/1734
f 1835/1835/1735 1838/1838/1738 1837/1837/1737
f 1838/1838/1738 1835/1835/1735 1839/1839/1739
f 1837/1837/1737 420/420/408 1565/1565/1475
f 1837/1837/1737 1838/1838/1738 420/420/408
f 1563/1563/1473 1565/1565/1475 1562/1562/1472
f 1565/1565/1475 1563/1563/1473 1837/1837/1737
f 1839/1839/1739 1840/1840/1740 1838/1838/1738
f 1840/1840/1740 1839/1839/1739 1841/1841/1741
f 1838/1838/1738 417/417/405 420/420/408
f 1838/1838/1738 1840/1840/1740 417/417/405
f 1842/1842/1742 1840/1840/1740 1843/1843/1743
f 1843/1843/1743 1840/1840/1740 1841/1841/1741
f 417/417/405 1842/1842/1742 415/415/403
f 1842/1842/1742 417/417/405 1840/1840/1740
f 1844/1844/1744 1843/1843/1743 1845/1845/1745
f 1843/1843/1743 1844/1844/1744 1842/1842/1742
f 415/415/403 1844/1844/1744 1572/1572/1482
f 1844/1844/1744 415/415/403 1842/1842/1742
f 1575/1575/1485 1845/1845/1745 1846/1846/1746
f 1845/1845/1745 1575/1575/1485 1844/1844/1744
f 1572/1572/1482 1575/1575/1485 1571/1571/1481
f 1575/1575/1485 1572/1572/1482 1844/1844/1744
f 1846/1846/1746 1847/1847/1747 1848/1848/1748
f 1847/1847/1747 1846/1846/1746 1845/1845/1745
f 1578/1578/1488 1848/1848/1748 1849/1849/1749
f 1848/1848/1748 1578/1578/1488 1846/1846/1746
f 1578/1578/1488 1574/1574/1484 1846/1846/1746
f 1574/1574/1484 1575/1575/1485 1846/1846/1746
f 1848/1848/1748 1850/1850/1750 1849/1849/1749
f 1850/1850/1750 1848/1848/1748 451/451/436
f 1581/1581/1491 1849/1849/1749 1851/1851/1751
f 1851/1851/1751 1849/1849/1749 1850/1850/1750
f 1581/1581/1491 1578/1578/1488 1849/1849/1749
f 1578/1578/1488 1581/1581/1491 1577/1577/1487
f 606/606/580 1850/1850/1750 608/608/582
f 1850/1850/1750 606/606/580 1851/1851/1751
f 606/606/580 1852/1852/1752 1851/1851/1751
f 1852/1852/1752 1584/1584/1494 1851/1851/1751
f 1584/1584/1494 1580/1580/1490 1851/1851/1751
f 1580/1580/1490 1581/1581/1491 1851/1851/1751
f 1852/1852/1752 605/605/579 1853/1853/1753
f 605/605/579 1852/1852/1752 606/606/580
f 1587/1587/1497 1853/1853/1753 1854/1854/1754
f 1853/1853/1753 1587/1587/1497 1852/1852/1752
f 1587/1587/1497 1584/1584/1494 1852/1852/1752
f 1584/1584/1494 1587/1587/1497 1583/1583/1493
f 1854/1854/1754 1855/1855/1755 1856/1856/1756
f 1855/1855/1755 1854/1854/1754 1853/1853/1753
f 1589/1589/1499 1856/1856/1756 1857/1857/1757
f 1856/1856/1756 1589/1589/1499 1854/1854/1754
f 1589/1589/1499 1587/1587/1497 1854/1854/1754
f 1587/1587/1497 1589/1589/1499 1586/1586/1496
f 1858/1858/1758 1856/1856/1756 1859/1859/1759
f 1856/1856/1756 1858/1858/1758 1857/1857/1757
f 1592/1592/1502 1858/1858/1758 1860/1860/1760
f 1858/1858/1758 1592/1592/1502 1857/1857/1757
f 1592/1592/1502 1590/1590/1500 1857/1857/1757
f 1590/1590/1500 1589/1589/1499 1857/1857/1757
f 1860/1860/1760 1861/1861/1761 1862/1862/1762
f 1861/1861/1761 1860/1860/1760 1858/1858/1758
f 1863/1863/1763 1862/1862/1762 1864/1864/1764
f 1862/1862/1762 1863/1863/1763 1860/1860/1760
f 1863/1863/1763 1593/1593/1503 1860/1860/1760
f 1593/1593/1503 1592/1592/1502 1860/1860/1760
f 1863/1863/1763 1865/1865/1765 1866/1866/1766
f 1865/1865/1765 1863/1863/1763 1864/1864/1764
f 1866/1866/1766 1593/1593/1503 1863/1863/1763
f 1593/1593/1503 1866/1866/1766 1595/1595/1505
f 1866/1866/1766 1867/1867/1767 1600/1600/1510
f 1867/1867/1767 1866/1866/1766 1865/1865/1765
f 1595/1595/1505 1600/1600/1510 1597/1597/1507
f 1600/1600/1510 1595/1595/1505 1866/1866/1766
f 1865/1865/1765 1868/1868/1768 1867/1867/1767
f 1868/1868/1768 1865/1865/1765 1869/1869/1769
f 1867/1867/1767 1870/1870/1770 1602/1602/1512
f 1870/1870/1770 1867/1867/1767 1868/1868/1768
f 1600/1600/1510 1602/1602/1512 1599/1599/1509
f 1602/1602/1512 1600/1600/1510 1867/1867/1767
f 1868/1868/1768 1871/1871/1771 1870/1870/1770
f 1871/1871/1771 1868/1868/1768 1872/1872/1772
f 1870/1870/1770 1873/1873/1773 1606/1606/1516
f 1873/1873/1773 1870/1870/1770 1871/1871/1771
f 1603/1603/1513 1602/1602/1512 1870/1870/1770
f 1603/1603/1513 1870/1870/1770 1606/1606/1516
f 1871/1871/1771 1874/1874/1774 1873/1873/1773
f 1874/1874/1774 1871/1871/1771 1875/1875/1775
f 1873/1873/1773 1876/1876/1776 1608/1608/1518
f 1876/1876/1776 1873/1873/1773 1874/1874/1774
f 1606/1606/1516 1873/1873/1773 1605/1605/1515
f 1608/1608/1518 1605/1605/1515 1873/1873/1773
f 1874/1874/1774 1877/1877/1777 1876/1876/1776
f 1877/1877/1777 1874/1874/1774 1878/1878/1778
f 1876/1876/1776 1879/1879/1779 1611/1611/1521
f 1879/1879/1779 1876/1876/1776 1877/1877/1777
f 1608/1608/1518 1876/1876/1776 1609/1609/1519
f 1611/1611/1521 1609/1609/1519 1876/1876/1776
f 1880/1880/1780 1878/1878/1778 1881/1881/1781
f 1878/1878/1778 1880/1880/1780 1877/1877/1777
f 1879/1879/1779 1880/1880/1780 1882/1882/430
f 1880/1880/1780 1879/1879/1779 1877/1877/1777
f 1881/1881/1781 1883/1883/1782 1880/1880/1780
f 1883/1883/1782 1884/1884/1783 1880/1880/1780
f 1884/1884/1783 1882/1882/430 1880/1880/1780
f 1882/1882/430 1884/1884/1783 1885/1885/96
f 1883/1883/1782 1886/1886/1784 1884/1884/1783
f 1886/1886/1784 1887/1887/1785 1884/1884/1783
f 1887/1887/1785 1885/1885/96 1884/1884/1783
f 1885/1885/96 1887/1887/1785 1888/1888/95
f 1889/1889/1786 1886/1886/1784 1890/1890/1787
f 1886/1886/1784 1889/1889/1786 1887/1887/1785
f 1887/1887/1785 1891/1891/94 1888/1888/95
f 1891/1891/94 1887/1887/1785 1889/1889/1786
f 1892/1892/1788 1890/1890/1787 1893/1893/1789
f 1890/1890/1787 1892/1892/1788 1889/1889/1786
f 1889/1889/1786 1892/1892/1788 1894/1894/1574
f 1889/1889/1786 1894/1894/1574 1891/1891/94
f 1674/1674/1578 1894/1894/1574 1892/1892/1788
f 1894/1894/1574 1674/1674/1578 1676/1676/1575
f 1674/1674/1578 1892/1892/1788 1895/1895/1790
f 1893/1893/1789 1895/1895/1790 1892/1892/1788
f 1895/1895/1790 1682/1682/1584 1675/1675/1579
f 1675/1675/1579 1674/1674/1578 1895/1895/1790
f 1896/1896/1791 1893/1893/1789 1897/1897/1792
f 1893/1893/1789 1896/1896/1791 1895/1895/1790
f 1682/1682/1584 1895/1895/1790 1898/1898/1793
f 1898/1898/1793 1895/1895/1790 1896/1896/1791
f 1898/1898/1793 1681/1681/1583 1682/1682/1584
f 1681/1681/1583 1898/1898/1793 1687/1687/1589
f 1896/1896/1791 1899/1899/1794 1898/1898/1793
f 1899/1899/1794 1896/1896/1791 262/262/255
f 1687/1687/1589 1898/1898/1793 1900/1900/1795
f 1900/1900/1795 1898/1898/1793 1899/1899/1794
f 1687/1687/1589 1691/1691/1593 1686/1686/1588
f 1691/1691/1593 1687/1687/1589 1900/1900/1795
f 1899/1899/1794 1901/1901/1796 1900/1900/1795
f 1901/1901/1796 1899/1899/1794 1902/1902/1797
f 1900/1900/1795 1903/1903/1798 1691/1691/1593
f 1903/1903/1798 1900/1900/1795 1901/1901/1796
f 1691/1691/1593 1695/1695/1597 1690/1690/1592
f 1695/1695/1597 1691/1691/1593 1903/1903/1798
f 1903/1903/1798 1901/1901/1796 1904/1904/1799
f 1903/1903/1798 1904/1904/1799 1905/1905/1800
f 1695/1695/1597 1905/1905/1800 1906/1906/1801
f 1905/1905/1800 1695/1695/1597 1903/1903/1798
f 1696/1696/1598 1695/1695/1597 1906/1906/1801
f 1696/1696/1598 1906/1906/1801 1700/1700/1602
f 1907/1907/1802 1906/1906/1801 1905/1905/1800
f 1906/1906/1801 1907/1907/1802 1908/1908/1803
f 1700/1700/1602 1908/1908/1803 1909/1909/1804
f 1908/1908/1803 1700/1700/1602 1906/1906/1801
f 1705/1705/1607 1701/1701/1603 1909/1909/1804
f 1701/1701/1603 1700/1700/1602 1909/1909/1804
f 1910/1910/1805 1909/1909/1804 1908/1908/1803
f 1909/1909/1804 1910/1910/1805 1911/1911/1806
f 1705/1705/1607 1911/1911/1806 1912/1912/1807
f 1911/1911/1806 1705/1705/1607 1909/1909/1804
f 1708/1708/1610 1706/1706/1608 1912/1912/1807
f 1706/1706/1608 1705/1705/1607 1912/1912/1807
f 1913/1913/1808 1912/1912/1807 1911/1911/1806
f 1912/1912/1807 1913/1913/1808 1914/1914/1809
f 1708/1708/1610 1914/1914/1809 1711/1711/1613
f 1914/1914/1809 1708/1708/1610 1912/1912/1807
f 1915/1915/1810 1914/1914/1809 1913/1913/1808
f 1914/1914/1809 1915/1915/1810 1916/1916/1811
f 1711/1711/1613 1916/1916/1811 1917/1917/1812
f 1916/1916/1811 1711/1711/1613 1914/1914/1809
f 1711/1711/1613 1715/1715/1617 1710/1710/1612
f 1715/1715/1617 1711/1711/1613 1917/1917/1812
f 1918/1918/1813 1917/1917/1812 1916/1916/1811
f 1917/1917/1812 1918/1918/1813 1919/1919/1814
f 1715/1715/1617 1919/1919/1814 1920/1920/1815
f 1919/1919/1814 1715/1715/1617 1917/1917/1812
f 1717/1717/1619 1714/1714/1616 1920/1920/1815
f 1714/1714/1616 1715/1715/1617 1920/1920/1815
f 1919/1919/1814 1921/1921/1816 1920/1920/1815
f 1921/1921/1816 1919/1919/1814 1922/1922/1817
f 1920/1920/1815 1923/1923/1818 1717/1717/1619
f 1923/1923/1818 1920/1920/1815 1921/1921/1816
f 1720/1720/1622 1718/1718/1620 1923/1923/1818
f 1718/1718/1620 1717/1717/1619 1923/1923/1818
f 1921/1921/1816 1924/1924/1819 1923/1923/1818
f 1924/1924/1819 1921/1921/1816 1925/1925/1820
f 1720/1720/1622 1923/1923/1818 1723/1723/1625
f 1723/1723/1625 1923/1923/1818 1924/1924/1819
f 1925/1925/1820 1926/1926/1821 1924/1924/1819
f 1926/1926/1821 1925/1925/1820 1927/1927/1822
f 1723/1723/1625 1924/1924/1819 1928/1928/1823
f 1928/1928/1823 1924/1924/1819 1926/1926/1821
f 1727/1727/1629 1723/1723/1625 1928/1928/1823
f 1723/1723/1625 1727/1727/1629 1722/1722/1624
f 1929/1929/1824 1926/1926/1821 1930/1930/1825
f 1926/1926/1821 1929/1929/1824 1928/1928/1823
f 1727/1727/1629 1928/1928/1823 1931/1931/1826
f 1931/1931/1826 1928/1928/1823 1929/1929/1824
f 1732/1732/1634 1727/1727/1629 1931/1931/1826
f 1727/1727/1629 1732/1732/1634 1726/1726/1628
f 1929/1929/1824 1932/1932/1827 1931/1931/1826
f 1932/1932/1827 1929/1929/1824 1933/1933/1828
f 1732/1732/1634 1931/1931/1826 1934/1934/1829
f 1934/1934/1829 1931/1931/1826 1932/1932/1827
f 1732/1732/1634 1737/1737/1639 1731/1731/1633
f 1737/1737/1639 1732/1732/1634 1934/1934/1829
f 1935/1935/1830 1932/1932/1827 1936/1936/1831
f 1932/1932/1827 1935/1935/1830 1934/1934/1829
f 1934/1934/1829 1937/1937/1832 1737/1737/1639
f 1937/1937/1832 1934/1934/1829 1935/1935/1830
f 1737/1737/1639 1742/1742/1644 1736/1736/1638
f 1742/1742/1644 1737/1737/1639 1937/1937/1832
f 1937/1937/1832 1938/1938/1833 1939/1939/1834
f 1938/1938/1833 1937/1937/1832 1935/1935/1830
f 1937/1937/1832 1940/1940/1835 1742/1742/1644
f 1940/1940/1835 1937/1937/1832 1939/1939/1834
f 1742/1742/1644 1747/1747/1649 1741/1741/1643
f 1747/1747/1649 1742/1742/1644 1940/1940/1835
f 1940/1940/1835 1941/1941/1836 1942/1942/1837
f 1941/1941/1836 1940/1940/1835 1939/1939/1834
f 1747/1747/1649 1942/1942/1837 1943/1943/1838
f 1942/1942/1837 1747/1747/1649 1940/1940/1835
f 1747/1747/1649 1751/1751/1653 1746/1746/1648
f 1751/1751/1653 1747/1747/1649 1943/1943/1838
f 1943/1943/1838 1944/1944/1839 1945/1945/1840
f 1944/1944/1839 1943/1943/1838 1942/1942/1837
f 1751/1751/1653 1945/1945/1840 1946/1946/1841
f 1945/1945/1840 1751/1751/1653 1943/1943/1838
f 1756/1756/1658 1752/1752/1654 1946/1946/1841
f 1752/1752/1654 1751/1751/1653 1946/1946/1841
f 1946/1946/1841 1947/1947/1842 1948/1948/1843
f 1947/1947/1842 1946/1946/1841 1945/1945/1840
f 1756/1756/1658 1948/1948/1843 1949/1949/1844
f 1948/1948/1843 1756/1756/1658 1946/1946/1841
f 1761/1761/1663 1757/1757/1659 1949/1949/1844
f 1757/1757/1659 1756/1756/1658 1949/1949/1844
f 1949/1949/1844 1950/1950/1845 1951/1951/1846
f 1950/1950/1845 1949/1949/1844 1948/1948/1843
f 1761/1761/1663 1951/1951/1846 1952/1952/1847
f 1951/1951/1846 1761/1761/1663 1949/1949/1844
f 1766/1766/1668 1762/1762/1664 1952/1952/1847
f 1762/1762/1664 1761/1761/1663 1952/1952/1847
f 1952/1952/1847 1953/1953/1848 1954/1954/1849
f 1953/1953/1848 1952/1952/1847 1951/1951/1846
f 1766/1766/1668 1954/1954/1849 1772/1772/1674
f 1954/1954/1849 1766/1766/1668 1952/1952/1847
f 1954/1954/1849 1784/1784/1684 1782/1782/1682
f 1784/1784/1684 1954/1954/1849 1953/1953/1848
f 1772/1772/1674 1782/1782/1682 1773/1773/1675
f 1782/1782/1682 1772/1772/1674 1954/1954/1849
f 1951/1951/1846 1955/1955/1850 1953/1953/1848
f 1955/1955/1850 1951/1951/1846 1950/1950/1845
f 1953/1953/1848 1786/1786/1686 1784/1784/1684
f 1786/1786/1686 1953/1953/1848 1955/1955/1850
f 1955/1955/1850 1950/1950/1845 1956/1956/1851
f 1955/1955/1850 1956/1956/1851 1957/1957/1852
f 1786/1786/1686 1957/1957/1852 1788/1788/1688
f 1957/1957/1852 1786/1786/1686 1955/1955/1850
f 1956/1956/1851 1958/1958/1853 1957/1957/1852
f 1958/1958/1853 1956/1956/1851 1959/1959/1854
f 1788/1788/1688 1958/1958/1853 1790/1790/1690
f 1958/1958/1853 1788/1788/1688 1957/1957/1852
f 1959/1959/1854 1960/1960/1855 1958/1958/1853
f 1960/1960/1855 1959/1959/1854 1961/1961/1856
f 1958/1958/1853 1792/1792/1692 1790/1790/1690
f 1792/1792/1692 1958/1958/1853 1960/1960/1855
f 1960/1960/1855 1961/1961/1856 1962/1962/1857
f 1960/1960/1855 1962/1962/1857 1963/1963/1858
f 1960/1960/1855 1794/1794/1694 1792/1792/1692
f 1794/1794/1694 1960/1960/1855 1963/1963/1858
f 1963/1963/1858 1962/1962/1857 1964/1964/1859
f 1963/1963/1858 1964/1964/1859 1799/1799/1699
f 1794/1794/1694 1799/1799/1699 1795/1795/1695
f 1799/1799/1699 1794/1794/1694 1963/1963/1858
f 1962/1962/1857 1965/1965/1860 1964/1964/1859
f 1965/1965/1860 1962/1962/1857 1966/1966/1861
f 1964/1964/1859 1965/1965/1860 1967/1967/1862
f 1964/1964/1859 1967/1967/1862 1802/1802/1702
f 1799/1799/1699 1802/1802/1702 1798/1798/1698
f 1802/1802/1702 1799/1799/1699 1964/1964/1859
f 1965/1965/1860 1968/1968/1863 1967/1967/1862
f 1968/1968/1863 1965/1965/1860 1969/1969/1864
f 1967/1967/1862 1968/1968/1863 1970/1970/1865
f 1967/1967/1862 1970/1970/1865 1971/1971/1866
f 1971/1971/1866 1802/1802/1702 1967/1967/1862
f 1802/1802/1702 1971/1971/1866 1801/1801/1701
f 1971/1971/1866 1970/1970/1865 1972/1972/1867
f 1971/1971/1866 1972/1972/1867 1973/1973/1868
f 1973/1973/1868 1801/1801/1701 1971/1971/1866
f 1801/1801/1701 1973/1973/1868 1803/1803/1703
f 1973/1973/1868 1972/1972/1867 1974/1974/1869
f 1973/1973/1868 1974/1974/1869 1975/1975/1870
f 1803/1803/1703 1975/1975/1870 1805/1805/1705
f 1975/1975/1870 1803/1803/1703 1973/1973/1868
f 1975/1975/1870 1974/1974/1869 1976/1976/1871
f 1975/1975/1870 1976/1976/1871 1977/1977/1872
f 1805/1805/1705 1977/1977/1872 1807/1807/1707
f 1977/1977/1872 1805/1805/1705 1975/1975/1870
f 1977/1977/1872 1976/1976/1871 1978/1978/1873
f 1977/1977/1872 1978/1978/1873 1979/1979/1874
f 1979/1979/1874 1807/1807/1707 1977/1977/1872
f 1807/1807/1707 1979/1979/1874 1809/1809/1709
f 1979/1979/1874 1978/1978/1873 1980/1980/1875
f 1979/1979/1874 1980/1980/1875 1981/1981/1876
f 1809/1809/1709 1981/1981/1876 1982/1982/1877
f 1981/1981/1876 1809/1809/1709 1979/1979/1874
f 1982/1982/1877 1983/1983/1878 1984/1984/1879
f 1983/1983/1878 1982/1982/1877 1981/1981/1876
f 1812/1812/1712 1984/1984/1879 1985/1985/1880
f 1984/1984/1879 1812/1812/1712 1982/1982/1877
f 1812/1812/1712 1810/1810/1710 1982/1982/1877
f 1810/1810/1710 1809/1809/1709 1982/1982/1877
f 1985/1985/1880 1986/1986/1881 1987/1987/1882
f 1986/1986/1881 1985/1985/1880 1984/1984/1879
f 1815/1815/1715 1987/1987/1882 1988/1988/1883
f 1987/1987/1882 1815/1815/1715 1985/1985/1880
f 1815/1815/1715 1813/1813/1713 1985/1985/1880
f 1813/1813/1713 1812/1812/1712 1985/1985/1880
f 1988/1988/1883 1989/1989/1884 1990/1990/1885
f 1989/1989/1884 1988/1988/1883 1987/1987/1882
f 1991/1991/1886 1990/1990/1885 1992/1992/1887
f 1990/1990/1885 1991/1991/1886 1988/1988/1883
f 1991/1991/1886 1816/1816/1716 1988/1988/1883
f 1816/1816/1716 1815/1815/1715 1988/1988/1883
f 1991/1991/1886 1993/1993/1888 1994/1994/1889
f 1993/1993/1888 1991/1991/1886 1992/1992/1887
f 1994/1994/1889 1818/1818/1718 1991/1991/1886
f 1818/1818/1718 1816/1816/1716 1991/1991/1886
f 1994/1994/1889 1995/1995/1890 1996/1996/1891
f 1995/1995/1890 1994/1994/1889 1993/1993/1888
f 1818/1818/1718 1996/1996/1891 1819/1819/1719
f 1996/1996/1891 1818/1818/1718 1994/1994/1889
f 1996/1996/1891 1997/1997/1892 1998/1998/1893
f 1997/1997/1892 1996/1996/1891 1995/1995/1890
f 1819/1819/1719 1998/1998/1893 1821/1821/1721
f 1998/1998/1893 1819/1819/1719 1996/1996/1891
f 1998/1998/1893 1999/1999/1894 2000/2000/1895
f 1999/1999/1894 1998/1998/1893 1997/1997/1892
f 1821/1821/1721 2000/2000/1895 1823/1823/1723
f 2000/2000/1895 1821/1821/1721 1998/1998/1893
f 2001/2001/1896 1999/1999/1894 2002/2002/1897
f 1999/1999/1894 2001/2001/1896 2000/2000/1895
f 1823/1823/1723 2000/2000/1895 1826/1826/1726
f 1826/1826/1726 2000/2000/1895 2001/2001/1896
f 2001/2001/1896 2003/2003/1898 2004/2004/1899
f 2003/2003/1898 2001/2001/1896 2002/2002/1897
f 1826/1826/1726 2004/2004/1899 1833/1833/1733
f 2004/2004/1899 1826/1826/1726 2001/2001/1896
f 2004/2004/1899 2005/2005/1900 1836/1836/1736
f 2005/2005/1900 2004/2004/1899 2003/2003/1898
f 1833/1833/1733 1836/1836/1736 1832/1832/1732
f 1836/1836/1736 1833/1833/1733 2004/2004/1899
f 2003/2003/1898 2006/2006/1901 2005/2005/1900
f 2006/2006/1901 2003/2003/1898 2007/2007/1902
f 2005/2005/1900 2006/2006/1901 1841/1841/1741
f 2005/2005/1900 1841/1841/1741 1839/1839/1739
f 1836/1836/1736 1839/1839/1739 1835/1835/1735
f 1839/1839/1739 1836/1836/1736 2005/2005/1900
f 2006/2006/1901 2007/2007/1902 452/452/437
f 452/452/437 2008/2008/1903 2006/2006/1901
f 2006/2006/1901 2008/2008/1903 1843/1843/1743
f 2006/2006/1901 1843/1843/1743 1841/1841/1741
f 1847/1847/1747 2008/2008/1903 450/450/435
f 450/450/435 2008/2008/1903 452/452/437
f 1847/1847/1747 1843/1843/1743 2008/2008/1903
f 1843/1843/1743 1847/1847/1747 1845/1845/1745
f 2009/2009/1904 2003/2003/1898 2002/2002/1897
f 2003/2003/1898 2009/2009/1904 2007/2007/1902
f 2007/2007/1902 2009/2009/1904 453/453/438
f 453/453/438 452/452/437 2007/2007/1902
f 2002/2002/1897 2010/2010/1905 2009/2009/1904
f 2010/2010/1905 2002/2002/1897 1999/1999/1894
f 2009/2009/1904 2010/2010/1905 2011/2011/1906
f 2011/2011/1906 453/453/438 2009/2009/1904
f 2012/2012/1907 2011/2011/1906 2013/2013/1908
f 2010/2010/1905 2013/2013/1908 2011/2011/1906
f 2014/2014/1909 2012/2012/1907 2015/2015/1910
f 2012/2012/1907 2014/2014/1909 2011/2011/1906
f 2014/2014/1909 446/446/431 2011/2011/1906
f 446/446/431 453/453/438 2011/2011/1906
f 2016/2016/1911 2015/2015/1910 2017/2017/1912
f 2015/2015/1910 2016/2016/1911 2014/2014/1909
f 2016/2016/1911 447/447/432 2014/2014/1909
f 447/447/432 446/446/431 2014/2014/1909
f 2018/2018/1913 2017/2017/1912 2019/2019/1914
f 2017/2017/1912 2018/2018/1913 2016/2016/1911
f 2016/2016/1911 2018/2018/1913 2020/2020/1915
f 2020/2020/1915 447/447/432 2016/2016/1911
f 2021/2021/1916 2018/2018/1913 2022/2022/1917
f 2018/2018/1913 2021/2021/1916 2020/2020/1915
f 2021/2021/1916 1855/1855/1755 2020/2020/1915
f 1855/1855/1755 609/609/583 2020/2020/1915
f 609/609/583 447/447/432 2020/2020/1915
f 447/447/432 609/609/583 448/448/433
f 1859/1859/1759 2021/2021/1916 2023/2023/1918
f 2023/2023/1918 2021/2021/1916 2022/2022/1917
f 1859/1859/1759 1856/1856/1756 2021/2021/1916
f 1856/1856/1756 1855/1855/1755 2021/2021/1916
f 2023/2023/1918 2024/2024/1919 2025/2025/1920
f 2024/2024/1919 2023/2023/1918 2022/2022/1917
f 1861/1861/1761 2025/2025/1920 2026/2026/1921
f 2025/2025/1920 1861/1861/1761 2023/2023/1918
f 1861/1861/1761 1858/1858/1758 2023/2023/1918
f 1858/1858/1758 1859/1859/1759 2023/2023/1918
f 2026/2026/1921 2027/2027/1922 2028/2028/1923
f 2027/2027/1922 2026/2026/1921 2025/2025/1920
f 2029/2029/1924 2028/2028/1923 2030/2030/1925
f 2028/2028/1923 2029/2029/1924 2026/2026/1921
f 2029/2029/1924 1862/1862/1762 2026/2026/1921
f 1862/1862/1762 1861/1861/1761 2026/2026/1921
f 2031/2031/1926 2029/2029/1924 2032/2032/1927
f 2032/2032/1927 2029/2029/1924 2030/2030/1925
f 2031/2031/1926 1864/1864/1764 2029/2029/1924
f 1864/1864/1764 1862/1862/1762 2029/2029/1924
f 2031/2031/1926 2033/2033/1928 1869/1869/1769
f 2033/2033/1928 2031/2031/1926 2032/2032/1927
f 1869/1869/1769 1864/1864/1764 2031/2031/1926
f 1864/1864/1764 1869/1869/1769 1865/1865/1765
f 2032/2032/1927 2034/2034/1929 2033/2033/1928
f 2034/2034/1929 2032/2032/1927 2035/2035/1930
f 1872/1872/1772 2033/2033/1928 2036/2036/1931
f 2036/2036/1931 2033/2033/1928 2034/2034/1929
f 1869/1869/1769 1872/1872/1772 1868/1868/1768
f 1872/1872/1772 1869/1869/1769 2033/2033/1928
f 2037/2037/1932 2034/2034/1929 2038/2038/1933
f 2034/2034/1929 2037/2037/1932 2036/2036/1931
f 1875/1875/1775 2036/2036/1931 2039/2039/1934
f 2039/2039/1934 2036/2036/1931 2037/2037/1932
f 1872/1872/1772 1875/1875/1775 1871/1871/1771
f 1875/1875/1775 1872/1872/1772 2036/2036/1931
f 2037/2037/1932 2040/2040/1935 2039/2039/1934
f 2040/2040/1935 2037/2037/1932 2041/2041/1936
f 1878/1878/1778 2039/2039/1934 1881/1881/1781
f 1881/1881/1781 2039/2039/1934 2040/2040/1935
f 1875/1875/1775 1878/1878/1778 1874/1874/1774
f 1878/1878/1778 1875/1875/1775 2039/2039/1934
f 2042/2042/1937 2041/2041/1936 2043/2043/1938
f 2041/2041/1936 2042/2042/1937 2040/2040/1935
f 2040/2040/1935 2042/2042/1937 1883/1883/1782
f 1883/1883/1782 1881/1881/1781 2040/2040/1935
f 2044/2044/1939 2043/2043/1938 2045/2045/1940
f 2043/2043/1938 2044/2044/1939 2042/2042/1937
f 2044/2044/1939 1883/1883/1782 2042/2042/1937
f 1883/1883/1782 2044/2044/1939 1886/1886/1784
f 2046/2046/1941 2045/2045/1940 260/260/253
f 2045/2045/1940 2046/2046/1941 2044/2044/1939
f 2046/2046/1941 1886/1886/1784 2044/2044/1939
f 1886/1886/1784 2046/2046/1941 1890/1890/1787
f 1897/1897/1792 260/260/253 259/259/252
f 260/260/253 1897/1897/1792 2046/2046/1941
f 1897/1897/1792 1890/1890/1787 2046/2046/1941
f 1890/1890/1787 1897/1897/1792 1893/1893/1789
f 260/260/253 2047/2047/1942 254/254/247
f 2047/2047/1942 260/260/253 2045/2045/1940
f 2045/2045/1940 2048/2048/1943 2047/2047/1942
f 2048/2048/1943 2045/2045/1940 2043/2043/1938
f 2048/2048/1943 2049/2049/1944 2047/2047/1942
f 2049/2049/1944 2048/2048/1943 2050/2050/1945
f 2043/2043/1938 2051/2051/1946 2048/2048/1943
f 2051/2051/1946 2043/2043/1938 2041/2041/1936
f 2048/2048/1943 2052/2052/1947 2050/2050/1945
f 2052/2052/1947 2048/2048/1943 2051/2051/1946
f 2053/2053/1948 2050/2050/1945 2052/2052/1947
f 2050/2050/1945 2053/2053/1948 2054/2054/1949
f 2051/2051/1946 2055/2055/1950 2052/2052/1947
f 2055/2055/1950 2051/2051/1946 2038/2038/1933
f 2055/2055/1950 2053/2053/1948 2052/2052/1947
f 2053/2053/1948 2055/2055/1950 2056/2056/1951
f 2056/2056/1951 2057/2057/1952 2053/2053/1948
f 2057/2057/1952 2056/2056/1951 2058/2058/1953
f 2055/2055/1950 2035/2035/1930 2056/2056/1951
f 2035/2035/1930 2059/2059/1954 2056/2056/1951
f 2059/2059/1954 2058/2058/1953 2056/2056/1951
f 2058/2058/1953 2059/2059/1954 2060/2060/1955
f 2060/2060/1955 2061/2061/1956 2058/2058/1953
f 2061/2061/1956 2060/2060/1955 2062/2062/1957
f 2059/2059/1954 2030/2030/1925 2060/2060/1955
f 2030/2030/1925 2028/2028/1923 2060/2060/1955
f 2028/2028/1923 2062/2062/1957 2060/2060/1955
f 2062/2062/1957 2028/2028/1923 2027/2027/1922
f 2061/2061/1956 2063/2063/1958 2064/2064/1959
f 2063/2063/1958 2061/2061/1956 2065/2065/1960
f 2058/2058/1953 2064/2064/1959 2057/2057/1952
f 2064/2064/1959 2058/2058/1953 2061/2061/1956
f 2062/2062/1957 2065/2065/1960 2061/2061/1956
f 2065/2065/1960 2062/2062/1957 2066/2066/1961
f 2066/2066/1961 2067/2067/1962 2065/2065/1960
f 2067/2067/1962 2066/2066/1961 2068/2068/1963
f 2062/2062/1957 2027/2027/1922 2066/2066/1961
f 2027/2027/1922 2069/2069/1964 2066/2066/1961
f 2069/2069/1964 2068/2068/1963 2066/2066/1961
f 2068/2068/1963 2069/2069/1964 2070/2070/1965
f 2070/2070/1965 2071/2071/1966 2068/2068/1963
f 2071/2071/1966 2070/2070/1965 2072/2072/1967
f 2069/2069/1964 2024/2024/1919 2070/2070/1965
f 2024/2024/1919 2019/2019/1914 2070/2070/1965
f 2019/2019/1914 2072/2072/1967 2070/2070/1965
f 2072/2072/1967 2019/2019/1914 2017/2017/1912
f 2071/2071/1966 2073/2073/1968 2074/2074/1969
f 2073/2073/1968 2071/2071/1966 2075/2075/1970
f 2068/2068/1963 2074/2074/1969 2067/2067/1962
f 2074/2074/1969 2068/2068/1963 2071/2071/1966
f 2072/2072/1967 2075/2075/1970 2071/2071/1966
f 2075/2075/1970 2072/2072/1967 2076/2076/1971
f 2076/2076/1971 2077/2077/1972 2075/2075/1970
f 2077/2077/1972 2076/2076/1971 2078/2078/1973
f 2072/2072/1967 2017/2017/1912 2076/2076/1971
f 2017/2017/1912 2015/2015/1910 2076/2076/1971
f 2015/2015/1910 2078/2078/1973 2076/2076/1971
f 2078/2078/1973 2015/2015/1910 2012/2012/1907
f 2079/2079/1974 2080/2080/1975 2077/2077/1972
f 2080/2080/1975 2079/2079/1974 2081/2081/1976
f 2075/2075/1970 2080/2080/1975 2073/2073/1968
f 2080/2080/1975 2075/2075/1970 2077/2077/1972
f 2078/2078/1973 2079/2079/1974 2077/2077/1972
f 2079/2079/1974 2078/2078/1973 2082/2082/1977
f 1995/1995/1890 1993/1993/1888 2082/2082/1977
f 1993/1993/1888 2079/2079/1974 2082/2082/1977
f 2082/2082/1977 2012/2012/1907 2013/2013/1908
f 2012/2012/1907 2082/2082/1977 2078/2078/1973
f 1995/1995/1890 2013/2013/1908 1997/1997/1892
f 2013/2013/1908 1995/1995/1890 2082/2082/1977
f 2081/2081/1976 2083/2083/1978 2080/2080/1975
f 2083/2083/1978 2081/2081/1976 2084/2084/1979
f 2073/2073/1968 2083/2083/1978 2085/2085/1980
f 2083/2083/1978 2073/2073/1968 2080/2080/1975
f 2083/2083/1978 2086/2086/1981 2085/2085/1980
f 2086/2086/1981 2083/2083/1978 2087/2087/1982
f 2088/2088/1983 2086/2086/1981 2089/2089/1984
f 2086/2086/1981 2088/2088/1983 2085/2085/1980
f 2088/2088/1983 2074/2074/1969 2085/2085/1980
f 2074/2074/1969 2073/2073/1968 2085/2085/1980
f 2090/2090/1985 2089/2089/1984 2091/2091/1986
f 2089/2089/1984 2090/2090/1985 2088/2088/1983
f 2090/2090/1985 2067/2067/1962 2088/2088/1983
f 2067/2067/1962 2074/2074/1969 2088/2088/1983
f 2063/2063/1958 2091/2091/1986 2092/2092/1987
f 2091/2091/1986 2063/2063/1958 2090/2090/1985
f 2063/2063/1958 2065/2065/1960 2090/2090/1985
f 2065/2065/1960 2067/2067/1962 2090/2090/1985
f 2093/2093/1988 2091/2091/1986 2094/2094/1989
f 2091/2091/1986 2093/2093/1988 2092/2092/1987
f 2095/2095/1990 2092/2092/1987 2096/2096/1991
f 2093/2093/1988 2096/2096/1991 2092/2092/1987
f 2095/2095/1990 2064/2064/1959 2092/2092/1987
f 2064/2064/1959 2063/2063/1958 2092/2092/1987
f 2097/2097/1992 2095/2095/1990 2098/2098/1993
f 2098/2098/1993 2095/2095/1990 2096/2096/1991
f 2097/2097/1992 2057/2057/1952 2095/2095/1990
f 2057/2057/1952 2064/2064/1959 2095/2095/1990
f 2098/2098/1993 2054/2054/1949 2097/2097/1992
f 2054/2054/1949 2098/2098/1993 2099/2099/1994
f 2054/2054/1949 2053/2053/1948 2097/2097/1992
f 2053/2053/1948 2057/2057/1952 2097/2097/1992
f 2100/2100/1995 2099/2099/1994 2101/2101/1996
f 2101/2101/1996 2099/2099/1994 2098/2098/1993
f 2100/2100/1995 255/255/248 2099/2099/1994
f 255/255/248 2049/2049/1944 2099/2099/1994
f 2054/2054/1949 2049/2049/1944 2050/2050/1945
f 2049/2049/1944 2054/2054/1949 2099/2099/1994
f 2101/2101/1996 388/388/376 2100/2100/1995
f 388/388/376 2101/2101/1996 2102/2102/1997
f 255/255/248 2100/2100/1995 256/256/249
f 256/256/249 2100/2100/1995 388/388/376
f 2103/2103/1998 2104/2104/1999 2105/2105/2000
f 2104/2104/1999 2103/2103/1998 2102/2102/1997
f 2103/2103/1998 386/386/374 2102/2102/1997
f 386/386/374 388/388/376 2102/2102/1997
f 2102/2102/1997 2106/2106/2001 2104/2104/1999
f 2106/2106/2001 2102/2102/1997 2101/2101/1996
f 2104/2104/1999 2107/2107/2002 2108/2108/2003
f 2107/2107/2002 2104/2104/1999 2106/2106/2001
f 2101/2101/1996 2096/2096/1991 2106/2106/2001
f 2096/2096/1991 2101/2101/1996 2098/2098/1993
f 2106/2106/2001 2093/2093/1988 2107/2107/2002
f 2093/2093/1988 2106/2106/2001 2096/2096/1991
f 2109/2109/2004 2110/2110/2005 2111/2111/2006
f 2110/2110/2005 2109/2109/2004 2108/2108/2003
f 2109/2109/2004 2105/2105/2000 2108/2108/2003
f 2105/2105/2000 2104/2104/1999 2108/2108/2003
f 2108/2108/2003 2107/2107/2002 2112/2112/2007
f 2108/2108/2003 2112/2112/2007 2110/2110/2005
f 2110/2110/2005 2113/2113/2008 2114/2114/2009
f 2113/2113/2008 2110/2110/2005 2112/2112/2007
f 2107/2107/2002 2094/2094/1989 2112/2112/2007
f 2094/2094/1989 2107/2107/2002 2093/2093/1988
f 2094/2094/1989 2113/2113/2008 2112/2112/2007
f 2113/2113/2008 2094/2094/1989 2115/2115/2010
f 2115/2115/2010 2116/2116/2011 2113/2113/2008
f 2116/2116/2011 2115/2115/2010 2117/2117/2012
f 2094/2094/1989 2089/2089/1984 2115/2115/2010
f 2089/2089/1984 2094/2094/1989 2091/2091/1986
f 2089/2089/1984 2117/2117/2012 2115/2115/2010
f 2117/2117/2012 2089/2089/1984 2086/2086/1981
f 2118/2118/2013 2119/2119/2014 2116/2116/2011
f 2119/2119/2014 2118/2118/2013 2120/2120/2015
f 2113/2113/2008 2116/2116/2011 2114/2114/2009
f 2119/2119/2014 2114/2114/2009 2116/2116/2011
f 2116/2116/2011 2117/2117/2012 2121/2121/2016
f 2121/2121/2016 2118/2118/2013 2116/2116/2011
f 2122/2122/2017 2118/2118/2013 2121/2121/2016
f 2118/2118/2013 2122/2122/2017 2123/2123/2018
f 2087/2087/1982 2117/2117/2012 2086/2086/1981
f 2117/2117/2012 2087/2087/1982 2121/2121/2016
f 2087/2087/1982 2124/2124/2019 2121/2121/2016
f 2124/2124/2019 2122/2122/2017 2121/2121/2016
f 2124/2124/2019 2125/2125/2020 2122/2122/2017
f 2125/2125/2020 2124/2124/2019 1989/1989/1884
f 2084/2084/1979 2087/2087/1982 2083/2083/1978
f 2087/2087/1982 2084/2084/1979 2124/2124/2019
f 2084/2084/1979 1989/1989/1884 2124/2124/2019
f 1989/1989/1884 2084/2084/1979 1990/1990/1885
f 1986/1986/1881 2126/2126/2021 2125/2125/2020
f 2126/2126/2021 1986/1986/1881 2127/2127/2022
f 2125/2125/2020 2123/2123/2018 2122/2122/2017
f 2123/2123/2018 2125/2125/2020 2126/2126/2021
f 1989/1989/1884 1987/1987/1882 2125/2125/2020
f 1987/1987/1882 1986/1986/1881 2125/2125/2020
f 2127/2127/2022 2128/2128/2023 2126/2126/2021
f 2128/2128/2023 2127/2127/2022 2129/2129/2024
f 2126/2126/2021 2130/2130/2025 2123/2123/2018
f 2130/2130/2025 2126/2126/2021 2128/2128/2023
f 2128/2128/2023 2131/2131/2026 2130/2130/2025
f 2131/2131/2026 2128/2128/2023 2132/2132/2027
f 2130/2130/2025 2133/2133/2028 2120/2120/2015
f 2133/2133/2028 2130/2130/2025 2131/2131/2026
f 2123/2123/2018 2120/2120/2015 2118/2118/2013
f 2120/2120/2015 2123/2123/2018 2130/2130/2025
f 2131/2131/2026 2134/2134/2029 2133/2133/2028
f 2134/2134/2029 2131/2131/2026 2135/2135/2030
f 2136/2136/2031 2133/2133/2028 2137/2137/2032
f 2137/2137/2032 2133/2133/2028 2134/2134/2029
f 2136/2136/2031 2120/2120/2015 2133/2133/2028
f 2120/2120/2015 2136/2136/2031 2119/2119/2014
f 2138/2138/2033 2136/2136/2031 2139/2139/2034
f 2139/2139/2034 2136/2136/2031 2137/2137/2032
f 2138/2138/2033 2119/2119/2014 2136/2136/2031
f 2119/2119/2014 2138/2138/2033 2114/2114/2009
f 2111/2111/2006 2138/2138/2033 2140/2140/2035
f 2140/2140/2035 2138/2138/2033 2139/2139/2034
f 2111/2111/2006 2114/2114/2009 2138/2138/2033
f 2114/2114/2009 2111/2111/2006 2110/2110/2005
f 2141/2141/2036 2139/2139/2034 2142/2142/2037
f 2139/2139/2034 2141/2141/2036 2140/2140/2035
f 2143/2143/2038 2140/2140/2035 2144/2144/2039
f 2144/2144/2039 2140/2140/2035 2141/2141/2036
f 2143/2143/2038 2111/2111/2006 2140/2140/2035
f 2111/2111/2006 2143/2143/2038 2109/2109/2004
f 2145/2145/2040 2144/2144/2039 2146/2146/2041
f 2144/2144/2039 2145/2145/2040 2143/2143/2038
f 2145/2145/2040 2109/2109/2004 2143/2143/2038
f 2109/2109/2004 2145/2145/2040 2105/2105/2000
f 2147/2147/2042 2146/2146/2041 2148/2148/2043
f 2146/2146/2041 2147/2147/2042 2145/2145/2040
f 2147/2147/2042 2105/2105/2000 2145/2145/2040
f 2105/2105/2000 2147/2147/2042 2103/2103/1998
f 387/387/375 2148/2148/2043 2149/2149/2044
f 2148/2148/2043 387/387/375 2147/2147/2042
f 2147/2147/2042 387/387/375 386/386/374
f 2147/2147/2042 386/386/374 2103/2103/1998
f 263/263/256 2149/2149/2044 2150/2150/2045
f 2150/2150/2045 2149/2149/2044 2151/2151/2046
f 263/263/256 387/387/375 2149/2149/2044
f 387/387/375 263/263/256 258/258/251
f 2149/2149/2044 2152/2152/2047 2151/2151/2046
f 2152/2152/2047 2149/2149/2044 2148/2148/2043
f 2151/2151/2046 2153/2153/2048 2154/2154/2049
f 2153/2153/2048 2151/2151/2046 2152/2152/2047
f 2148/2148/2043 2155/2155/2050 2152/2152/2047
f 2155/2155/2050 2148/2148/2043 2146/2146/2041
f 2152/2152/2047 2156/2156/2051 2153/2153/2048
f 2156/2156/2051 2152/2152/2047 2155/2155/2050
f 2153/2153/2048 2157/2157/2052 2158/2158/2053
f 2157/2157/2052 2153/2153/2048 2156/2156/2051
f 2155/2155/2050 2159/2159/2054 2156/2156/2051
f 2159/2159/2054 2155/2155/2050 2160/2160/2055
f 2156/2156/2051 2161/2161/2056 2157/2157/2052
f 2161/2161/2056 2156/2156/2051 2159/2159/2054
f 2157/2157/2052 2162/2162/2057 2163/2163/2058
f 2162/2162/2057 2157/2157/2052 2161/2161/2056
f 2161/2161/2056 2159/2159/2054 2164/2164/2059
f 2161/2161/2056 2164/2164/2059 2165/2165/2060
f 2162/2162/2057 2165/2165/2060 2166/2166/2061
f 2165/2165/2060 2162/2162/2057 2161/2161/2056
f 1915/1915/1810 2162/2162/2057 2166/2166/2061
f 1915/1915/1810 2166/2166/2061 2167/2167/2062
f 2166/2166/2061 2165/2165/2060 2168/2168/2063
f 2166/2166/2061 2168/2168/2063 2169/2169/2064
f 2167/2167/2062 2169/2169/2064 2170/2170/2065
f 2169/2169/2064 2167/2167/2062 2166/2166/2061
f 2171/2171/2066 1918/1918/1813 2170/2170/2065
f 1918/1918/1813 2167/2167/2062 2170/2170/2065
f 2170/2170/2065 2172/2172/2067 2173/2173/2068
f 2172/2172/2067 2170/2170/2065 2169/2169/2064
f 2171/2171/2066 2173/2173/2068 2174/2174/2069
f 2173/2173/2068 2171/2171/2066 2170/2170/2065
f 2175/2175/2070 1922/1922/1817 2174/2174/2069
f 1922/1922/1817 2171/2171/2066 2174/2174/2069
f 2176/2176/2071 2174/2174/2069 2173/2173/2068
f 2174/2174/2069 2176/2176/2071 2177/2177/2072
f 2175/2175/2070 2177/2177/2072 2178/2178/2073
f 2177/2177/2072 2175/2175/2070 2174/2174/2069
f 1927/1927/1822 2175/2175/2070 2178/2178/2073
f 2175/2175/2070 1927/1927/1822 1925/1925/1820
f 2178/2178/2073 2179/2179/2074 2180/2180/2075
f 2179/2179/2074 2178/2178/2073 2177/2177/2072
f 2178/2178/2073 2181/2181/2076 1927/1927/1822
f 2181/2181/2076 2178/2178/2073 2180/2180/2075
f 1930/1930/1825 1927/1927/1822 2181/2181/2076
f 1927/1927/1822 1930/1930/1825 1926/1926/1821
f 2182/2182/2077 2180/2180/2075 2183/2183/2078
f 2180/2180/2075 2182/2182/2077 2181/2181/2076
f 1930/1930/1825 2181/2181/2076 2184/2184/2079
f 2184/2184/2079 2181/2181/2076 2182/2182/2077
f 1933/1933/1828 1930/1930/1825 2184/2184/2079
f 1930/1930/1825 1933/1933/1828 1929/1929/1824
f 2185/2185/2080 2182/2182/2077 2186/2186/2081
f 2182/2182/2077 2185/2185/2080 2184/2184/2079
f 1933/1933/1828 2184/2184/2079 2187/2187/2082
f 2187/2187/2082 2184/2184/2079 2185/2185/2080
f 2187/2187/2082 1936/1936/1831 1932/1932/1827
f 1932/1932/1827 1933/1933/1828 2187/2187/2082
f 2188/2188/2083 2185/2185/2080 2189/2189/2084
f 2185/2185/2080 2188/2188/2083 2187/2187/2082
f 2187/2187/2082 2190/2190/2085 1936/1936/1831
f 2190/2190/2085 2187/2187/2082 2188/2188/2083
f 1936/1936/1831 1938/1938/1833 1935/1935/1830
f 1938/1938/1833 1936/1936/1831 2190/2190/2085
f 2190/2190/2085 2191/2191/2086 2192/2192/2087
f 2191/2191/2086 2190/2190/2085 2188/2188/2083
f 1938/1938/1833 2192/2192/2087 2193/2193/2088
f 2192/2192/2087 1938/1938/1833 2190/2190/2085
f 1939/1939/1834 1938/1938/1833 2193/2193/2088
f 1939/1939/1834 2193/2193/2088 1941/1941/1836
f 2192/2192/2087 2194/2194/2089 2193/2193/2088
f 2194/2194/2089 2192/2192/2087 1969/1969/1864
f 1941/1941/1836 2194/2194/2089 2195/2195/2090
f 2194/2194/2089 1941/1941/1836 2193/2193/2088
f 1944/1944/1839 1942/1942/1837 2195/2195/2090
f 1942/1942/1837 1941/1941/1836 2195/2195/2090
f 2196/2196/2091 2194/2194/2089 1966/1966/1861
f 2194/2194/2089 2196/2196/2091 2195/2195/2090
f 1944/1944/1839 2196/2196/2091 2197/2197/2092
f 2196/2196/2091 1944/1944/1839 2195/2195/2090
f 1947/1947/1842 1945/1945/1840 2197/2197/2092
f 1945/1945/1840 1944/1944/1839 2197/2197/2092
f 2197/2197/2092 1961/1961/1856 1959/1959/1854
f 1961/1961/1856 2197/2197/2092 2196/2196/2091
f 2197/2197/2092 1956/1956/1851 1947/1947/1842
f 1956/1956/1851 2197/2197/2092 1959/1959/1854
f 1961/1961/1856 1966/1966/1861 1962/1962/1857
f 1966/1966/1861 1961/1961/1856 2196/2196/2091
f 2194/2194/2089 1965/1965/1860 1966/1966/1861
f 1965/1965/1860 2194/2194/2089 1969/1969/1864
f 1969/1969/1864 2191/2191/2086 1968/1968/1863
f 2191/2191/2086 1969/1969/1864 2192/2192/2087
f 2191/2191/2086 2188/2188/2083 2189/2189/2084
f 2191/2191/2086 2189/2189/2084 2198/2198/2093
f 1968/1968/1863 2198/2198/2093 1970/1970/1865
f 2198/2198/2093 1968/1968/1863 2191/2191/2086
f 2198/2198/2093 2189/2189/2084 2199/2199/2094
f 2199/2199/2094 2200/2200/2095 2198/2198/2093
f 1970/1970/1865 2200/2200/2095 1972/1972/1867
f 2200/2200/2095 1970/1970/1865 2198/2198/2093
f 2200/2200/2095 2201/2201/2096 2202/2202/2097
f 2200/2200/2095 2199/2199/2094 2201/2201/2096
f 1972/1972/1867 2202/2202/2097 1974/1974/1869
f 2202/2202/2097 1972/1972/1867 2200/2200/2095
f 2202/2202/2097 2203/2203/2098 2204/2204/2099
f 2202/2202/2097 2201/2201/2096 2203/2203/2098
f 1974/1974/1869 2204/2204/2099 1976/1976/1871
f 2204/2204/2099 1974/1974/1869 2202/2202/2097
f 2204/2204/2099 2205/2205/2100 2206/2206/2101
f 2205/2205/2100 2204/2204/2099 2203/2203/2098
f 1976/1976/1871 2206/2206/2101 1978/1978/1873
f 2206/2206/2101 1976/1976/1871 2204/2204/2099
f 2206/2206/2101 2207/2207/2102 2208/2208/2103
f 2207/2207/2102 2206/2206/2101 2205/2205/2100
f 1978/1978/1873 2208/2208/2103 1980/1980/1875
f 2208/2208/2103 1978/1978/1873 2206/2206/2101
f 2208/2208/2103 2209/2209/2104 2210/2210/2105
f 2209/2209/2104 2208/2208/2103 2207/2207/2102
f 1980/1980/1875 2210/2210/2105 2211/2211/2106
f 2210/2210/2105 1980/1980/1875 2208/2208/2103
f 2211/2211/2106 2212/2212/2107 2129/2129/2024
f 2212/2212/2107 2211/2211/2106 2210/2210/2105
f 1983/1983/1878 2129/2129/2024 2127/2127/2022
f 2129/2129/2024 1983/1983/1878 2211/2211/2106
f 1981/1981/1876 1980/1980/1875 2211/2211/2106
f 1981/1981/1876 2211/2211/2106 1983/1983/1878
f 2210/2210/2105 2213/2213/2108 2212/2212/2107
f 2213/2213/2108 2210/2210/2105 2209/2209/2104
f 2212/2212/2107 2214/2214/2109 2132/2132/2027
f 2214/2214/2109 2212/2212/2107 2213/2213/2108
f 2129/2129/2024 2132/2132/2027 2128/2128/2023
f 2132/2132/2027 2129/2129/2024 2212/2212/2107
f 2213/2213/2108 589/589/565 2214/2214/2109
f 589/589/565 2213/2213/2108 590/590/566
f 2214/2214/2109 2215/2215/2110 2135/2135/2030
f 2215/2215/2110 2214/2214/2109 589/589/565
f 2132/2132/2027 2135/2135/2030 2131/2131/2026
f 2135/2135/2030 2132/2132/2027 2214/2214/2109
f 585/585/561 589/589/565 586/586/562
f 589/589/565 585/585/561 2215/2215/2110
f 2216/2216/2111 585/585/561 2217/2217/2112
f 585/585/561 2216/2216/2111 2215/2215/2110
f 2135/2135/2030 2216/2216/2111 2134/2134/2029
f 2216/2216/2111 2135/2135/2030 2215/2215/2110
f 2218/2218/2113 2217/2217/2112 2219/2219/2114
f 2217/2217/2112 2218/2218/2113 2216/2216/2111
f 2218/2218/2113 2137/2137/2032 2216/2216/2111
f 2137/2137/2032 2134/2134/2029 2216/2216/2111
f 2142/2142/2037 2219/2219/2114 2220/2220/2115
f 2219/2219/2114 2142/2142/2037 2218/2218/2113
f 2137/2137/2032 2142/2142/2037 2139/2139/2034
f 2142/2142/2037 2137/2137/2032 2218/2218/2113
f 2220/2220/2115 2164/2164/2059 2221/2221/2116
f 2164/2164/2059 2220/2220/2115 2222/2222/2117
f 2142/2142/2037 2221/2221/2116 2141/2141/2036
f 2221/2221/2116 2142/2142/2037 2220/2220/2115
f 2222/2222/2117 2219/2219/2114 2223/2223/2118
f 2219/2219/2114 2222/2222/2117 2220/2220/2115
f 2222/2222/2117 2223/2223/2118 2168/2168/2063
f 2168/2168/2063 2223/2223/2118 2224/2224/2119
f 2223/2223/2118 2219/2219/2114 2217/2217/2112
f 2223/2223/2118 2217/2217/2112 2225/2225/2120
f 2224/2224/2119 2225/2225/2120 2226/2226/2121
f 2225/2225/2120 2224/2224/2119 2223/2223/2118
f 2224/2224/2119 2226/2226/2121 2172/2172/2067
f 2227/2227/2122 2172/2172/2067 2226/2226/2121
f 2226/2226/2121 587/587/563 2228/2228/2123
f 2226/2226/2121 2225/2225/2120 587/587/563
f 2227/2227/2122 2228/2228/2123 2229/2229/2124
f 2228/2228/2123 2227/2227/2122 2226/2226/2121
f 2230/2230/2125 2176/2176/2071 2229/2229/2124
f 2176/2176/2071 2227/2227/2122 2229/2229/2124
f 2229/2229/2124 2231/2231/2126 2232/2232/2127
f 2231/2231/2126 2229/2229/2124 2228/2228/2123
f 2230/2230/2125 2229/2229/2124 2233/2233/2128
f 2233/2233/2128 2229/2229/2124 2232/2232/2127
f 2234/2234/2129 2230/2230/2125 2233/2233/2128
f 2230/2230/2125 2234/2234/2129 2179/2179/2074
f 2235/2235/2130 2232/2232/2127 2236/2236/2131
f 2232/2232/2127 2235/2235/2130 2233/2233/2128
f 2237/2237/2132 2234/2234/2129 2233/2233/2128
f 2237/2237/2132 2233/2233/2128 2235/2235/2130
f 2238/2238/2133 2234/2234/2129 2237/2237/2132
f 2234/2234/2129 2238/2238/2133 2183/2183/2078
f 2237/2237/2132 2205/2205/2100 2203/2203/2098
f 2205/2205/2100 2237/2237/2132 2235/2235/2130
f 2203/2203/2098 2201/2201/2096 2237/2237/2132
f 2201/2201/2096 2238/2238/2133 2237/2237/2132
f 2186/2186/2081 2183/2183/2078 2238/2238/2133
f 2183/2183/2078 2186/2186/2081 2182/2182/2077
f 2199/2199/2094 2186/2186/2081 2238/2238/2133
f 2199/2199/2094 2238/2238/2133 2201/2201/2096
f 2205/2205/2100 2236/2236/2131 2207/2207/2102
f 2236/2236/2131 2205/2205/2100 2235/2235/2130
f 2236/2236/2131 2232/2232/2127 2231/2231/2126
f 2236/2236/2131 2231/2231/2126 2239/2239/2134
f 2207/2207/2102 2239/2239/2134 2209/2209/2104
f 2239/2239/2134 2207/2207/2102 2236/2236/2131
f 590/590/566 2231/2231/2126 588/588/564
f 2231/2231/2126 590/590/566 2239/2239/2134
f 2239/2239/2134 2213/2213/2108 2209/2209/2104
f 2213/2213/2108 2239/2239/2134 590/590/566
f 2183/2183/2078 2179/2179/2074 2234/2234/2129
f 2179/2179/2074 2183/2183/2078 2180/2180/2075
f 2228/2228/2123 588/588/564 2231/2231/2126
f 588/588/564 2228/2228/2123 587/587/563
f 2176/2176/2071 2179/2179/2074 2177/2177/2072
f 2179/2179/2074 2176/2176/2071 2230/2230/2125
f 2172/2172/2067 2227/2227/2122 2173/2173/2068
f 2176/2176/2071 2173/2173/2068 2227/2227/2122
f 2225/2225/2120 2217/2217/2112 585/585/561
f 2225/2225/2120 585/585/561 587/587/563
f 2168/2168/2063 2224/2224/2119 2169/2169/2064
f 2172/2172/2067 2169/2169/2064 2224/2224/2119
f 2160/2160/2055 2164/2164/2059 2159/2159/2054
f 2164/2164/2059 2160/2160/2055 2221/2221/2116
f 2160/2160/2055 2144/2144/2039 2221/2221/2116
f 2144/2144/2039 2141/2141/2036 2221/2221/2116
f 2165/2165/2060 2164/2164/2059 2222/2222/2117
f 2165/2165/2060 2222/2222/2117 2168/2168/2063
f 2189/2189/2084 2186/2186/2081 2199/2199/2094
f 2186/2186/2081 2189/2189/2084 2185/2185/2080
f 1922/1922/1817 1925/1925/1820 1921/1921/1816
f 1925/1925/1820 1922/1922/1817 2175/2175/2070
f 1922/1922/1817 1919/1919/1814 2171/2171/2066
f 1919/1919/1814 1918/1918/1813 2171/2171/2066
f 1918/1918/1813 1916/1916/1811 2167/2167/2062
f 1916/1916/1811 1915/1915/1810 2167/2167/2062
f 1910/1910/1805 2163/2163/2058 1911/1911/1806
f 1911/1911/1806 2163/2163/2058 1913/1913/1808
f 2163/2163/2058 1910/1910/1805 2158/2158/2053
f 2158/2158/2053 2157/2157/2052 2163/2163/2058
f 2163/2163/2058 1915/1915/1810 1913/1913/1808
f 1915/1915/1810 2163/2163/2058 2162/2162/2057
f 2160/2160/2055 2155/2155/2050 2146/2146/2041
f 2146/2146/2041 2144/2144/2039 2160/2160/2055
f 1907/1907/1802 1910/1910/1805 1908/1908/1803
f 1910/1910/1805 1907/1907/1802 2158/2158/2053
f 1907/1907/1802 2153/2153/2048 2158/2158/2053
f 2153/2153/2048 1907/1907/1802 2154/2154/2049
f 1904/1904/1799 1907/1907/1802 1905/1905/1800
f 1907/1907/1802 1904/1904/1799 2154/2154/2049
f 1904/1904/1799 2151/2151/2046 2154/2154/2049
f 2151/2151/2046 1904/1904/1799 2150/2150/2045
f 1902/1902/1797 2150/2150/2045 1901/1901/1796
f 1901/1901/1796 2150/2150/2045 1904/1904/1799
f 1902/1902/1797 263/263/256 2150/2150/2045
f 263/263/256 1902/1902/1797 261/261/254
f 1986/1986/1881 1984/1984/1879 2127/2127/2022
f 1984/1984/1879 1983/1983/1878 2127/2127/2022
f 2081/2081/1976 1992/1992/1887 2084/2084/1979
f 1992/1992/1887 1990/1990/1885 2084/2084/1979
f 2079/2079/1974 1993/1993/1888 2081/2081/1976
f 1993/1993/1888 1992/1992/1887 2081/2081/1976
f 2027/2027/1922 2025/2025/1920 2069/2069/1964
f 2025/2025/1920 2024/2024/1919 2069/2069/1964
f 2035/2035/1930 2032/2032/1927 2059/2059/1954
f 2032/2032/1927 2030/2030/1925 2059/2059/1954
f 2035/2035/1930 2038/2038/1933 2034/2034/1929
f 2038/2038/1933 2035/2035/1930 2055/2055/1950
f 2041/2041/1936 2038/2038/1933 2051/2051/1946
f 2038/2038/1933 2041/2041/1936 2037/2037/1932
f 255/255/248 254/254/247 2049/2049/1944
f 254/254/247 2047/2047/1942 2049/2049/1944
f 2022/2022/1917 2019/2019/1914 2024/2024/1919
f 2019/2019/1914 2022/2022/1917 2018/2018/1913
f 1997/1997/1892 2010/2010/1905 1999/1999/1894
f 2010/2010/1905 1997/1997/1892 2013/2013/1908
f 1950/1950/1845 1948/1948/1843 1956/1956/1851
f 1948/1948/1843 1947/1947/1842 1956/1956/1851
f 1899/1899/1794 262/262/255 1902/1902/1797
f 262/262/255 261/261/254 1902/1902/1797
f 1897/1897/1792 262/262/255 1896/1896/1791
f 262/262/255 1897/1897/1792 259/259/252
f 1853/1853/1753 609/609/583 1855/1855/1755
f 609/609/583 1853/1853/1753 605/605/579
f 451/451/436 608/608/582 1850/1850/1750
f 608/608/582 451/451/436 449/449/434
f 1847/1847/1747 451/451/436 1848/1848/1748
f 451/451/436 1847/1847/1747 450/450/435
f 1828/1828/1728 1825/1825/1725 1833/1833/1733
f 1825/1825/1725 1826/1826/1726 1833/1833/1733
f 1103/1103/1052 1107/1107/1056 1102/1102/1051
f 1107/1107/1056 1103/1103/1052 1770/1770/1672
f 1103/1103/1052 1764/1764/1666 1770/1770/1672
f 1764/1764/1666 1103/1103/1052 1765/1765/1667
f 1770/1770/1672 2240/2240/2135 1107/1107/1056
f 2240/2240/2135 1770/1770/1672 1769/1769/1671
f 1107/1107/1056 1112/1112/1061 1106/1106/1055
f 1112/1112/1061 1107/1107/1056 2240/2240/2135
f 2240/2240/2135 427/427/415 425/425/413
f 427/427/415 2240/2240/2135 1769/1769/1671
f 2241/2241/2136 2240/2240/2135 425/425/413
f 2240/2240/2135 2241/2241/2136 1112/1112/1061
f 1112/1112/1061 1117/1117/1066 1111/1111/1060
f 1117/1117/1066 1112/1112/1061 2241/2241/2136
f 425/425/413 2242/2242/2137 2241/2241/2136
f 2242/2242/2137 425/425/413 423/423/411
f 2243/2243/2138 2241/2241/2136 2242/2242/2137
f 2241/2241/2136 2243/2243/2138 1117/1117/1066
f 1117/1117/1066 1122/1122/1071 1116/1116/1065
f 1122/1122/1071 1117/1117/1066 2243/2243/2138
f 2242/2242/2137 2244/2244/1088 2243/2243/2138
f 2244/2244/1088 2245/2245/1086 2243/2243/2138
f 2245/2245/1086 1122/1122/1071 2243/2243/2138
f 1122/1122/1071 2245/2245/1086 2246/2246/1083
f 2242/2242/2137 423/423/411 424/424/412
f 424/424/412 2244/2244/1088 2242/2242/2137
f 1103/1103/1052 1099/1099/1048 1765/1765/1667
f 1099/1099/1048 1100/1100/1049 1765/1765/1667
f 1100/1100/1049 1760/1760/1662 1765/1765/1667
f 1760/1760/1662 1759/1759/1661 1765/1765/1667
f 1095/1095/1044 1100/1100/1049 1094/1094/1043
f 1100/1100/1049 1095/1095/1044 1760/1760/1662
f 1095/1095/1044 1755/1755/1657 1760/1760/1662
f 1755/1755/1657 1754/1754/1656 1760/1760/1662
f 1091/1091/1040 1095/1095/1044 1090/1090/1039
f 1095/1095/1044 1091/1091/1040 1755/1755/1657
f 1091/1091/1040 1750/1750/1652 1755/1755/1657
f 1750/1750/1652 1749/1749/1651 1755/1755/1657
f 2247/2247/2139 1091/1091/1040 1089/1089/1038
f 1091/1091/1040 2247/2247/2139 1750/1750/1652
f 2247/2247/2139 1745/1745/1647 1750/1750/1652
f 1745/1745/1647 1744/1744/1646 1750/1750/1652
f 2248/2248/2140 1089/1089/1038 1087/1087/1036
f 1089/1089/1038 2248/2248/2140 2247/2247/2139
f 2248/2248/2140 2249/2249/2141 2247/2247/2139
f 2249/2249/2141 1745/1745/1647 2247/2247/2139
f 2250/2250/2142 2248/2248/2140 2251/2251/2143
f 2248/2248/2140 2250/2250/2142 2249/2249/2141
f 2250/2250/2142 2252/2252/2144 2249/2249/2141
f 2252/2252/2144 1740/1740/1642 2249/2249/2141
f 1740/1740/1642 1745/1745/1647 2249/2249/2141
f 1745/1745/1647 1740/1740/1642 1739/1739/1641
f 110/110/110 2250/2250/2142 109/109/109
f 2250/2250/2142 110/110/110 2252/2252/2144
f 2252/2252/2144 110/110/110 2253/2253/2145
f 2253/2253/2145 1735/1735/1637 2252/2252/2144
f 1735/1735/1637 1740/1740/1642 2252/2252/2144
f 1740/1740/1642 1735/1735/1637 1734/1734/1636
f 2254/2254/2146 110/110/110 107/107/107
f 110/110/110 2254/2254/2146 2253/2253/2145
f 2253/2253/2145 2254/2254/2146 185/185/181
f 2253/2253/2145 185/185/181 1730/1730/1632
f 1729/1729/1631 2253/2253/2145 1730/1730/1632
f 2253/2253/2145 1729/1729/1631 1735/1735/1637
f 2255/2255/2147 107/107/107 104/104/104
f 107/107/107 2255/2255/2147 2254/2254/2146
f 2254/2254/2146 2255/2255/2147 186/186/182
f 2254/2254/2146 186/186/182 185/185/181
f 2255/2255/2147 2256/2256/2148 186/186/182
f 2256/2256/2148 2255/2255/2147 2257/2257/2149
f 104/104/104 2257/2257/2149 2255/2255/2147
f 2257/2257/2149 104/104/104 2258/2258/2150
f 2258/2258/2150 2259/2259/2151 2257/2257/2149
f 2259/2259/2151 2258/2258/2150 1080/1080/1029
f 104/104/104 106/106/106 2258/2258/2150
f 106/106/106 2260/2260/2152 2258/2258/2150
f 2260/2260/2152 1080/1080/1029 2258/2258/2150
f 1080/1080/1029 2260/2260/2152 1079/1079/1028
f 106/106/106 2261/2261/2153 2260/2260/2152
f 2261/2261/2153 106/106/106 108/108/108
f 1079/1079/1028 2261/2261/2153 1082/1082/1031
f 2261/2261/2153 1079/1079/1028 2260/2260/2152
f 108/108/108 1086/1086/1035 2261/2261/2153
f 1086/1086/1035 108/108/108 2251/2251/2143
f 1086/1086/1035 1082/1082/1031 2261/2261/2153
f 1082/1082/1031 1086/1086/1035 1084/1084/1033
f 2259/2259/2151 1075/1075/1022 2262/2262/2154
f 1075/1075/1022 2259/2259/2151 1072/1072/1023
f 2257/2257/2149 2262/2262/2154 2256/2256/2148
f 2262/2262/2154 2257/2257/2149 2259/2259/2151
f 1080/1080/1029 1072/1072/1023 2259/2259/2151
f 1072/1072/1023 1080/1080/1029 1076/1076/1025
f 2263/2263/2155 1071/1071/1022 1070/1070/1021
f 1071/1071/1022 2263/2263/2155 2264/2264/2154
f 2263/2263/2155 2265/2265/2156 2264/2264/2154
f 2265/2265/2156 2266/2266/2148 2264/2264/2154
f 2267/2267/2157 2263/2263/2155 2268/2268/2158
f 2263/2263/2155 2267/2267/2157 2265/2265/2156
f 187/187/183 2265/2265/2156 191/191/187
f 2267/2267/2157 191/191/187 2265/2265/2156
f 2265/2265/2156 187/187/183 186/186/182
f 186/186/182 2266/2266/2148 2265/2265/2156
f 2269/2269/2159 2268/2268/2158 2270/2270/2160
f 2268/2268/2158 2269/2269/2159 2267/2267/2157
f 191/191/187 2267/2267/2157 562/562/538
f 562/562/538 2267/2267/2157 2269/2269/2159
f 2269/2269/2159 278/278/271 271/271/264
f 278/278/271 2269/2269/2159 2270/2270/2160
f 562/562/538 271/271/264 273/273/266
f 271/271/264 562/562/538 2269/2269/2159
f 278/278/271 2270/2270/2160 2271/2271/2161
f 2271/2271/2161 2270/2270/2160 2272/2272/2162
f 2268/2268/2158 2272/2272/2162 2270/2270/2160
f 2272/2272/2162 2268/2268/2158 2273/2273/2163
f 2272/2272/2162 1064/1064/1016 1062/1062/1014
f 1064/1064/1016 2272/2272/2162 2273/2273/2163
f 2268/2268/2158 1070/1070/1021 2273/2273/2163
f 1070/1070/1021 2268/2268/2158 2263/2263/2155
f 1064/1064/1016 1070/1070/1021 1067/1067/1019
f 1070/1070/1021 1064/1064/1016 2273/2273/2163
f 1056/1056/1008 1060/1060/1012 1057/1057/1009
f 1060/1060/1012 1056/1056/1008 2271/2271/2161
f 278/278/271 1056/1056/1008 276/276/269
f 1056/1056/1008 278/278/271 2271/2271/2161
f 1060/1060/1012 2272/2272/2162 1062/1062/1014
f 2272/2272/2162 1060/1060/1012 2271/2271/2161
f 109/109/109 2251/2251/2143 108/108/108
f 2251/2251/2143 109/109/109 2250/2250/2142
f 1086/1086/1035 2248/2248/2140 1087/1087/1036
f 2248/2248/2140 1086/1086/1035 2251/2251/2143
f 1730/1730/1632 185/185/181 188/188/184
f 1730/1730/1632 188/188/184 1725/1725/1627
f 563/563/539 274/274/267 1713/1713/1615
f 274/274/267 563/563/539 273/273/266
f 2274/2274/2164 1042/1042/994 1704/1704/1606
f 1042/1042/994 2275/2275/2165 1704/1704/1606
f 2275/2275/2165 1698/1698/1600 1704/1704/1606
f 1698/1698/1600 2275/2275/2165 1699/1699/1601
f 2274/2274/2164 1703/1703/1605 280/280/273
f 1703/1703/1605 2274/2274/2164 1704/1704/1606
f 1042/1042/994 1038/1038/990 2275/2275/2165
f 1038/1038/990 1037/1037/989 2275/2275/2165
f 1037/1037/989 1699/1699/1601 2275/2275/2165
f 1699/1699/1601 1037/1037/989 2276/2276/2166
f 1037/1037/989 1033/1033/985 2276/2276/2166
f 1033/1033/985 69/69/69 2276/2276/2166
f 69/69/69 1694/1694/1596 2276/2276/2166
f 1694/1694/1596 69/69/69 68/68/68
f 2276/2276/2166 1693/1693/1595 1699/1699/1601
f 1693/1693/1595 2276/2276/2166 1694/1694/1596
f 1048/1048/1000 1043/1043/995 2274/2274/2164
f 1043/1043/995 1042/1042/994 2274/2274/2164
f 1048/1048/1000 280/280/273 275/275/268
f 280/280/273 1048/1048/1000 2274/2274/2164
f 1694/1694/1596 68/68/68 70/70/70
f 1694/1694/1596 70/70/70 1689/1689/1591
f 2277/2277/2167 66/66/66 64/64/64
f 66/66/66 2277/2277/2167 1685/1685/1587
f 2277/2277/2167 1679/1679/1581 1685/1685/1587
f 1679/1679/1581 2277/2277/2167 1680/1680/1582
f 66/66/66 1684/1684/1586 70/70/70
f 1684/1684/1586 66/66/66 1685/1685/1587
f 2278/2278/2168 2279/2279/64 2280/2280/2169
f 2279/2279/64 2278/2278/2168 2281/2281/2167
f 2278/2278/2168 2282/2282/1582 2281/2281/2167
f 2282/2282/1582 2278/2278/2168 265/265/258
f 2283/2283/2170 2280/2280/2169 2284/2284/2171
f 2280/2280/2169 2283/2283/2170 2278/2278/2168
f 2278/2278/2168 2283/2283/2170 266/266/259
f 266/266/259 265/265/258 2278/2278/2168
f 2285/2285/2172 2284/2284/2171 2286/2286/2173
f 2284/2284/2171 2285/2285/2172 2283/2283/2170
f 2283/2283/2170 2285/2285/2172 2287/2287/2174
f 2283/2283/2170 2287/2287/2174 266/266/259
f 2285/2285/2172 2288/2288/2175 2287/2287/2174
f 2288/2288/2175 2285/2285/2172 2289/2289/2176
f 2287/2287/2174 2288/2288/2175 1657/1657/1562
f 2287/2287/2174 1657/1657/1562 1664/1664/1569
f 266/266/259 1664/1664/1569 270/270/263
f 1664/1664/1569 266/266/259 2287/2287/2174
f 2289/2289/2176 1654/1654/1559 2288/2288/2175
f 1654/1654/1559 2289/2289/2176 2290/2290/2177
f 2288/2288/2175 1654/1654/1559 1655/1655/1560
f 2288/2288/2175 1655/1655/1560 1657/1657/1562
f 163/163/159 2289/2289/2176 165/165/161
f 2289/2289/2176 163/163/159 2290/2290/2177
f 1651/1651/1556 163/163/159 162/162/158
f 163/163/159 1651/1651/1556 2290/2290/2177
f 2290/2290/2177 1651/1651/1556 1652/1652/1557
f 2290/2290/2177 1652/1652/1557 1654/1654/1559
f 165/165/161 2289/2289/2176 2286/2286/2173
f 2286/2286/2173 2289/2289/2176 2285/2285/2172
f 2291/2291/2178 2286/2286/2173 2292/2292/2179
f 2292/2292/2179 2286/2286/2173 2284/2284/2171
f 2291/2291/2178 164/164/160 2286/2286/2173
f 164/164/160 165/165/161 2286/2286/2173
f 2292/2292/2179 2293/2293/2180 2291/2291/2178
f 2293/2293/2180 2294/2294/2181 2291/2291/2178
f 2294/2294/2181 164/164/160 2291/2291/2178
f 164/164/160 2294/2294/2181 166/166/162
f 2293/2293/2180 2295/2295/2182 2294/2294/2181
f 2295/2295/2182 551/551/527 2294/2294/2181
f 551/551/527 166/166/162 2294/2294/2181
f 166/166/162 551/551/527 546/546/522
f 1019/1019/973 1014/1014/968 2295/2295/2182
f 1014/1014/968 1013/1013/967 2295/2295/2182
f 1013/1013/967 551/551/527 2295/2295/2182
f 551/551/527 1013/1013/967 550/550/526
f 1019/1019/973 2293/2293/2180 2296/2296/2183
f 2293/2293/2180 1019/1019/973 2295/2295/2182
f 1023/1023/977 1018/1018/972 2296/2296/2183
f 1018/1018/972 1019/1019/973 2296/2296/2183
f 2296/2296/2183 2292/2292/2179 2297/2297/2184
f 2292/2292/2179 2296/2296/2183 2293/2293/2180
f 1023/1023/977 2297/2297/2184 2298/2298/63
f 2297/2297/2184 1023/1023/977 2296/2296/2183
f 2292/2292/2179 2280/2280/2169 2297/2297/2184
f 2280/2280/2169 2292/2292/2179 2284/2284/2171
f 2298/2298/63 2280/2280/2169 2279/2279/64
f 2280/2280/2169 2298/2298/63 2297/2297/2184
f 265/265/258 1672/1672/1577 2282/2282/1582
f 1672/1672/1577 265/265/258 267/267/260
f 1667/1667/1572 94/94/94 1669/1669/1574
f 94/94/94 1667/1667/1572 93/93/93
f 1623/1623/1531 1625/1625/1533 1622/1622/1530
f 1625/1625/1533 1623/1623/1531 1659/1659/1564
f 162/162/158 1649/1649/1554 1651/1651/1556
f 1649/1649/1554 162/162/158 1648/1648/1553
f 161/161/157 545/545/521 1648/1648/1553
f 161/161/157 1648/1648/1553 162/162/158
f 545/545/521 1646/1646/1551 1648/1648/1553
f 1646/1646/1551 545/545/521 547/547/523
f 1612/1612/1522 1611/1611/1521 1879/1879/1779
f 1879/1879/1779 2299/2299/428 1612/1612/1522
f 415/415/403 1572/1572/1482 416/416/404
f 1569/1569/1479 416/416/404 1572/1572/1482
f 1565/1565/1475 418/418/406 1566/1566/1476
f 418/418/406 1565/1565/1475 420/420/408
f 1217/1217/1156 1548/1548/1458 1218/1218/1157
f 1548/1548/1458 1217/1217/1156 1547/1547/1457
f 1548/1548/1458 1543/1543/1453 2300/2300/2185
f 1543/1543/1453 1548/1548/1458 1542/1542/1452
f 1548/1548/1458 1221/1221/1160 1218/1218/1157
f 1221/1221/1160 1548/1548/1458 2300/2300/2185
f 2300/2300/2185 2301/2301/2186 2302/2302/2187
f 2301/2301/2186 2300/2300/2185 1543/1543/1453
f 1221/1221/1160 2300/2300/2185 1223/1223/1162
f 1223/1223/1162 2300/2300/2185 2302/2302/2187
f 2301/2301/2186 1228/1228/1167 2302/2302/2187
f 1228/1228/1167 2301/2301/2186 2303/2303/2188
f 1223/1223/1162 2302/2302/2187 1225/1225/1164
f 1225/1225/1164 2302/2302/2187 1228/1228/1167
f 2303/2303/2188 2301/2301/2186 1538/1538/1448
f 2303/2303/2188 1538/1538/1448 2304/2304/2189
f 2304/2304/2189 1230/1230/1169 2303/2303/2188
f 1230/1230/1169 2304/2304/2189 2305/2305/2190
f 1228/1228/1167 1230/1230/1169 1227/1227/1166
f 1230/1230/1169 1228/1228/1167 2303/2303/2188
f 2304/2304/2189 1533/1533/1443 2305/2305/2190
f 1533/1533/1443 2306/2306/2191 2305/2305/2190
f 2306/2306/2191 1233/1233/1172 2305/2305/2190
f 1233/1233/1172 2306/2306/2191 2307/2307/2192
f 2305/2305/2190 1231/1231/1170 1230/1230/1169
f 1231/1231/1170 2305/2305/2190 1233/1233/1172
f 2306/2306/2191 1528/1528/1438 2307/2307/2192
f 1528/1528/1438 2308/2308/2193 2307/2307/2192
f 2308/2308/2193 1236/1236/1175 2307/2307/2192
f 1236/1236/1175 2308/2308/2193 2309/2309/2194
f 2307/2307/2192 1234/1234/1173 1233/1233/1172
f 1234/1234/1173 2307/2307/2192 1236/1236/1175
f 2309/2309/2194 2308/2308/2193 1523/1523/1433
f 1523/1523/1433 2310/2310/2195 2309/2309/2194
f 2310/2310/2195 1239/1239/1178 2309/2309/2194
f 1239/1239/1178 2310/2310/2195 1241/1241/1180
f 1236/1236/1175 2309/2309/2194 1237/1237/1176
f 1237/1237/1176 2309/2309/2194 1239/1239/1178
f 2310/2310/2195 1523/1523/1433 1518/1518/1428
f 1518/1518/1428 1517/1517/1427 2310/2310/2195
f 1517/1517/1427 1241/1241/1180 2310/2310/2195
f 1241/1241/1180 1517/1517/1427 1243/1243/1182
f 2308/2308/2193 1528/1528/1438 1522/1522/1432
f 1522/1522/1432 1523/1523/1433 2308/2308/2193
f 2306/2306/2191 1533/1533/1443 1527/1527/1437
f 1527/1527/1437 1528/1528/1438 2306/2306/2191
f 1538/1538/1448 1533/1533/1443 2304/2304/2189
f 1533/1533/1443 1538/1538/1448 1532/1532/1442
f 2301/2301/2186 1543/1543/1453 1537/1537/1447
f 2301/2301/2186 1537/1537/1447 1538/1538/1448
f 1243/1243/1182 1513/1513/1423 1245/1245/1184
f 1513/1513/1423 1243/1243/1182 1517/1517/1427
f 1245/1245/1184 1509/1509/1419 1246/1246/1185
f 1246/1246/1185 1509/1509/1419 1248/1248/1187
f 1253/1253/1192 1248/1248/1187 1505/1505/1415
f 1248/1248/1187 1253/1253/1192 1249/1249/1188
f 1489/1489/1399 1261/1261/1200 1488/1488/1398
f 1261/1261/1200 1489/1489/1399 1263/1263/1202
f 2311/2311/2196 1489/1489/1399 1484/1484/1394
f 1484/1484/1394 1489/1489/1399 1483/1483/1393
f 2311/2311/2196 1265/1265/1204 1489/1489/1399
f 1265/1265/1204 1263/1263/1202 1489/1489/1399
f 1484/1484/1394 2312/2312/2197 2311/2311/2196
f 2312/2312/2197 2313/2313/2198 2311/2311/2196
f 2313/2313/2198 1265/1265/1204 2311/2311/2196
f 1265/1265/1204 2313/2313/2198 2314/2314/2199
f 2314/2314/2199 2313/2313/2198 2315/2315/2200
f 2315/2315/2200 2316/2316/2201 2314/2314/2199
f 2314/2314/2199 2316/2316/2201 1268/1268/1207
f 2314/2314/2199 1266/1266/1205 1265/1265/1204
f 1266/1266/1205 2314/2314/2199 1268/1268/1207
f 2317/2317/2202 2318/2318/2203 2319/2319/2204
f 2318/2318/2203 2317/2317/2202 2320/2320/2201
f 2321/2321/2205 2319/2319/2204 2322/2322/2206
f 2319/2319/2204 2321/2321/2205 2317/2317/2202
f 2323/2323/2202 1269/1269/1208 1268/1268/1207
f 2324/2324/2207 2321/2321/2205 2325/2325/2208
f 2325/2325/2208 2321/2321/2205 2322/2322/2206
f 2326/2326/1208 2324/2324/2207 2327/2327/1210
f 2324/2324/2207 2326/2326/1208 2321/2321/2205
f 2324/2324/2207 2328/2328/2209 2329/2329/2210
f 2328/2328/2209 2324/2324/2207 2325/2325/2208
f 2324/2324/2207 2329/2329/2210 2330/2330/1212
f 2330/2330/1212 2327/2327/1210 2324/2324/2207
f 399/399/387 2328/2328/2209 2331/2331/2211
f 2328/2328/2209 399/399/387 2329/2329/2210
f 399/399/387 2330/2330/1212 2329/2329/2210
f 2330/2330/1212 399/399/387 396/396/384
f 2332/2332/2212 2325/2325/2208 2333/2333/2213
f 2325/2325/2208 2332/2332/2212 2328/2328/2209
f 2331/2331/2211 2328/2328/2209 2334/2334/2214
f 2334/2334/2214 2328/2328/2209 2332/2332/2212
f 2335/2335/2215 2332/2332/2212 2336/2336/2216
f 2332/2332/2212 2335/2335/2215 2334/2334/2214
f 2337/2337/2217 2334/2334/2214 610/610/584
f 610/610/584 2334/2334/2214 2335/2335/2215
f 2337/2337/2217 2331/2331/2211 2334/2334/2214
f 2331/2331/2211 2337/2337/2217 2338/2338/2218
f 613/613/587 2339/2339/2219 2337/2337/2217
f 613/613/587 2337/2337/2217 610/610/584
f 2339/2339/2219 2338/2338/2218 2337/2337/2217
f 2338/2338/2218 2339/2339/2219 1297/1297/1232
f 613/613/587 616/616/590 2339/2339/2219
f 616/616/590 1300/1300/1235 2339/2339/2219
f 1300/1300/1235 1297/1297/1232 2339/2339/2219
f 1297/1297/1232 1300/1300/1235 1296/1296/1231
f 2335/2335/2215 2340/2340/2220 2341/2341/2221
f 2340/2340/2220 2335/2335/2215 2336/2336/2216
f 2335/2335/2215 611/611/585 610/610/584
f 611/611/585 2335/2335/2215 2341/2341/2221
f 2342/2342/2222 2341/2341/2221 2340/2340/2220
f 2341/2341/2221 2342/2342/2222 2343/2343/2223
f 611/611/585 2343/2343/2223 614/614/588
f 2343/2343/2223 611/611/585 2341/2341/2221
f 2343/2343/2223 2342/2342/2222 2344/2344/2224
f 2343/2343/2223 2344/2344/2224 2345/2345/2225
f 614/614/588 2345/2345/2225 2346/2346/2226
f 2345/2345/2225 614/614/588 2343/2343/2223
f 2346/2346/2226 2345/2345/2225 2347/2347/2227
f 2347/2347/2227 2348/2348/2228 2346/2346/2226
f 2349/2349/2229 2348/2348/2228 2350/2350/2230
f 2348/2348/2228 2349/2349/2229 2346/2346/2226
f 614/614/588 2346/2346/2226 615/615/589
f 615/615/589 2346/2346/2226 2349/2349/2229
f 2350/2350/2230 2351/2351/2231 2349/2349/2229
f 2351/2351/2231 2350/2350/2230 1305/1305/1240
f 2349/2349/2229 616/616/590 615/615/589
f 616/616/590 2349/2349/2229 2351/2351/2231
f 1299/1299/1234 2351/2351/2231 1302/1302/1237
f 1302/1302/1237 2351/2351/2231 1305/1305/1240
f 2351/2351/2231 1300/1300/1235 616/616/590
f 1300/1300/1235 2351/2351/2231 1299/1299/1234
f 2350/2350/2230 2348/2348/2228 2352/2352/2232
f 2350/2350/2230 2352/2352/2232 1309/1309/1244
f 1305/1305/1240 1309/1309/1244 1306/1306/1241
f 1309/1309/1244 1305/1305/1240 2350/2350/2230
f 2348/2348/2228 2353/2353/2233 2352/2352/2232
f 2353/2353/2233 2348/2348/2228 2347/2347/2227
f 2352/2352/2232 2353/2353/2233 2354/2354/2234
f 2352/2352/2232 2354/2354/2234 2355/2355/2235
f 1309/1309/1244 2355/2355/2235 1308/1308/1243
f 2355/2355/2235 1309/1309/1244 2352/2352/2232
f 2355/2355/2235 2354/2354/2234 1406/1406/1322
f 2355/2355/2235 1406/1406/1322 1404/1404/1320
f 1308/1308/1243 1404/1404/1320 1310/1310/1245
f 1404/1404/1320 1308/1308/1243 2355/2355/2235
f 2353/2353/2233 2356/2356/2236 2354/2354/2234
f 2356/2356/2236 2353/2353/2233 2357/2357/2237
f 2354/2354/2234 2356/2356/2236 2358/2358/2238
f 2354/2354/2234 2358/2358/2238 1406/1406/1322
f 2359/2359/2239 2356/2356/2236 2360/2360/2240
f 2356/2356/2236 2359/2359/2239 2358/2358/2238
f 2359/2359/2239 457/457/442 2358/2358/2238
f 457/457/442 458/458/443 2358/2358/2238
f 1406/1406/1322 458/458/443 1405/1405/1321
f 458/458/443 1406/1406/1322 2358/2358/2238
f 2361/2361/2241 2359/2359/2239 2362/2362/2242
f 2362/2362/2242 2359/2359/2239 2360/2360/2240
f 2361/2361/2241 457/457/442 2359/2359/2239
f 457/457/442 2361/2361/2241 455/455/440
f 2363/2363/2243 2361/2361/2241 241/241/234
f 241/241/234 2361/2361/2241 2362/2362/2242
f 455/455/440 2363/2363/2243 1418/1418/1334
f 2363/2363/2243 455/455/440 2361/2361/2241
f 1418/1418/1334 1425/1425/1339 1417/1417/1333
f 1425/1425/1339 1418/1418/1334 2363/2363/2243
f 2363/2363/2243 240/240/233 1425/1425/1339
f 240/240/233 2363/2363/2243 241/241/234
f 241/241/234 2362/2362/2242 233/233/226
f 233/233/226 2362/2362/2242 2364/2364/2244
f 2364/2364/2244 2360/2360/2240 2365/2365/2245
f 2360/2360/2240 2364/2364/2244 2362/2362/2242
f 2364/2364/2244 2365/2365/2245 2366/2366/2246
f 2367/2367/2247 2366/2366/2246 2365/2365/2245
f 2365/2365/2245 2356/2356/2236 2357/2357/2237
f 2356/2356/2236 2365/2365/2245 2360/2360/2240
f 2367/2367/2247 2357/2357/2237 2368/2368/2248
f 2357/2357/2237 2367/2367/2247 2365/2365/2245
f 2344/2344/2224 2369/2369/2249 2368/2368/2248
f 2369/2369/2249 2367/2367/2247 2368/2368/2248
f 2347/2347/2227 2357/2357/2237 2353/2353/2233
f 2357/2357/2237 2347/2347/2227 2368/2368/2248
f 2344/2344/2224 2368/2368/2248 2345/2345/2225
f 2345/2345/2225 2368/2368/2248 2347/2347/2227
f 2370/2370/2250 2371/2371/2251 2369/2369/2249
f 2371/2371/2251 2372/2372/2252 2369/2369/2249
f 2372/2372/2252 2367/2367/2247 2369/2369/2249
f 2367/2367/2247 2372/2372/2252 2366/2366/2246
f 2370/2370/2250 2344/2344/2224 2342/2342/2222
f 2344/2344/2224 2370/2370/2250 2369/2369/2249
f 2371/2371/2251 2373/2373/2253 2372/2372/2252
f 2373/2373/2253 2374/2374/2254 2372/2372/2252
f 2374/2374/2254 2366/2366/2246 2372/2372/2252
f 2366/2366/2246 2374/2374/2254 234/234/227
f 2373/2373/2253 2375/2375/2255 2374/2374/2254
f 2375/2375/2255 2376/2376/2256 2374/2374/2254
f 2376/2376/2256 234/234/227 2374/2374/2254
f 234/234/227 2376/2376/2256 232/232/225
f 2375/2375/2255 2377/2377/2257 2376/2376/2256
f 2377/2377/2257 2378/2378/2258 2376/2376/2256
f 2378/2378/2258 232/232/225 2376/2376/2256
f 232/232/225 2378/2378/2258 236/236/229
f 173/173/169 2378/2378/2258 177/177/173
f 177/177/173 2378/2378/2258 2377/2377/2257
f 173/173/169 236/236/229 2378/2378/2258
f 236/236/229 173/173/169 172/172/168
f 2377/2377/2257 2379/2379/2259 177/177/173
f 2379/2379/2259 2377/2377/2257 2380/2380/2260
f 2375/2375/2255 2380/2380/2260 2377/2377/2257
f 2380/2380/2260 2375/2375/2255 2381/2381/2261
f 2381/2381/2261 2382/2382/2262 2380/2380/2260
f 2382/2382/2262 2381/2381/2261 2383/2383/2263
f 2381/2381/2261 2375/2375/2255 2373/2373/2253
f 2373/2373/2253 2384/2384/2264 2381/2381/2261
f 2384/2384/2264 2383/2383/2263 2381/2381/2261
f 2383/2383/2263 2384/2384/2264 2385/2385/2265
f 2385/2385/2265 2386/2386/2266 2383/2383/2263
f 2386/2386/2266 2385/2385/2265 2387/2387/2267
f 2385/2385/2265 2388/2388/2268 2389/2389/2269
f 2388/2388/2268 2385/2385/2265 2384/2384/2264
f 2385/2385/2265 2390/2390/2270 2387/2387/2267
f 2390/2390/2270 2385/2385/2265 2389/2389/2269
f 2390/2390/2270 2319/2319/2204 2387/2387/2267
f 2319/2319/2204 2390/2390/2270 2322/2322/2206
f 2390/2390/2270 2389/2389/2269 2391/2391/2271
f 2391/2391/2271 2333/2333/2213 2390/2390/2270
f 2333/2333/2213 2322/2322/2206 2390/2390/2270
f 2322/2322/2206 2333/2333/2213 2325/2325/2208
f 2391/2391/2271 2388/2388/2268 2392/2392/2272
f 2388/2388/2268 2391/2391/2271 2389/2389/2269
f 2336/2336/2216 2392/2392/2272 2340/2340/2220
f 2392/2392/2272 2336/2336/2216 2391/2391/2271
f 2336/2336/2216 2332/2332/2212 2391/2391/2271
f 2332/2332/2212 2333/2333/2213 2391/2391/2271
f 2392/2392/2272 2371/2371/2251 2370/2370/2250
f 2371/2371/2251 2392/2392/2272 2388/2388/2268
f 2340/2340/2220 2370/2370/2250 2342/2342/2222
f 2370/2370/2250 2340/2340/2220 2392/2392/2272
f 2371/2371/2251 2384/2384/2264 2373/2373/2253
f 2384/2384/2264 2371/2371/2251 2388/2388/2268
f 2386/2386/2266 2393/2393/2273 2394/2394/2274
f 2393/2393/2273 2386/2386/2266 2318/2318/2203
f 2383/2383/2263 2394/2394/2274 2382/2382/2262
f 2394/2394/2274 2383/2383/2263 2386/2386/2266
f 2387/2387/2267 2318/2318/2203 2386/2386/2266
f 2318/2318/2203 2387/2387/2267 2319/2319/2204
f 2394/2394/2274 2395/2395/2275 2396/2396/2276
f 2395/2395/2275 2394/2394/2274 2393/2393/2273
f 2382/2382/2262 2396/2396/2276 2397/2397/2277
f 2396/2396/2276 2382/2382/2262 2394/2394/2274
f 2397/2397/2277 2398/2398/2278 2399/2399/2279
f 2398/2398/2278 2397/2397/2277 2396/2396/2276
f 2379/2379/2259 2399/2399/2279 2400/2400/2280
f 2399/2399/2279 2379/2379/2259 2397/2397/2277
f 2379/2379/2259 2380/2380/2260 2397/2397/2277
f 2380/2380/2260 2382/2382/2262 2397/2397/2277
f 2400/2400/2280 481/481/466 478/478/463
f 481/481/466 2400/2400/2280 2399/2399/2279
f 176/176/172 478/478/463 175/175/171
f 478/478/463 176/176/172 2400/2400/2280
f 176/176/172 177/177/173 2400/2400/2280
f 177/177/173 2379/2379/2259 2400/2400/2280
f 2399/2399/2279 2401/2401/2281 481/481/466
f 2401/2401/2281 2399/2399/2279 2398/2398/2278
f 2402/2402/2282 2401/2401/2281 2403/2403/2283
f 2403/2403/2283 2401/2401/2281 2404/2404/2284
f 481/481/466 2401/2401/2281 479/479/464
f 479/479/464 2401/2401/2281 2402/2402/2282
f 2398/2398/2278 2404/2404/2284 2401/2401/2281
f 2404/2404/2284 2398/2398/2278 2405/2405/2285
f 2405/2405/2285 2406/2406/1383 2404/2404/2284
f 2406/2406/1383 2405/2405/2285 2407/2407/2286
f 2395/2395/2275 2405/2405/2285 2396/2396/2276
f 2398/2398/2278 2396/2396/2276 2405/2405/2285
f 2395/2395/2275 2407/2407/2286 2405/2405/2285
f 2407/2407/2286 2395/2395/2275 2408/2408/2287
f 2409/2409/2287 1479/1479/1389 2410/2410/2286
f 1479/1479/1389 2409/2409/2287 2312/2312/2197
f 2411/2411/2200 2408/2408/2287 2393/2393/2273
f 2395/2395/2275 2393/2393/2273 2408/2408/2287
f 2409/2409/2287 2313/2313/2198 2312/2312/2197
f 2313/2313/2198 2409/2409/2287 2315/2315/2200
f 2410/2410/2286 1474/1474/1384 1473/1473/1383
f 1474/1474/1384 2410/2410/2286 1479/1479/1389
f 2402/2402/2282 480/480/465 479/479/464
f 2404/2404/2284 2412/2412/1380 2403/2403/2283
f 2412/2412/1380 2404/2404/2284 2406/2406/1383
f 2393/2393/2273 2318/2318/2203 2320/2320/2201
f 2393/2393/2273 2320/2320/2201 2411/2411/2200
f 234/234/227 2364/2364/2244 2366/2366/2246
f 2364/2364/2244 234/234/227 233/233/226
f 1479/1479/1389 1484/1484/1394 1478/1478/1388
f 1484/1484/1394 1479/1479/1389 2312/2312/2197
f 557/557/533 1457/1457/1370 559/559/535
f 1457/1457/1370 557/557/533 1463/1463/1374
f 560/560/536 1442/1442/1355 2413/2413/2288
f 1442/1442/1355 560/560/536 1444/1444/1357
f 2413/2413/2288 1441/1441/1354 2414/2414/231
f 1441/1441/1354 2413/2413/2288 1442/1442/1355
f 2415/2415/2289 2416/2416/2288 237/237/230
f 238/238/231 237/237/230 2416/2416/2288
f 2415/2415/2289 2417/2417/536 2416/2416/2288
f 2417/2417/536 2415/2415/2289 2418/2418/2290
f 172/172/168 237/237/230 236/236/229
f 237/237/230 172/172/168 2415/2415/2289
f 172/172/168 174/174/170 2415/2415/2289
f 174/174/170 2418/2418/2290 2415/2415/2289
f 1436/1436/1349 2419/2419/232 1441/1441/1354
f 2419/2419/232 2414/2414/231 1441/1441/1354
f 1431/1431/1344 1430/1430/1343 1436/1436/1349
f 1430/1430/1343 2419/2419/232 1436/1436/1349
f 1424/1424/1338 1425/1425/1339 2420/2420/1343
f 1425/1425/1339 240/240/233 2420/2420/1343
f 2420/2420/1343 240/240/233 239/239/232
f 1418/1418/1334 1413/1413/1329 456/456/441
f 456/456/441 455/455/440 1418/1418/1334
f 1411/1411/1327 305/305/296 134/134/132
f 134/134/132 1409/1409/1325 1411/1411/1327
f 1297/1297/1232 1292/1292/1229 2338/2338/2218
f 1292/1292/1229 1297/1297/1232 1290/1290/1228
f 1292/1292/1229 401/401/389 400/400/388
f 401/401/389 1292/1292/1229 1291/1291/1227
f 1284/1284/1222 1285/1285/1223 1289/1289/1227
f 1289/1289/1227 1285/1285/1223 2421/2421/389
f 2421/2421/389 1279/1279/1217 2422/2422/386
f 1279/1279/1217 2421/2421/389 1285/1285/1223
f 1282/1282/1220 1278/1278/1216 1285/1285/1223
f 1278/1278/1216 1279/1279/1217 1285/1285/1223
f 1279/1279/1217 1275/1275/384 2422/2422/386
f 1275/1275/384 1279/1279/1217 1274/1274/1213
f 81/81/81 48/48/48 1277/1277/1215
f 48/48/48 81/81/81 51/51/51
f 1214/1214/1153 1211/1211/1150 1208/1208/1147
f 1208/1208/1147 1207/1207/1146 1214/1214/1153
f 2246/2246/1083 1121/1121/1070 1122/1122/1071
f 1121/1121/1070 2246/2246/1083 1127/1127/1076
f 2423/2423/2291 2424/2424/2292 1130/1130/1078
f 2424/2424/2292 2423/2423/2291 2425/2425/2293
f 1130/1130/1078 1125/1125/1074 1124/1124/1073
f 1125/1125/1074 1130/1130/1078 2424/2424/2292
f 1130/1130/1078 1129/1129/471 2426/2426/472
f 2426/2426/472 2423/2423/2291 1130/1130/1078
f 2425/2425/2293 2427/2427/2294 2424/2424/2292
f 2427/2427/2294 2425/2425/2293 2428/2428/2295
f 1125/1125/1074 2424/2424/2292 2429/2429/2296
f 2429/2429/2296 2424/2424/2292 2427/2427/2294
f 498/498/480 2427/2427/2294 496/496/478
f 2427/2427/2294 498/498/480 2429/2429/2296
f 1119/1119/1068 2429/2429/2296 2430/2430/2297
f 2430/2430/2297 2429/2429/2296 498/498/480
f 1125/1125/1074 1119/1119/1068 1120/1120/1069
f 1119/1119/1068 1125/1125/1074 2429/2429/2296
f 2431/2431/2298 498/498/480 495/495/477
f 498/498/480 2431/2431/2298 2430/2430/2297
f 1114/1114/1063 2430/2430/2297 2432/2432/2299
f 2432/2432/2299 2430/2430/2297 2431/2431/2298
f 1114/1114/1063 1115/1115/1064 2430/2430/2297
f 1115/1115/1064 1119/1119/1068 2430/2430/2297
f 2433/2433/2300 2431/2431/2298 2434/2434/2301
f 2431/2431/2298 2433/2433/2300 2432/2432/2299
f 154/154/150 1110/1110/1059 2432/2432/2299
f 154/154/150 2432/2432/2299 2433/2433/2300
f 1110/1110/1059 1114/1114/1063 2432/2432/2299
f 1114/1114/1063 1110/1110/1059 1109/1109/1058
f 2433/2433/2300 2435/2435/2302 2436/2436/2303
f 2435/2435/2302 2433/2433/2300 2434/2434/2301
f 154/154/150 2433/2433/2300 155/155/151
f 155/155/151 2433/2433/2300 2436/2436/2303
f 155/155/151 2437/2437/2304 158/158/154
f 2437/2437/2304 155/155/151 2436/2436/2303
f 2436/2436/2303 2438/2438/2305 2437/2437/2304
f 2438/2438/2305 2436/2436/2303 2435/2435/2302
f 100/100/100 2437/2437/2304 2438/2438/2305
f 2437/2437/2304 100/100/100 99/99/99
f 2439/2439/2306 2435/2435/2302 2440/2440/2307
f 2435/2435/2302 2439/2439/2306 2438/2438/2305
f 100/100/100 2439/2439/2306 2441/2441/2308
f 2439/2439/2306 100/100/100 2438/2438/2305
f 2441/2441/2308 2442/2442/2309 103/103/103
f 2441/2441/2308 103/103/103 100/100/100
f 2441/2441/2308 2443/2443/2310 2444/2444/2311
f 2443/2443/2310 2441/2441/2308 2439/2439/2306
f 2442/2442/2309 2444/2444/2311 2445/2445/2312
f 2444/2444/2311 2442/2442/2309 2441/2441/2308
f 24/24/24 2442/2442/2309 2445/2445/2312
f 2442/2442/2309 24/24/24 26/26/26
f 2445/2445/2312 2446/2446/2313 309/309/300
f 2446/2446/2313 2445/2445/2312 2444/2444/2311
f 24/24/24 309/309/300 306/306/297
f 309/309/300 24/24/24 2445/2445/2312
f 2444/2444/2311 2447/2447/2314 2446/2446/2313
f 2447/2447/2314 2444/2444/2311 2443/2443/2310
f 2446/2446/2313 2448/2448/2315 2449/2449/2316
f 2448/2448/2315 2446/2446/2313 2447/2447/2314
f 309/309/300 2449/2449/2316 307/307/298
f 2449/2449/2316 309/309/300 2446/2446/2313
f 2450/2450/291 2448/2448/2315 2451/2451/290
f 2448/2448/2315 2450/2450/291 2449/2449/2316
f 2450/2450/291 316/316/307 2449/2449/2316
f 316/316/307 307/307/298 2449/2449/2316
f 2448/2448/2315 2452/2452/2317 2453/2453/2318
f 2452/2452/2317 2448/2448/2315 2447/2447/2314
f 2451/2451/290 2453/2453/2318 2454/2454/2319
f 2453/2453/2318 2451/2451/290 2448/2448/2315
f 2453/2453/2318 497/497/479 2428/2428/2295
f 497/497/479 2453/2453/2318 2452/2452/2317
f 2454/2454/2319 2428/2428/2295 2425/2425/2293
f 2428/2428/2295 2454/2454/2319 2453/2453/2318
f 2447/2447/2314 2443/2443/2310 2452/2452/2317
f 2443/2443/2310 2455/2455/2320 2452/2452/2317
f 497/497/479 2455/2455/2320 492/492/474
f 2455/2455/2320 497/497/479 2452/2452/2317
f 2443/2443/2310 2439/2439/2306 2455/2455/2320
f 2439/2439/2306 2440/2440/2307 2455/2455/2320
f 2440/2440/2307 492/492/474 2455/2455/2320
f 492/492/474 2440/2440/2307 493/493/475
f 26/26/26 29/29/29 2442/2442/2309
f 29/29/29 103/103/103 2442/2442/2309
f 2440/2440/2307 2435/2435/2302 2434/2434/2301
f 2434/2434/2301 493/493/475 2440/2440/2307
f 99/99/99 158/158/154 2437/2437/2304
f 158/158/154 99/99/99 1098/1098/1047
f 2434/2434/2301 495/495/477 493/493/475
f 2434/2434/2301 2431/2431/2298 495/495/477
f 2428/2428/2295 496/496/478 2427/2427/2294
f 496/496/478 2428/2428/2295 497/497/479
f 2423/2423/2291 2456/2456/292 2425/2425/2293
f 2456/2456/292 2454/2454/2319 2425/2425/2293
f 2423/2423/2291 2426/2426/472 2457/2457/293
f 2457/2457/293 2456/2456/292 2423/2423/2291
f 153/153/149 1105/1105/1054 1110/1110/1059
f 153/153/149 1110/1110/1059 154/154/150
f 1098/1098/1047 99/99/99 98/98/98
f 98/98/98 1093/1093/1042 1098/1098/1047
f 1098/1098/1047 156/156/152 158/158/154
f 156/156/152 1098/1098/1047 1097/1097/1046
f 2458/2458/2321 2459/2459/2322 1059/1059/1011
f 2459/2459/2322 2458/2458/2321 2460/2460/2323
f 1059/1059/1011 1055/1055/1007 1054/1054/1006
f 1055/1055/1007 1059/1059/1011 2459/2459/2322
f 364/364/352 366/366/354 1059/1059/1011
f 366/366/354 2458/2458/2321 1059/1059/1011
f 2460/2460/2323 2461/2461/2324 2459/2459/2322
f 2461/2461/2324 2460/2460/2323 2462/2462/2325
f 2459/2459/2322 2463/2463/2326 1055/1055/1007
f 2463/2463/2326 2459/2459/2322 2461/2461/2324
f 2461/2461/2324 2464/2464/2327 2463/2463/2326
f 2464/2464/2327 2461/2461/2324 2465/2465/2328
f 1051/1051/1003 2464/2464/2327 2466/2466/2329
f 2464/2464/2327 1051/1051/1003 2463/2463/2326
f 1051/1051/1003 1055/1055/1007 2463/2463/2326
f 1055/1055/1007 1051/1051/1003 1050/1050/1002
f 2464/2464/2327 2467/2467/2330 2466/2466/2329
f 2467/2467/2330 2464/2464/2327 2468/2468/2331
f 1045/1045/997 2467/2467/2330 2469/2469/2332
f 2467/2467/2330 1045/1045/997 2466/2466/2329
f 2466/2466/2329 1045/1045/997 1046/1046/998
f 1046/1046/998 1051/1051/1003 2466/2466/2329
f 2470/2470/2333 2467/2467/2330 603/603/577
f 2467/2467/2330 2470/2470/2333 2469/2469/2332
f 2470/2470/2333 2471/2471/2334 2469/2469/2332
f 2471/2471/2334 1040/1040/992 2469/2469/2332
f 2469/2469/2332 1040/1040/992 1041/1041/993
f 1041/1041/993 1045/1045/997 2469/2469/2332
f 2472/2472/2335 2470/2470/2333 2473/2473/2336
f 2470/2470/2333 2472/2472/2335 2471/2471/2334
f 2471/2471/2334 2472/2472/2335 2474/2474/2337
f 2474/2474/2337 1035/1035/987 2471/2471/2334
f 1036/1036/988 2471/2471/2334 1035/1035/987
f 2471/2471/2334 1036/1036/988 1040/1040/992
f 2475/2475/2338 2472/2472/2335 2476/2476/2339
f 2472/2472/2335 2475/2475/2338 2474/2474/2337
f 2474/2474/2337 2475/2475/2338 2477/2477/2340
f 2474/2474/2337 2477/2477/2340 1032/1032/984
f 1032/1032/984 1035/1035/987 2474/2474/2337
f 1035/1035/987 1032/1032/984 1031/1031/983
f 78/78/78 2475/2475/2338 77/77/77
f 2475/2475/2338 78/78/78 2477/2477/2340
f 2477/2477/2340 78/78/78 2478/2478/2341
f 2477/2477/2340 2478/2478/2341 1026/1026/980
f 2477/2477/2340 1025/1025/979 1032/1032/984
f 1025/1025/979 2477/2477/2340 1026/1026/980
f 353/353/344 78/78/78 72/72/72
f 78/78/78 353/353/344 2478/2478/2341
f 353/353/344 2479/2479/975 2478/2478/2341
f 2479/2479/975 353/353/344 352/352/343
f 1026/1026/980 2479/2479/975 1028/1028/976
f 2479/2479/975 1026/1026/980 2478/2478/2341
f 77/77/77 2476/2476/2339 75/75/75
f 2476/2476/2339 77/77/77 2475/2475/2338
f 75/75/75 2480/2480/2342 2481/2481/2343
f 2480/2480/2342 75/75/75 2476/2476/2339
f 2476/2476/2339 2473/2473/2336 2480/2480/2342
f 2473/2473/2336 2476/2476/2339 2472/2472/2335
f 2482/2482/2344 2481/2481/2343 2483/2483/2345
f 2483/2483/2345 2481/2481/2343 2484/2484/2346
f 76/76/76 2481/2481/2343 2482/2482/2344
f 2481/2481/2343 76/76/76 75/75/75
f 2481/2481/2343 604/604/578 2484/2484/2346
f 604/604/578 2481/2481/2343 2480/2480/2342
f 413/413/401 2483/2483/2345 411/411/399
f 2483/2483/2345 413/413/401 2482/2482/2344
f 2482/2482/2344 2485/2485/2347 76/76/76
f 2485/2485/2347 2482/2482/2344 413/413/401
f 413/413/401 2486/2486/2348 2485/2485/2347
f 2486/2486/2348 413/413/401 410/410/398
f 2485/2485/2347 2487/2487/2349 2488/2488/2350
f 2487/2487/2349 2485/2485/2347 2486/2486/2348
f 76/76/76 2488/2488/2350 73/73/73
f 2488/2488/2350 76/76/76 2485/2485/2347
f 2488/2488/2350 2489/2489/2351 2490/2490/2352
f 2489/2489/2351 2488/2488/2350 2487/2487/2349
f 73/73/73 2488/2488/2350 71/71/71
f 71/71/71 2488/2488/2350 2490/2490/2352
f 2491/2491/2352 2492/2492/2353 2493/2493/2354
f 2494/2494/71 2491/2491/2352 2495/2495/2355
f 2493/2493/2354 2495/2495/2355 2491/2491/2352
f 2495/2495/2355 2493/2493/2354 2496/2496/2356
f 2496/2496/2356 2497/2497/2357 2495/2495/2355
f 2497/2497/2357 2498/2498/2358 2495/2495/2355
f 2498/2498/2358 2497/2497/2357 2499/2499/966
f 2500/2500/74 2495/2495/2355 2498/2498/2358
f 2495/2495/2355 2500/2500/74 2494/2494/71
f 1017/1017/971 1012/1012/966 1011/1011/965
f 1012/1012/966 1017/1017/971 2501/2501/2358
f 2502/2502/343 2503/2503/74 2501/2501/2358
f 2502/2502/343 2501/2501/2358 1017/1017/971
f 2497/2497/2357 2496/2496/2356 205/205/201
f 205/205/201 1004/1004/961 2497/2497/2357
f 1004/1004/961 2499/2499/966 2497/2497/2357
f 2499/2499/966 1004/1004/961 1005/1005/962
f 2493/2493/2354 2492/2492/2353 2496/2496/2356
f 2492/2492/2353 2504/2504/2359 2496/2496/2356
f 2504/2504/2359 205/205/201 2496/2496/2356
f 205/205/201 2504/2504/2359 201/201/197
f 2504/2504/2359 2505/2505/2360 2506/2506/2361
f 2505/2505/2360 2504/2504/2359 2492/2492/2353
f 201/201/197 2506/2506/2361 4/4/4
f 2506/2506/2361 201/201/197 2504/2504/2359
f 2507/2507/2362 2505/2505/2360 2508/2508/2363
f 2505/2505/2360 2507/2507/2362 2506/2506/2361
f 4/4/4 2507/2507/2362 2/2/2
f 2507/2507/2362 4/4/4 2506/2506/2361
f 2509/2509/2364 2508/2508/2363 2510/2510/2365
f 2508/2508/2363 2509/2509/2364 2507/2507/2362
f 2509/2509/2364 11/11/11 2507/2507/2362
f 11/11/11 2/2/2 2507/2507/2362
f 2511/2511/2366 2510/2510/2365 2512/2512/2367
f 2510/2510/2365 2511/2511/2366 2509/2509/2364
f 2511/2511/2366 555/555/531 2509/2509/2364
f 555/555/531 11/11/11 2509/2509/2364
f 2513/2513/118 2512/2512/2367 2514/2514/120
f 2512/2512/2367 2513/2513/118 2511/2511/2366
f 555/555/531 2513/2513/118 553/553/529
f 2513/2513/118 555/555/531 2511/2511/2366
f 2515/2515/2368 2516/2516/2369 2517/2517/123
f 2515/2515/2368 207/207/203 2516/2516/2369
f 207/207/203 2515/2515/2368 290/290/283
f 2516/2516/2369 206/206/202 2518/2518/2370
f 206/206/202 2516/2516/2369 207/207/203
f 2517/2517/123 2518/2518/2370 2519/2519/2371
f 2518/2518/2370 2517/2517/123 2516/2516/2369
f 2520/2520/2372 2519/2519/2371 2521/2521/2373
f 2521/2521/2373 2519/2519/2371 2518/2518/2370
f 2522/2522/2372 2523/2523/2374 2524/2524/2371
f 2523/2523/2374 2522/2522/2372 2525/2525/2375
f 2524/2524/2371 121/121/121 123/123/123
f 121/121/121 2524/2524/2371 2523/2523/2374
f 2525/2525/2375 2526/2526/2376 2523/2523/2374
f 2526/2526/2376 2525/2525/2375 2527/2527/2377
f 2526/2526/2376 121/121/121 2523/2523/2374
f 121/121/121 2526/2526/2376 122/122/122
f 2527/2527/2377 169/169/165 2526/2526/2376
f 169/169/165 2527/2527/2377 167/167/163
f 169/169/165 2528/2528/2378 2526/2526/2376
f 2526/2526/2376 2528/2528/2378 122/122/122
f 2529/2529/2379 2527/2527/2377 2530/2530/2380
f 2525/2525/2375 2530/2530/2380 2527/2527/2377
f 2529/2529/2379 167/167/163 2527/2527/2377
f 167/167/163 2529/2529/2379 327/327/318
f 2531/2531/2381 2529/2529/2379 2532/2532/2382
f 2530/2530/2380 2532/2532/2382 2529/2529/2379
f 2531/2531/2381 327/327/318 2529/2529/2379
f 327/327/318 2531/2531/2381 326/326/317
f 2532/2532/2382 301/301/294 2531/2531/2381
f 301/301/294 294/294/287 2531/2531/2381
f 294/294/287 326/326/317 2531/2531/2381
f 326/326/317 294/294/287 293/293/286
f 2533/2533/2383 2534/2534/2384 2532/2532/2382
f 2534/2534/2384 301/301/294 2532/2532/2382
f 2533/2533/2383 2530/2530/2380 2535/2535/2385
f 2530/2530/2380 2533/2533/2383 2532/2532/2382
f 2536/2536/2386 2535/2535/2385 2537/2537/2387
f 2535/2535/2385 2536/2536/2386 2533/2533/2383
f 2535/2535/2385 2525/2525/2375 2522/2522/2372
f 2525/2525/2375 2535/2535/2385 2530/2530/2380
f 2535/2535/2385 2522/2522/2372 2537/2537/2387
f 2536/2536/2386 2538/2538/2388 2539/2539/2389
f 2539/2539/2389 2533/2533/2383 2536/2536/2386
f 2533/2533/2383 2539/2539/2389 2534/2534/2384
f 2540/2540/2387 542/542/518 2541/2541/2386
f 542/542/518 2540/2540/2387 541/541/517
f 2542/2542/2390 2539/2539/2389 2543/2543/487
f 2538/2538/2388 2543/2543/487 2539/2539/2389
f 2542/2542/2390 2534/2534/2384 2539/2539/2389
f 2534/2534/2384 2542/2542/2390 2544/2544/2391
f 2542/2542/2390 2545/2545/307 2544/2544/2391
f 2545/2545/307 2542/2542/2390 2546/2546/306
f 2545/2545/307 296/296/289 2544/2544/2391
f 296/296/289 2545/2545/307 298/298/291
f 2544/2544/2391 301/301/294 2534/2534/2384
f 301/301/294 2544/2544/2391 296/296/289
f 2543/2543/487 2546/2546/306 2542/2542/2390
f 2546/2546/306 2543/2543/487 2547/2547/305
f 507/507/487 198/198/194 506/506/486
f 198/198/194 507/507/487 2548/2548/2388
f 2548/2548/2388 193/193/189 198/198/194
f 193/193/189 2548/2548/2388 542/542/518
f 2540/2540/2387 211/211/207 541/541/517
f 211/211/207 2540/2540/2387 2521/2521/2373
f 2518/2518/2370 211/211/207 2521/2521/2373
f 211/211/207 2518/2518/2370 206/206/202
f 2549/2549/2392 2492/2492/2353 2550/2550/2351
f 2492/2492/2353 2549/2549/2392 2505/2505/2360
f 2487/2487/2349 2551/2551/2392 2489/2489/2351
f 2551/2551/2392 2487/2487/2349 289/289/282
f 2486/2486/2348 289/289/282 2487/2487/2349
f 289/289/282 2486/2486/2348 2552/2552/2393
f 408/408/396 543/543/519 2552/2552/2393
f 543/543/519 408/408/396 581/581/557
f 2552/2552/2393 212/212/208 289/289/282
f 212/212/208 2552/2552/2393 543/543/519
f 2552/2552/2393 2486/2486/2348 410/410/398
f 410/410/398 408/408/396 2552/2552/2393
f 411/411/399 2553/2553/2394 412/412/400
f 2553/2553/2394 411/411/399 2483/2483/2345
f 2483/2483/2345 2554/2554/2395 2553/2553/2394
f 2554/2554/2395 2483/2483/2345 2484/2484/2346
f 2555/2555/2396 2553/2553/2394 2554/2554/2395
f 2553/2553/2394 2555/2555/2396 2556/2556/2397
f 2484/2484/2346 601/601/575 2554/2554/2395
f 601/601/575 2484/2484/2346 604/604/578
f 2555/2555/2396 601/601/575 599/599/573
f 601/601/575 2555/2555/2396 2554/2554/2395
f 151/151/147 582/582/558 2556/2556/2397
f 582/582/558 151/151/147 150/150/146
f 2556/2556/2397 412/412/400 2553/2553/2394
f 412/412/400 2556/2556/2397 582/582/558
f 151/151/147 2555/2555/2396 2557/2557/2398
f 2555/2555/2396 151/151/147 2556/2556/2397
f 2558/2558/2399 2557/2557/2398 599/599/573
f 599/599/573 2557/2557/2398 2555/2555/2396
f 2559/2559/2400 2558/2558/2399 2465/2465/2328
f 2558/2558/2399 2559/2559/2400 2557/2557/2398
f 2557/2557/2398 2559/2559/2400 148/148/144
f 148/148/144 151/151/147 2557/2557/2398
f 2462/2462/2325 2465/2465/2328 2461/2461/2324
f 2465/2465/2328 2462/2462/2325 2559/2559/2400
f 2462/2462/2325 148/148/144 2559/2559/2400
f 148/148/144 2462/2462/2325 147/147/143
f 2468/2468/2331 2558/2558/2399 598/598/572
f 598/598/572 2558/2558/2399 599/599/573
f 2465/2465/2328 2468/2468/2331 2464/2464/2327
f 2468/2468/2331 2465/2465/2328 2558/2558/2399
f 604/604/578 2480/2480/2342 602/602/576
f 602/602/576 2480/2480/2342 2473/2473/2336
f 2473/2473/2336 603/603/577 602/602/576
f 2473/2473/2336 2470/2470/2333 603/603/577
f 2468/2468/2331 603/603/577 2467/2467/2330
f 603/603/577 2468/2468/2331 598/598/572
f 2460/2460/2323 2560/2560/2401 2462/2462/2325
f 2560/2560/2401 147/147/143 2462/2462/2325
f 2561/2561/2402 2460/2460/2323 2458/2458/2321
f 2460/2460/2323 2561/2561/2402 2560/2560/2401
f 2561/2561/2402 2562/2562/2403 2560/2560/2401
f 2562/2562/2403 2561/2561/2402 2563/2563/2404
f 2560/2560/2401 2562/2562/2403 145/145/141
f 2560/2560/2401 145/145/141 147/147/143
f 2563/2563/2404 2564/2564/2405 2562/2562/2403
f 2564/2564/2405 2563/2563/2404 2565/2565/2406
f 2562/2562/2403 2564/2564/2405 149/149/145
f 149/149/145 145/145/141 2562/2562/2403
f 2565/2565/2406 584/584/560 2564/2564/2405
f 584/584/560 2565/2565/2406 2566/2566/2407
f 584/584/560 149/149/145 2564/2564/2405
f 149/149/145 584/584/560 583/583/559
f 2565/2565/2406 2567/2567/2408 2566/2566/2407
f 2567/2567/2408 505/505/485 2566/2566/2407
f 199/199/195 505/505/485 197/197/193
f 505/505/485 199/199/195 2566/2566/2407
f 584/584/560 2566/2566/2407 580/580/556
f 199/199/195 580/580/556 2566/2566/2407
f 2567/2567/2408 2563/2563/2404 2568/2568/2409
f 2563/2563/2404 2567/2567/2408 2565/2565/2406
f 370/370/358 2568/2568/2409 2561/2561/2402
f 2561/2561/2402 2568/2568/2409 2563/2563/2404
f 370/370/358 369/369/357 2568/2568/2409
f 369/369/357 499/499/481 2568/2568/2409
f 499/499/481 2567/2567/2408 2568/2568/2409
f 2567/2567/2408 499/499/481 501/501/483
f 370/370/358 2458/2458/2321 366/366/354
f 2458/2458/2321 370/370/358 2561/2561/2402
f 276/276/269 1056/1056/1008 277/277/270
f 277/277/270 1056/1056/1008 1052/1052/1004
f 1048/1048/1000 277/277/270 1047/1047/999
f 277/277/270 1048/1048/1000 275/275/268
f 1029/1029/978 63/63/63 65/65/65
f 1021/1021/975 2502/2502/343 1017/1017/971
f 1021/1021/975 1017/1017/971 1016/1016/970
f 550/550/526 1006/1006/963 548/548/524
f 1006/1006/963 550/550/526 1013/1013/967
f 1000/1000/957 205/205/201 202/202/198
f 205/205/201 1000/1000/957 1004/1004/961
f 548/548/524 1008/1008/958 549/549/525
f 1341/1341/959 549/549/525 1008/1008/958
f 944/944/907 372/372/360 943/943/906
f 372/372/360 944/944/907 373/373/361
f 917/917/880 920/920/883 916/916/879
f 920/920/883 917/917/880 923/923/886
f 898/898/861 516/516/494 897/897/860
f 516/516/494 898/898/861 517/517/495
f 622/622/596 887/887/850 623/623/597
f 623/623/597 887/887/850 884/884/847
f 865/865/828 215/215/211 867/867/830
f 215/215/211 865/865/828 213/213/209
f 864/864/827 213/213/209 865/865/828
f 213/213/209 864/864/827 217/217/213
f 864/864/827 859/859/822 2569/2569/2410
f 864/864/827 2569/2569/2410 217/217/213
f 859/859/822 854/854/817 2569/2569/2410
f 854/854/817 859/859/822 853/853/816
f 2569/2569/2410 854/854/817 331/331/322
f 2569/2569/2410 331/331/322 330/330/321
f 217/217/213 330/330/321 218/218/214
f 330/330/321 217/217/213 2569/2569/2410
f 854/854/817 848/848/811 849/849/812
f 854/854/817 849/849/812 331/331/322
f 849/849/812 843/843/806 2570/2570/2411
f 843/843/806 849/849/812 844/844/807
f 331/331/322 2570/2570/2411 329/329/320
f 2570/2570/2411 331/331/322 849/849/812
f 735/735/702 2570/2570/2411 843/843/806
f 2570/2570/2411 735/735/702 734/734/701
f 329/329/320 734/734/701 333/333/324
f 734/734/701 329/329/320 2570/2570/2411
f 839/839/802 735/735/702 843/843/806
f 735/735/702 839/839/802 737/737/704
f 819/819/782 758/758/725 754/754/721
f 819/819/782 754/754/721 755/755/722
f 815/815/778 761/761/728 757/757/724
f 815/815/778 757/757/724 758/758/725
f 811/811/774 764/764/731 760/760/727
f 760/760/727 761/761/728 811/811/774
f 763/763/730 807/807/770 766/766/733
f 807/807/770 763/763/730 764/764/731
f 344/344/335 802/802/765 805/805/768
f 802/802/765 344/344/335 340/340/331
f 803/803/766 767/767/734 766/766/733
f 767/767/734 803/803/766 769/769/736
f 800/800/763 770/770/737 769/769/736
f 770/770/737 800/800/763 772/772/739
f 20/20/20 793/793/756 797/797/760
f 793/793/756 20/20/20 794/794/757
f 777/777/744 780/780/747 776/776/743
f 780/780/747 777/777/744 795/795/758
f 755/755/722 749/749/716 748/748/715
f 749/749/716 755/755/722 751/751/718
f 723/723/690 649/649/623 728/728/695
f 649/649/623 647/647/621 728/728/695
f 719/719/686 648/648/622 649/649/623
f 648/648/622 719/719/686 652/652/626
f 652/652/626 715/715/682 651/651/625
f 715/715/682 652/652/626 714/714/681
f 2571/2571/677 715/715/682 709/709/676
f 715/715/682 2571/2571/677 2572/2572/2412
f 651/651/625 2572/2572/2412 653/653/627
f 2572/2572/2412 651/651/625 715/715/682
f 2572/2572/2412 2573/2573/2413 2574/2574/2414
f 2572/2572/2412 2571/2571/677 2573/2573/2413
f 2572/2572/2412 656/656/630 653/653/627
f 656/656/630 2572/2572/2412 2574/2574/2414
f 2574/2574/2414 2575/2575/2415 2576/2576/2416
f 2575/2575/2415 2574/2574/2414 2573/2573/2413
f 656/656/630 2574/2574/2414 2577/2577/2417
f 2577/2577/2417 2574/2574/2414 2576/2576/2416
f 2578/2578/2418 2576/2576/2416 2579/2579/2419
f 2576/2576/2416 2578/2578/2418 2577/2577/2417
f 658/658/632 2578/2578/2418 2580/2580/2420
f 2578/2578/2418 658/658/632 2577/2577/2417
f 658/658/632 656/656/630 2577/2577/2417
f 656/656/630 658/658/632 655/655/629
f 669/669/642 2578/2578/2418 673/673/644
f 2578/2578/2418 669/669/642 2580/2580/2420
f 669/669/642 663/663/637 2580/2580/2420
f 663/663/637 669/669/642 666/666/640
f 663/663/637 659/659/633 2580/2580/2420
f 659/659/633 658/658/632 2580/2580/2420
f 673/673/644 2579/2579/2419 2581/2581/2421
f 2579/2579/2419 673/673/644 2578/2578/2418
f 2581/2581/2421 2582/2582/2422 2583/2583/2423
f 2582/2582/2422 2581/2581/2421 2579/2579/2419
f 2584/2584/647 2583/2583/2423 2585/2585/652
f 2583/2583/2423 2584/2584/647 2581/2581/2421
f 2581/2581/2421 2584/2584/647 674/674/645
f 674/674/645 673/673/644 2581/2581/2421
f 2586/2586/2423 2587/2587/2422 2588/2588/2424
f 2586/2586/2423 2588/2588/2424 2589/2589/2425
f 683/683/652 2589/2589/2425 684/684/653
f 2589/2589/2425 683/683/652 2586/2586/2423
f 2588/2588/2424 474/474/459 2589/2589/2425
f 474/474/459 2588/2588/2424 473/473/458
f 474/474/459 684/684/653 2589/2589/2425
f 684/684/653 474/474/459 475/475/460
f 2588/2588/2424 2590/2590/2426 700/700/667
f 700/700/667 473/473/458 2588/2588/2424
f 2587/2587/2422 2590/2590/2426 2588/2588/2424
f 2590/2590/2426 2587/2587/2422 2591/2591/2415
f 2590/2590/2426 704/704/671 699/699/666
f 699/699/666 700/700/667 2590/2590/2426
f 2591/2591/2415 704/704/671 2590/2590/2426
f 704/704/671 2591/2591/2415 2592/2592/2413
f 2579/2579/2419 2575/2575/2415 2582/2582/2422
f 2575/2575/2415 2579/2579/2419 2576/2576/2416
f 710/710/677 704/704/671 2592/2592/2413
f 704/704/671 710/710/677 705/705/672
f 695/695/662 473/473/458 700/700/667
f 473/473/458 695/695/662 472/472/457
f 640/640/614 635/635/609 633/633/607
f 640/640/614 633/633/607 632/632/606
f 631/631/605 89/89/89 86/86/86
f 631/631/605 86/86/86 537/537/513
f 122/122/122 2528/2528/2378 2593/2593/2427
f 122/122/122 2593/2593/2427 117/117/117
f 595/595/570 2594/2594/529 2593/2593/2427
f 2594/2594/529 595/595/570 2595/2595/530
f 117/117/117 2593/2593/2427 2594/2594/529
f 2594/2594/529 118/118/118 117/117/117
f 583/583/559 582/582/558 150/150/146
f 583/583/559 150/150/146 149/149/145
f 199/199/195 581/581/557 580/580/556
f 581/581/557 199/199/195 196/196/192
f 543/543/519 196/196/192 194/194/190
f 196/196/192 543/543/519 581/581/557
f 485/485/470 576/576/552 483/483/468
f 576/576/552 485/485/470 579/579/555
f 485/485/470 320/320/311 579/579/555
f 320/320/311 38/38/38 579/579/555
f 38/38/38 578/578/554 579/579/555
f 578/578/554 38/38/38 40/40/40
f 525/525/503 40/40/40 43/43/43
f 40/40/40 525/525/503 578/578/554
f 174/174/170 476/476/461 2418/2418/2290
f 476/476/461 174/174/170 175/175/171
f 552/552/528 10/10/10 9/9/9
f 10/10/10 552/552/528 554/554/530
f 227/227/222 224/224/219 549/549/525
f 224/224/219 544/544/520 549/549/525
f 546/546/522 161/161/157 166/166/162
f 161/161/157 546/546/522 545/545/521
f 225/225/220 547/547/523 224/224/219
f 544/544/520 224/224/219 547/547/523
f 506/506/486 197/197/193 505/505/485
f 197/197/193 506/506/486 198/198/194
f 369/369/357 368/368/356 502/502/484
f 369/369/357 502/502/484 499/499/481
f 468/468/453 467/467/452 36/36/36
f 468/468/453 36/36/36 33/33/33
f 391/391/379 62/62/62 405/405/393
f 391/391/379 405/405/393 392/392/380
f 2331/2331/2211 397/397/385 399/399/387
f 397/397/385 2331/2331/2211 400/400/388
f 1292/1292/1229 400/400/388 2338/2338/2218
f 2331/2331/2211 2338/2338/2218 400/400/388
f 293/293/286 322/322/313 326/326/317
f 322/322/313 293/293/286 288/288/281
f 327/327/318 328/328/319 170/170/166
f 327/327/318 170/170/166 167/167/163
f 322/322/313 288/288/281 325/325/316
f 288/288/281 284/284/277 325/325/316
f 317/317/308 89/89/89 318/318/309
f 89/89/89 317/317/308 87/87/87
f 25/25/25 306/306/297 311/311/302
f 306/306/297 25/25/25 24/24/24
f 300/300/293 286/286/279 287/287/280
f 287/287/280 295/295/288 300/300/293
f 295/295/288 288/288/281 293/293/286
f 288/288/281 295/295/288 287/287/280
f 168/168/164 593/593/569 169/169/165
f 169/169/165 593/593/569 2528/2528/2378
f 593/593/569 595/595/570 2528/2528/2378
f 2528/2528/2378 595/595/570 2593/2593/2427
f 170/170/166 592/592/568 168/168/164
f 595/595/570 596/596/571 2595/2595/530
f 1338/1338/1266 1337/1337/1265 229/229/221
f 136/136/113 135/135/130 2596/2596/111
f 1314/1314/1249 126/126/126 125/125/125
f 240/240/233 235/235/228 239/239/232
f 1668/1668/1573 1670/1670/1575 1671/1671/1576
f 1024/1024/978 1023/1023/977 2298/2298/63
f 1029/1029/978 1027/1027/981 1028/1028/976
f 980/980/940 982/982/941 985/985/942
f 985/985/942 984/984/943 988/988/754
f 2316/2316/2201 2323/2323/2202 1268/1268/1207
f 2520/2520/2372 2521/2521/2373 2540/2540/2387
f 2244/2244/1088 424/424/412 1146/1146/1089
f 2541/2541/2386 542/542/518 2548/2548/2388
f 2299/2299/428 1879/1879/1779 1882/1882/430
f 2451/2451/290 2454/2454/2319 2456/2456/292
f 2491/2491/2352 2550/2550/2351 2492/2492/2353
f 2317/2317/2202 2321/2321/2205 2326/2326/1208
f 1613/1613/1523 1612/1612/1522 2299/2299/428
f 304/304/111 305/305/296 1644/1644/295
f 2418/2418/2290 2597/2597/532 2417/2417/536
f 2597/2597/532 2418/2418/2290 476/476/461
f 476/476/461 480/480/465 2597/2597/532
f 2597/2597/532 480/480/465 2598/2598/533
f 2402/2402/2282 2599/2599/1375 2600/2600/1374
f 2599/2599/1375 2402/2402/2282 2403/2403/2283
f 1465/1465/1375 1470/1470/1380 1466/1466/1376
f 480/480/465 2600/2600/1374 2598/2598/533
f 2600/2600/1374 480/480/465 2402/2402/2282
f 2599/2599/1375 2403/2403/2283 2412/2412/1380
f 10/10/10 554/554/530 2601/2601/571
f 2514/2514/120 2602/2602/2368 2603/2603/123
f 2602/2602/2368 2514/2514/120 2512/2512/2367
f 2604/2604/283 2602/2602/2368 2512/2512/2367
f 2512/2512/2367 2510/2510/2365 2604/2604/283
f 2605/2605/284 2604/2604/283 2510/2510/2365
f 2510/2510/2365 2508/2508/2363 2605/2605/284
f 2505/2505/2360 2605/2605/284 2508/2508/2363
f 2605/2605/284 2505/2505/2360 2549/2549/2392
f 289/289/282 291/291/284 2551/2551/2392
f 291/291/284 289/289/282 209/209/205
f 505/505/485 2567/2567/2408 501/501/483
f 1037/1037/989 1038/1038/990 1034/1034/986
# Vertices: 2605, normals: 2427, texture coordinates: 2605, faces: 4850

